"ACTIONID","TYPE","VISIBLENAME","DESC","AREA","WAITTIME","SOUNDID","ATTACKCOUNT","SORTNO","SPELLTIME","DCSCSV","SELECTTYPE","IFF","DEFAULTTARGETTEAM","SWITCHTEAM","SELFTARGET","TARGETING"
"A9006","attack","こぶし","素手による通常攻撃","32","66","SD1021","1","0","0","","ONE","TRUE","ENEMY","TRUE","TRUE","TRUE"
"A9007","attack","チョップ","素手による通常攻撃、低威力","32","66","SD1022","1","0","0","","ONE","TRUE","ENEMY","TRUE","TRUE","TRUE"
"A9008","attack","切りつけ","剣による通常攻撃","32","66","SD1019","1","0","0","","ONE","TRUE","ENEMY","TRUE","TRUE","TRUE"
"A9009","attack","串刺し","剣による通常攻撃","32","66","SD1019","1","0","0","","ONE","TRUE","ENEMY","TRUE","TRUE","TRUE"
"A9010","attack","切りつけ","短剣による通常攻撃","32","66","SD1019","1","0","0","","ONE","TRUE","ENEMY","TRUE","TRUE","TRUE"
"A9011","attack","串刺し","短剣による通常攻撃","32","66","SD1019","1","0","0","","ONE","TRUE","ENEMY","TRUE","TRUE","TRUE"
"A9012","attack","切りつけ","大剣による通常攻撃","32","66","SD1019","1","0","0","","ONE","TRUE","ENEMY","TRUE","TRUE","TRUE"
"A9013","attack","ぶん回し","大剣による通常攻撃、複数対象","32","66","SD1021","1","0","0","","ONE","TRUE","ENEMY","TRUE","TRUE","TRUE"
"A9014","attack","振り下ろし","大剣による通常攻撃、高威力、低命中","32","66","SD1022","1","0","0","","ONE","TRUE","ENEMY","TRUE","TRUE","TRUE"
"A9015","attack","刺突","突剣による通常攻撃","32","66","SD1019","1","0","0","","ONE","TRUE","ENEMY","TRUE","TRUE","TRUE"
"A9016","attack","鎧通","突剣による通常攻撃、防御力無視","32","66","SD1019","1","0","0","","ONE","TRUE","ENEMY","TRUE","TRUE","TRUE"
"A9017","attack","袈裟切","刀による通常攻撃","32","66","SD1019","1","0","0","","ONE","TRUE","ENEMY","TRUE","TRUE","TRUE"
"A9018","attack","撫切","刀による通常攻撃、高命中、低威力","32","66","SD1019","1","0","0","","ONE","TRUE","ENEMY","TRUE","TRUE","TRUE"
"A9019","attack","刺し込み","刀による通常攻撃","32","66","SD1019","1","0","0","","ONE","TRUE","ENEMY","TRUE","TRUE","TRUE"
"A9020","attack","殴打","メイスによる通常攻撃","32","66","SD1021","1","0","0","","ONE","TRUE","ENEMY","TRUE","TRUE","TRUE"
"A9021","attack","頭部強打","低命中、まれに気絶","32","66","SD1022","1","0","0","","ONE","TRUE","ENEMY","TRUE","TRUE","TRUE"
"A9022","attack","殴打","大盾による通常攻撃","32","66","SD1021","1","0","0","","ONE","TRUE","ENEMY","TRUE","TRUE","TRUE"
"A9023","attack","頭部強打","大盾による通常攻撃","32","66","SD1022","1","0","0","","ONE","TRUE","ENEMY","TRUE","TRUE","TRUE"
"A9024","attack","弓射撃","弓による通常攻撃","512","66","SD1022","1","0","0","","ONE","TRUE","ENEMY","TRUE","TRUE","TRUE"
"A9025","attack","毒弓射撃","弓による通常攻撃、まれに毒","32","66","SD1022","1","0","0","","ONE","TRUE","ENEMY","TRUE","TRUE","TRUE"
"A9026","attack","矢刺","弓による通常攻撃","32","66","SD1019","1","0","0","","ONE","TRUE","ENEMY","TRUE","TRUE","TRUE"
"A9027","attack","弩射撃","弩による通常攻撃","416","66","SD1022","1","0","0","","ONE","TRUE","ENEMY","TRUE","TRUE","TRUE"
"A9028","attack","矢刺","弩による通常攻撃","32","66","SD1019","1","0","0","","ONE","TRUE","ENEMY","TRUE","TRUE","TRUE"
"A9029","attack","銃射撃","銃による通常攻撃","360","66","SD1022","1","0","0","","ONE","TRUE","ENEMY","TRUE","TRUE","TRUE"
"A9030","attack","銃剣攻撃","銃による通常攻撃","32","66","SD1019","1","0","0","","ONE","TRUE","ENEMY","TRUE","TRUE","TRUE"
"A9031","attack","銃床攻撃","銃による通常攻撃","32","66","SD1021","1","0","0","","ONE","TRUE","ENEMY","TRUE","TRUE","TRUE"
"A9032","attack","むち打ち","鞭による通常攻撃","32","66","SD1021","1","0","0","","ONE","TRUE","ENEMY","TRUE","TRUE","TRUE"
"A9033","attack","振り回し","対象全員に攻撃","32","66","SD1022","1","0","0","","IN_AREA","TRUE","ENEMY","TRUE","TRUE","TRUE"
"A9034","attack","殴打","杖による通常攻撃","32","66","SD1021","1","0","0","","ONE","TRUE","ENEMY","TRUE","TRUE","TRUE"
"A9035","attack","首狩り","鎌による攻撃。低確率で即死","32","66","SD1034","1","0","0","","ONE","TRUE","ENEMY","TRUE","TRUE","TRUE"
"A9036","attack","刈り込み","鎌による攻撃","32","66","SD1034","1","0","0","","ONE","TRUE","ENEMY","TRUE","TRUE","TRUE"
"A9037","attack","簡易手当","近距離にいる対象一人の体力を少量回復する","32","66","SD1013","1","0","0","","ONE","FALSE","PARTY","TRUE","TRUE","TRUE"
"A9038","attack","魔法弾","魔術師の杖から発するエネルギー弾で遠くの敵に攻撃","400","66","SD1040","1","0","0","","ONE","TRUE","ENEMY","TRUE","TRUE","TRUE"
"A9039","attack","蘇生","近距離にいる対象一体の死亡を小確率で回復する","32","66","SD1013","1","0","0","","ONE","FALSE","PARTY","TRUE","TRUE","TRUE"
"A9040","attack","紅丸切","刀による攻撃。低威力、複数対象","32","66","SD1019","1","0","0","","IN_AREA","TRUE","ENEMY","TRUE","TRUE","TRUE"
"A9041","attack","魔剣飛翔","魔法剣により遠くの対象を攻撃","400","66","SD1019","1","0","0","","ONE","TRUE","ENEMY","TRUE","TRUE","TRUE"
"A9042","attack","フォースラッシュ","魔法剣により4回攻撃","48","66","SD1019","4","0","0","","ONE","TRUE","ENEMY","TRUE","TRUE","TRUE"
"A9043","attack","切結","低威力、2回攻撃","32","66","SD1019","2","0","0","","ONE","TRUE","ENEMY","TRUE","TRUE","TRUE"
"A9044","attack","魔人切","低命中、高威力","32","66","SD1019","1","0","0","","ONE","TRUE","ENEMY","TRUE","TRUE","TRUE"
"A9045","attack","振り回し","近距離にいる対象全員に攻撃","32","66","SD1021","1","0","0","","IN_AREA","TRUE","ENEMY","TRUE","TRUE","TRUE"
"A9046","attack","秘孔付","低命中、高威力","32","66","SD1021","1","0","0","","ONE","TRUE","ENEMY","TRUE","TRUE","TRUE"
"A9047","attack","刺突","槍による通常攻撃","32","66","SD1019","1","0","0","","ONE","TRUE","ENEMY","TRUE","TRUE","TRUE"
"A9048","attack","振り下ろし","槍による通常攻撃、高威力、低命中","32","66","SD1034","1","0","0","","ONE","TRUE","ENEMY","TRUE","TRUE","TRUE"
"A9049","attack","大立回","対象全員に攻撃","32","66","SD1019","1","0","0","","IN_AREA","TRUE","ENEMY","TRUE","TRUE","TRUE"
"A9050","attack","殴打","フレイルによる通常攻撃","32","66","SD1021","1","0","0","","ONE","TRUE","ENEMY","TRUE","TRUE","TRUE"
"A9051","attack","流槍三連撃","槍による攻撃","32","66","SD1019","1","0","0","","ONE","TRUE","ENEMY","TRUE","TRUE","TRUE"
"A9052","attack","ちょんぎり","単体に斬撃ダメージ。まれに即死。","24","66","SD1019","1","0","0","","ONE","TRUE","ENEMY","TRUE","TRUE","TRUE"
"A9053","attack","魔剣の一撃","魔法剣による攻撃","48","66","SD1019","1","0","0","","ONE","TRUE","ENEMY","TRUE","TRUE","TRUE"
"A9000","other","逃走","","0","0","","0","6","0","","",,"",,,
"A9001","other","状態","","0","0","","0","5","0","","",,"",,,
"A9002","other","防御","","0","0","","0","3","0","","",,"",,,
"A9003","other","回避","","0","0","","0","4","0","","",,"",,,
"A9004","other","確定","","0","0","","0","2","0","","",,"",,,
"A9005","other","移動","","0","0","","0","1","0","","",,"",,,
"A0001","magic","体力回復","１人の体力を小回復する。/また、切断状態を回復する。","72","4500","SD1014","1","0","0","POW,M_ATK","ONE","FALSE","PARTY","TRUE","TRUE","TRUE"
"A0002","magic","効果範囲全体回復","効果範囲全体の体力を小回復する。/また、切断状態を回復する。","255","4500","SD1014","1","0","1","POW,M_ATK","IN_AREA","FALSE","PARTY","TRUE","TRUE","TRUE"
"A0003","magic","毒治療","１人の毒状態を回復する","72","4500","SD1014","1","0","0","POW,M_ATK","ONE","FALSE","PARTY","TRUE","TRUE","TRUE"
"A0004","magic","気絶治療","１人の気絶状態を回復する","72","4500","SD1014","1","0","0","POW,M_ATK","ONE","FALSE","PARTY","TRUE","TRUE","TRUE"
"A0005","magic","体力回復強","１人の体力を中回復する。/また、切断状態を回復する。","72","4500","SD1014","1","0","0","POW,M_ATK","ONE","FALSE","PARTY","TRUE","TRUE","TRUE"
"A0006","magic","効果範囲全体回復強","効果範囲全体の体力を中回復する。/また、切断状態を回復する。","300","4500","SD1014","1","0","1","POW,M_ATK","IN_AREA","FALSE","PARTY","TRUE","TRUE","TRUE"
"A0007","magic","単体リジェネ弱","１人にリジェネを付与する。","72","4500","SD1014","1","0","0","POW,M_ATK","ONE","FALSE","PARTY","TRUE","TRUE","TRUE"
"A0008","magic","効果範囲全体リジェネ弱","効果範囲全体にリジェネを付与する。","240","4500","SD1014","1","0","1","POW,M_ATK","IN_AREA","FALSE","PARTY","TRUE","TRUE","TRUE"
"A0009","magic","木化治療","１人の木化を回復する。","72","4500","SD1014","1","0","0","POW,M_ATK","ONE","FALSE","PARTY","TRUE","TRUE","TRUE"
"A0010","magic","狂気の治療","１人の混乱、狂乱、発狂を回復するが、術者の正気度と精神力が減る。","72","4500","SD1014","1","0","0","POW,M_ATK","ONE","FALSE","PARTY","TRUE","TRUE","TRUE"
"A0011","magic","混乱治療","１人の混乱を回復する。","72","4500","SD1014","1","0","0","POW,M_ATK","ONE","FALSE","PARTY","TRUE","TRUE","TRUE"
"A0012","magic","昏睡","１人を睡眠状態にする。","128","4500","SD1033","1","0","0","POW,M_ATK","ONE","FALSE","PARTY","TRUE","TRUE","TRUE"
"A0013","magic","狂乱の王子","効果範囲全体を混乱状態にする。","300","4500","SD1033","1","0","1","POW,M_ATK","IN_AREA","FALSE","ENEMY","TRUE","TRUE","TRUE"
"A0014","magic","精神破壊","効果範囲全体の精神力を低下させる。","300","4500","SD1033","1","0","0","POW,M_ATK","IN_AREA","FALSE","ENEMY","TRUE","TRUE","TRUE"
"A0015","magic","精神摩耗","１人の精神力を低下させる。","150","4500","SD1014","1","0","0","POW,M_ATK","ONE","FALSE","ENEMY","TRUE","TRUE","TRUE"
"A0016","magic","肉体からの解放","１人を低確率で消滅状態にする。","150","4500","SD1032","1","0","0","POW,M_ATK","ONE","FALSE","ENEMY","TRUE","TRUE","TRUE"
"A0017","magic","蘇生","１人の死亡を回復する。復活した仲間は正気度が減る。","72","4500","SD1014","1","0","0","POW,M_ATK","ONE","FALSE","PARTY","TRUE","TRUE","TRUE"
"A0018","magic","消滅治療","１人の消滅を回復する。復活した仲間は正気度が減る。","72","4500","SD1014","1","0","0","POW,M_ATK","ONE","FALSE","PARTY","TRUE","TRUE","TRUE"
"A0019","magic","単体リジェネ強","１人にリジェネを付与する。","72","4500","SD1014","1","0","0","POW,M_ATK","ONE","FALSE","PARTY","TRUE","TRUE","TRUE"
"A0020","magic","効果範囲全体リジェネ強","効果範囲全体にリジェネを付与する。","300","4500","SD1014","1","0","1","POW,M_ATK","IN_AREA","FALSE","PARTY","TRUE","TRUE","TRUE"
"A0021","magic","狂乱治療","１人の狂乱を回復する。","72","4500","SD1014","1","0","0","POW,M_ATK","ONE","FALSE","PARTY","TRUE","TRUE","TRUE"
"A0022","magic","発狂治療","１人の発狂を回復する。","72","4500","SD1014","1","0","0","POW,M_ATK","ONE","FALSE","PARTY","TRUE","TRUE","TRUE"
"A0023","magic","レギオ・フィルミナンテ","神秘の雷で敵を3回攻撃する。","470","4500","SD1041","3","0","2","POW,M_ATK","ONE","FALSE","ENEMY","TRUE","TRUE","TRUE"
"A0024","magic","神の裁き","神秘の雷で１人に強力な攻撃を行う。まれに消滅させる。","470","4500","SD1037","1","0","3","POW,M_ATK","ONE","FALSE","ENEMY","TRUE","TRUE","TRUE"
"A0025","magic","完全回復","１人を完全に回復するが、正気度に少量ダメージ。","128","4500","SD1014","1","0","1","POW,M_ATK","ONE","FALSE","PARTY","TRUE","TRUE","TRUE"
"A0026","magic","錬金物質生成","１人に錬金属性ダメージ。まれに黄金化状態にする。","98","4500","SD1035","1","0","0","POW,M_ATK","ONE","FALSE","ENEMY","TRUE","TRUE","TRUE"
"A0027","magic","錬金反応炉","黄金化している１人を確実に即死させる。/黄金化していないには何もおこならない。","72","4500","SD1035","1","0","1","POW,M_ATK","ONE","FALSE","ENEMY","TRUE","TRUE","TRUE"
"A0028","magic","黄金化治療","１人の黄金化を回復する。","72","4500","SD1014","1","0","0","POW,M_ATK","ONE","FALSE","PARTY","TRUE","TRUE","TRUE"
"A0029","magic","軟化","１人の防御力を低下する。","150","4500","SD1035","1","0","0","POW,M_ATK","ONE","FALSE","PARTY","TRUE","TRUE","TRUE"
"A0030","magic","硬化","１人の防御力を上昇する。","150","4500","SD1035","1","0","0","POW,M_ATK","ONE","FALSE","PARTY","TRUE","TRUE","TRUE"
"A0031","magic","状態異常回復１","１人の毒、睡眠、気絶を治療する。","72","4500","SD1014","1","0","0","POW,M_ATK","ONE","FALSE","PARTY","TRUE","TRUE","TRUE"
"A0032","magic","黄金への誘い","１人を低確率で黄金化する。","72","4500","SD1035","1","0","0","POW,M_ATK","ONE","FALSE","PARTY","TRUE","TRUE","TRUE"
"A0033","magic","状態異常回復２","１人の黄金化、炎上、麻痺、凍結を治療する。","72","4500","SD1014","1","0","0","POW,M_ATK","ONE","FALSE","PARTY","TRUE","TRUE","TRUE"
"A0034","magic","筋力増強","１人の筋力を上昇する。","72","4500","SD1033","1","0","0","POW,M_ATK","ONE","FALSE","PARTY","TRUE","TRUE","TRUE"
"A0035","magic","精神力増強","１人の精神力を上昇する。","72","4500","SD1033","1","0","0","POW,M_ATK","ONE","FALSE","PARTY","TRUE","TRUE","TRUE"
"A0036","magic","錬金浸食","効果範囲全体の防御力と魔法防御力を下げる。","180","4500","SD1035","1","0","0","POW,M_ATK","IN_AREA","FALSE","ENEMY","TRUE","TRUE","TRUE"
"A0037","magic","破壊光線（中）","効果範囲全体にダメージを与え、低確率で消滅状態にする。","400","4500","SD1012","1","0","2","POW,M_ATK","IN_AREA","TRUE","ENEMY","TRUE","TRUE","TRUE"
"A0038","magic","正気度回復","術者の魔力と精神力を消費して、対象の正気度を回復する。","78","4500","SD1014","1","0","0","POW,M_ATK","ONE","FALSE","PARTY","TRUE","TRUE","TRUE"
"A0039","magic","正気度損失","術者の魔力と精神力を消費して、対象の正気度にダメージ。","78","4500","SD1032","1","0","0","POW,M_ATK","ONE","FALSE","ENEMY","TRUE","TRUE","TRUE"
"A0040","magic","正気度増強","術者の魔力と精神力を消費して、対象の正気度を増強する。","78","4500","SD1014","1","0","0","POW,M_ATK","ONE","FALSE","PARTY","TRUE","TRUE","TRUE"
"A0041","magic","魔力回復","術者の魔力と精神力を消費して、対象の魔力を回復する。","78","4500","SD1014","1","0","0","POW,M_ATK","ONE","FALSE","PARTY","TRUE","TRUE","TRUE"
"A0042","magic","魔力増強","術者の魔力と精神力を消費して、対象の魔力を増強する。","78","4500","SD1032","1","0","0","POW,M_ATK","ONE","FALSE","PARTY","TRUE","TRUE","TRUE"
"A0043","magic","体力増強","術者の魔力と精神力を消費して、対象の体力を増強する。","78","4500","SD1032","1","0","0","POW,M_ATK","ONE","FALSE","PARTY","TRUE","TRUE","TRUE"
"A0044","magic","破壊光線（弱）","効果範囲全体にダメージを与え、低確率で消滅状態にする。","300","4500","SD1012","1","0","1","POW,M_ATK","IN_AREA","TRUE","ENEMY","TRUE","TRUE","TRUE"
"A0045","magic","破壊光線（強）","効果範囲全体にダメージを与え、低確率で消滅状態にする。","500","4500","SD1031","1","0","3","POW,M_ATK","IN_AREA","TRUE","ENEMY","TRUE","TRUE","TRUE"
"A0046","magic","破壊光線（伝説）","効果範囲全体に大ダメージを与え、高確率で消滅状態にする。","9999","4500","SD1031","1","0","5","POW,M_ATK","IN_AREA","TRUE","ENEMY","TRUE","TRUE","TRUE"
"A0047","magic","送風","効果範囲全体の素早さを下げ、回避率を上げる。","450","4500","SD1038","1","0","0","POW,M_ATK","IN_AREA","FALSE","ENEMY","FALSE","TRUE","FALSE"
"A0048","magic","強風","効果範囲全体の素早さを下げ、回避率を上げる。","450","4500","SD1038","1","0","0","POW,M_ATK","IN_AREA","FALSE","ENEMY","FALSE","TRUE","FALSE"
"A0049","magic","嵐","効果範囲全体の素早さを下げ、回避率を上げる。/炎上を回復する。全員が湿潤状態になる。","450","4500","SD1038","1","0","0","POW,M_ATK","IN_AREA","FALSE","ENEMY","FALSE","TRUE","FALSE"
"A0050","magic","ストームコール","効果範囲全体にランダムに雷属性で攻撃する。","600","4500","SD1037","8","0","0","POW,M_ATK","IN_AREA","FALSE","ENEMY","FALSE","TRUE","FALSE"
"A0051","magic","風切羽","術者の素早さを上昇するが器用さが下がる。","0","4500","SD1039","1","0","0","POW,M_ATK","ONE","TRUE","PARTY","FALSE","TRUE","FALSE"
"A0052","magic","電撃","１人に電気属性ダメージ。まれに麻痺させる。","88","4500","SD1012","1","0","0","POW,M_ATK","ONE","FALSE","ENEMY","TRUE","TRUE","TRUE"
"A0053","magic","向かい風","敵の素早さを上昇し、味方の素早さを下げる。","500","4500","SD1038","1","0","0","POW,M_ATK","IN_AREA","FALSE","ENEMY","FALSE","TRUE","FALSE"
"A0054","magic","追い風","味方の素早さを低下し、敵の素早さを上げる。","500","4500","SD1038","1","0","0","POW,M_ATK","IN_AREA","FALSE","ENEMY","FALSE","TRUE","FALSE"
"A0055","magic","凪風","効果範囲全体の素早さの上下をリセットする。","500","4500","SD1038","1","0","0","POW,M_ATK","IN_AREA","FALSE","ENEMY","FALSE","TRUE","FALSE"
"A0056","magic","かまいたち","１人に空気属性のダメージ。まれに切断状態にする。","140","4500","SD1039","1","0","0","POW,M_ATK","ONE","FALSE","ENEMY","TRUE","TRUE","TRUE"
"A0057","magic","風刃","効果範囲全体に空気属性のダメージ。まれに切断状態にする。","180","4500","SD1038","1","0","0","POW,M_ATK","IN_AREA","FALSE","ENEMY","FALSE","TRUE","FALSE"
"A0058","magic","衝撃波","効果範囲全体に空気属性のダメージ。高確率で気絶させる。","200","4500","SD1038","1","0","0","POW,M_ATK","IN_AREA","FALSE","ENEMY","FALSE","TRUE","FALSE"
"A0059","magic","内臓破裂","１人に空気属性ダメージ、中確率で即死させる。","72","4500","SD1039","1","0","0","POW,M_ATK","ONE","FALSE","ENEMY","TRUE","TRUE","TRUE"
"A0060","magic","陣風","効果範囲全体の攻撃、素早さ、防御、器用さを上昇する。","400","4500","SD1038","1","0","1","POW,M_ATK","IN_AREA","FALSE","ENEMY","FALSE","TRUE","FALSE"
"A0061","magic","木枯","効果範囲全体の木化している対象を即死させる。/木化していない対象には何も起こらない。","400","4500","SD1038","1","0","1","POW,M_ATK","IN_AREA","FALSE","ENEMY","FALSE","TRUE","FALSE"
"A0062","magic","真空波","効果範囲全員にダメージ","360","4500","SD1038","1","0","1","POW,M_ATK","IN_AREA","FALSE","ENEMY","FALSE","TRUE","FALSE"
"A0063","magic","真空抹殺","効果範囲全体を低確率で即死させる。","300","4500","SD1038","1","0","0","POW,M_ATK","IN_AREA","FALSE","ENEMY","FALSE","TRUE","FALSE"
"A0064","magic","空圧圧縮","１人に空気属性ダメージ。","180","4500","SD1039","1","0","0","POW,M_ATK","ONE","FALSE","ENEMY","TRUE","TRUE","TRUE"
"A0065","magic","雷","１人に雷属性ダメージ。","180","4500","SD1037","1","0","0","POW,M_ATK","ONE","FALSE","ENEMY","TRUE","TRUE","TRUE"
"A0066","magic","火炎","１人に炎属性ダメージ。","180","4500","SD1028","1","0","0","POW,M_ATK","ONE","FALSE","ENEMY","TRUE","TRUE","TRUE"
"A0067","magic","ファイアボルト","１人に炎属性のダメージ。まれに炎上状態にする。凍結を回復する。","340","4500","SD1028","1","0","0","POW,M_ATK","ONE","FALSE","ENEMY","TRUE","TRUE","TRUE"
"A0068","magic","ファイアブレス","効果範囲全体に炎属性のダメージ。/まれに炎上状態にする。凍結を回復する。","180","4500","SD1027","1","0","0","POW,M_ATK","IN_AREA","FALSE","ENEMY","TRUE","TRUE","FALSE"
"A0069","magic","篝火","効果範囲全体を小回復する。また炎上状態を回復する。","72","4500","SD1014","1","0","0","POW,M_ATK","ONE","FALSE","PARTY","TRUE","TRUE","FALSE"
"A0070","magic","炎上治療","１人の炎上を回復する。","72","4500","SD1014","1","0","0","POW,M_ATK","ONE","FALSE","ENEMY","TRUE","TRUE","TRUE"
"A0071","magic","灯台","全体の物理攻撃回避率を下げる。","600","4500","SD1012","1","0","1","POW,M_ATK","IN_AREA","FALSE","ENEMY","FALSE","TRUE","FALSE"
"A0072","magic","炎熱作用","効果範囲全体の湿潤を回復する。","160","4500","SD1014","1","0","0","POW,M_ATK","IN_AREA","FALSE","PARTY","FALSE","TRUE","FALSE"
"A0073","magic","熱光線","１人に光属性ダメージ。凍結を回復する。","400","4500","SD1029","1","0","0","POW,M_ATK","ONE","FALSE","ENEMY","TRUE","TRUE","TRUE"
"A0074","magic","ウォーターフォール","効果範囲全体に水属性ダメージ。高確率で湿潤状態にする。","550","4500","SD1023","1","0","1","POW,M_ATK","IN_AREA","FALSE","ENEMY","FALSE","TRUE","FALSE"
"A0075","magic","降雨","全員の炎上を回復する。全員が湿潤状態になる。/木化している対象者は体力を回復する。","550","4500","SD1023","1","0","0","POW,M_ATK","IN_AREA","FALSE","PARTY","TRUE","TRUE","TRUE"
"A0076","magic","電撃散布","効果範囲内の敵に雷属性ダメージ。","220","4500","SD1037","1","0","1","POW,M_ATK","IN_AREA","FALSE","ENEMY","FALSE","TRUE","FALSE"
"A0077","magic","霊峰の指","１人に雷属性の大ダメージ。/50%の確率でこのターンの最後に再度発動する。/その際の魔力などは術者が再度支払う。この効果は連続することがある。","72","4500","SD1037","1","0","3","POW,M_ATK","ONE","FALSE","ENEMY","TRUE","TRUE","TRUE"
"A0078","magic","天地雷鳴","効果範囲全体に雷属性の大ダメージ。","150","4500","SD1037","1","0","3","POW,M_ATK","IN_AREA","FALSE","ENEMY","FALSE","TRUE","FALSE"
"A0079","magic","雷鳴八卦","１人に雷属性の大ダメージ。まれに麻痺状態にする。","72","4500","SD1037","1","0","4","POW,M_ATK","ONE","FALSE","ENEMY","TRUE","TRUE","TRUE"
"A0080","magic","メモリチェック","上位者に介入し、その結果を表示する。","0","4500","SD1032","1","0","0","POW,M_ATK","IN_AREA","FALSE","PARTY","FALSE","TRUE","FALSE"
"A0081","magic","クラッシュ","上位者に介入し、世界を終わらせる。","0","4500","SD1032","1","0","0","POW,M_ATK","IN_AREA","FALSE","PARTY","FALSE","TRUE","FALSE"
"A0082","magic","ゲームオーバー","上位者に介入し、世界を終わらせる。","0","4500","SD1032","1","0","0","POW,M_ATK","IN_AREA","FALSE","PARTY","FALSE","TRUE","FALSE"
"A0083","magic","戦闘からの離脱","上位者に介入し、戦闘を終わらせる。","0","4500","SD1032","1","0","0","POW,M_ATK","IN_AREA","FALSE","PARTY","FALSE","TRUE","FALSE"
"A0084","magic","エンカウントカウンタリセット","上位者に介入し、運命を操作する。","0","4500","SD1032","1","0","0","POW,M_ATK","IN_AREA","FALSE","PARTY","FALSE","TRUE","FALSE"
"A0085","magic","エンカウントカウンタ+128","上位者に介入し、運命を操作する。","0","4500","SD1032","1","0","0","POW,M_ATK","IN_AREA","FALSE","PARTY","FALSE","TRUE","FALSE"
"A0086","magic","デバッグモードON","上位者に介入し、その結果を表示する。","0","4500","SD1032","1","0","0","POW,M_ATK","IN_AREA","FALSE","PARTY","FALSE","TRUE","FALSE"
"A0087","magic","デバッグモードOFF","上位者に介入し、その結果を表示する。","0","4500","SD1032","1","0","0","POW,M_ATK","IN_AREA","FALSE","PARTY","FALSE","TRUE","FALSE"
"A0088","magic","condition同期ずれチェック","上位者に介入し、その結果を表示する。","0","4500","SD1032","1","0","0","POW,M_ATK","IN_AREA","FALSE","PARTY","FALSE","TRUE","FALSE"
"A0089","magic","全員完全回復","上位者に介入し、１人のステータスを変更する。","9999","4500","SD1032","1","0","0","POW,M_ATK","IN_AREA","TRUE","PARTY","FALSE","TRUE","FALSE"
"A0091","magic","サウンド破棄","上位者に介入し、その結果を表示する。","0","4500","SD1032","1","0","0","POW,M_ATK","IN_AREA","FALSE","PARTY","FALSE","TRUE","FALSE"
"A0092","magic","ホットティー召喚","１人を小回復する。凍結を回復する。","72","4500","SD1014","1","0","0","POW,M_ATK","ONE","FALSE","PARTY","TRUE","TRUE","TRUE"
"A0093","magic","木化","１人を木化させる。","72","4500","SD1038","1","0","1","POW,M_ATK","ONE","FALSE","ENEMY","TRUE","TRUE","TRUE"
"A0094","magic","地震","効果範囲全体に地属性ダメージ。","800","4500","SD1015","1","0","1","POW,M_ATK","IN_AREA","FALSE","ENEMY","TRUE","TRUE","FALSE"
"A0095","magic","大地の怒り","効果範囲全体に地属性ダメージ。","800","4500","SD1015","1","0","1","POW,M_ATK","IN_AREA","FALSE","ENEMY","TRUE","TRUE","FALSE"
"A0096","magic","地割れ","低確率で効果範囲全体を即死させる。","800","4500","SD1015","1","0","1","POW,M_ATK","IN_AREA","FALSE","ENEMY","TRUE","TRUE","FALSE"
"A0097","magic","岸壁直撃","１人に地属性ダメージ。","160","4500","SD1015","1","0","1","POW,M_ATK","ONE","FALSE","ENEMY","TRUE","TRUE","TRUE"
"A0098","magic","岩塊","１人に地属性ダメージ。まれに気絶させる","160","4500","SD1015","1","0","1","POW,M_ATK","ONE","FALSE","ENEMY","TRUE","TRUE","TRUE"
"A0099","magic","隕石","１人に地属性ダメージ。まれに発狂させる","160","4500","SD1015","1","0","1","POW,M_ATK","ONE","FALSE","ENEMY","TRUE","TRUE","TRUE"
"A0100","magic","巨岩","１人に地属性ダメージ。まれに気絶させる","160","4500","SD1015","1","0","1","POW,M_ATK","ONE","FALSE","ENEMY","TRUE","TRUE","TRUE"
"A0101","magic","冷風","効果範囲内の敵に冷気属性ダメージ。","260","4500","SD1024","1","0","1","POW,M_ATK","IN_AREA","FALSE","ENEMY","TRUE","TRUE","FALSE"
"A0102","magic","涼風","効果範囲内の炎上を一定確率で治療する。","260","4500","SD1024","1","0","1","POW,M_ATK","IN_AREA","FALSE","ENEMY","TRUE","TRUE","FALSE"
"A0103","magic","雹嵐","効果範囲内の敵に冷気属性ダメージ。","260","4500","SD1024","1","0","1","POW,M_ATK","IN_AREA","FALSE","ENEMY","TRUE","TRUE","FALSE"
"A0104","magic","氷のつぶて","１人に冷気属性ダメージ。","320","4500","SD1024","1","0","0","POW,M_ATK","ONE","FALSE","ENEMY","TRUE","TRUE","TRUE"
"A0105","magic","吹雪","効果範囲内の敵に冷気属性ダメージ。まれに凍結させる","180","4500","SD1024","1","0","1","POW,M_ATK","IN_AREA","FALSE","ENEMY","TRUE","TRUE","FALSE"
"A0106","magic","冷凍ビーム","１人に冷気属性ダメージ。まれに凍結させる。","400","4500","SD1024","1","0","2","POW,M_ATK","ONE","FALSE","ENEMY","TRUE","TRUE","TRUE"
"A0107","magic","じょうろ","１人を湿潤状態にする。炎上状態を回復する。/対象が木化している場合は回復する。","72","4500","SD1023","1","0","0","POW,M_ATK","ONE","FALSE","PARTY","TRUE","TRUE","TRUE"
"A0108","magic","滝行","１人の精神力を上昇し、湿潤状態にする。炎上状態を回復する。","72","4500","SD1023","1","0","0","POW,M_ATK","ONE","FALSE","PARTY","TRUE","TRUE","TRUE"
"A0109","magic","叢雲","全員を低確率で湿潤状態にする。炎上状態を回復する。","600","4500","SD1038","1","0","1","POW,M_ATK","IN_AREA","FALSE","ENEMY","TRUE","TRUE","TRUE"
"A0110","magic","ブラックホール","効果範囲内の全員をフィールド中心に集合させる。","600","4500","SD1032","1","0","2","POW,M_ATK","IN_AREA","FALSE","ENEMY","TRUE","TRUE","FALSE"
"A0111","magic","絶滅の光","効果範囲全体を高確率で消滅状態にする。","999","4500","SD1032","1","0","5","POW,M_ATK","IN_AREA","FALSE","ENEMY","TRUE","TRUE","TRUE"
"A0112","magic","絞首台への階段","１人を高確率で即死させる。","72","4500","SD1032","1","0","2","POW,M_ATK","ONE","FALSE","ENEMY","TRUE","TRUE","TRUE"
"A0113","magic","滅殺","効果範囲全体を低確率で即死させる。","480","4500","SD1032","1","0","3","POW,M_ATK","IN_AREA","FALSE","ENEMY","TRUE","TRUE","TRUE"
"A0114","magic","魔防壁","効果範囲全体の魔法防御力を上昇する。","366","4500","SD1032","1","0","1","POW,M_ATK","IN_AREA","TRUE","PARTY","TRUE","TRUE","TRUE"
"A0115","magic","城壁","効果範囲全体の防御力を上昇する。","366","4500","SD1032","1","0","1","POW,M_ATK","IN_AREA","TRUE","PARTY","TRUE","TRUE","TRUE"
"A0116","magic","魔術回避","効果範囲全体の魔法回避力を上昇する。","366","4500","SD1032","1","0","0","POW,M_ATK","IN_AREA","FALSE","PARTY","TRUE","TRUE","TRUE"
"A0117","magic","GC","上位者に介入し、GCを実行する。通常、何も発生しない。","0","4500","SD1032","1","0","0","POW,M_ATK","IN_AREA","FALSE","ENEMY","FALSE","TRUE","FALSE"
"A0118","magic","フォトン","単体に光属性大ダメージ。中確率で消滅させる。","600","4500","SD1031","1","0","4","POW,M_ATK","ONE","TRUE","ENEMY","TRUE","TRUE","TRUE"
"A0119","magic","クアンタム・ハーモナイザー","対象を一定確率で消滅させる。","72","4500","SD1029","1","0","1","POW,M_ATK","ONE","FALSE","ENEMY","TRUE","TRUE","TRUE"
"A0120","magic","対者の破棄","上位者に介入し、現在の敵対者を全滅させる。","0","4500","SD1032","1","0","0","POW,M_ATK","IN_AREA","FALSE","ENEMY","FALSE","TRUE","FALSE"
"A0121","magic","神経操作","１人を低確率で気絶させる。","72","4500","SD1033","1","0","0","POW,M_ATK","ONE","FALSE","ENEMY","TRUE","TRUE","TRUE"
"A0122","magic","ザ・ツナミ","効果範囲全体に水属性ダメージ。湿潤状態にする。","400","4500","SD1023","1","0","1","POW,M_ATK","IN_AREA","FALSE","ENEMY","TRUE","TRUE","FALSE"
"A0123","magic","防波堤","効果範囲全体の水耐性を上昇する。","400","4500","SD1023","1","0","1","POW,M_ATK","IN_AREA","FALSE","PARTY","TRUE","TRUE","FALSE"
"A0124","magic","神の守り","１人の即死耐性を上昇する。","155","4500","SD1032","1","0","0","POW,M_ATK","ONE","FALSE","PARTY","TRUE","TRUE","TRUE"
"A0125","magic","運命への介入","効果範囲全体の消滅耐性と即死耐性を上昇する。","360","4500","SD1032","1","0","1","POW,M_ATK","IN_AREA","FALSE","PARTY","TRUE","TRUE","TRUE"
"A0126","magic","縫合","１人の切断状態を回復する。","72","4500","SD1014","1","0","0","POW,M_ATK","ONE","FALSE","PARTY","TRUE","TRUE","TRUE"
"A0127","magic","あなた司祭なの？","効果範囲全体を小回復する。","180","4500","SD1014","1","0","1","POW,M_ATK","IN_AREA","TRUE","PARTY","TRUE","TRUE","TRUE"
"A0128","magic","死んでくれる？","効果範囲全体を中確率で即死させる。","260","4500","SD1032","1","0","1","POW,M_ATK","IN_AREA","FALSE","ENEMY","TRUE","TRUE","TRUE"
"A0129","magic","メギドラオォン（アォン）","効果範囲全体にダメージ。低確率で発狂させる。","480","4500","SD1031","1","0","5","POW,M_ATK","IN_AREA","FALSE","ENEMY","TRUE","TRUE","FALSE"
"A0130","magic","風化","木化している１人を高確率で即死させる。","72","4500","SD1038","1","0","0","POW,M_ATK","ONE","FALSE","ENEMY","TRUE","TRUE","TRUE"
"A0131","magic","天罰","１人に雷属性ダメージ。高確率で消滅させる。","180","4500","SD1037","1","0","1","POW,M_ATK","ONE","FALSE","ENEMY","TRUE","TRUE","TRUE"
"A0132","magic","天照","効果範囲全体の物理攻撃回避率が下がり、器用さが上昇する。/効果範囲全体の湿潤を回復する。","600","4500","SD1029","1","0","2","POW,M_ATK","IN_AREA","FALSE","PARTY","FALSE","TRUE","FALSE"
"A0133","magic","Jの炎のマント","近距離にいる効果範囲全体に炎ダメージ。/炎上させる。術者もダメージを受ける。","60","4500","SD1027","1","0","0","POW,M_ATK","IN_AREA","FALSE","ENEMY","TRUE","TRUE","TRUE"
"A0134","magic","手の込んだ自殺","術者がダメージを受ける。","0","4500","SD1040","1","0","0","POW,M_ATK","ONE","FALSE","PARTY","TRUE","TRUE","TRUE"
"A0135","magic","背水の陣","術者の精神力、攻撃力、魔法攻撃力を上昇する。/HPが最大値に対して低いほど効果が上がる。","0","4500","SD1040","1","0","0","POW,M_ATK","ONE","FALSE","PARTY","TRUE","TRUE","TRUE"
"A0136","magic","火蛇","効果範囲全体の攻撃力を上昇する。","160","4500","SD1040","1","0","1","POW,M_ATK","IN_AREA","FALSE","PARTY","TRUE","TRUE","TRUE"
"A0137","magic","力王","１人の攻撃力を上昇する。","72","4500","SD1040","1","0","1","POW,M_ATK","ONE","FALSE","PARTY","TRUE","TRUE","TRUE"
"A0138","magic","魔封陣","効果範囲全体の魔法防御力を上昇する。","320","4500","SD1035","1","0","1","POW,M_ATK","IN_AREA","FALSE","PARTY","FALSE","TRUE","FALSE"
"A0139","magic","魔力の矢","１人にダメージ。","600","4500","SD1040","1","0","1","POW,M_ATK","ONE","FALSE","PARTY","TRUE","TRUE","TRUE"
"A0140","magic","雷衣","付近にいるすべてに雷属性ダメージ。","60","4500","SD1037","1","0","0","POW,M_ATK","IN_AREA","FALSE","PARTY","TRUE","TRUE","TRUE"
"A0141","magic","マッハ１１１","１人を即死させる。空気属性耐性が参照される。","450","4500","SD1040","1","0","2","POW,M_ATK","ONE","FALSE","PARTY","TRUE","TRUE","TRUE"
"A0142","magic","精神注入棒","１人の魔法攻撃力を上昇する。その対象はダメージを受ける。","72","4500","SD1033","1","0","1","POW,M_ATK","ONE","FALSE","PARTY","TRUE","TRUE","TRUE"
"A0143","magic","フジヤマ","効果範囲全体を回復する。低確率でリジェネ状態になる。/低確率で死亡や消滅を回復する。","376","4500","SD1033","1","0","3","POW,M_ATK","IN_AREA","FALSE","PARTY","TRUE","TRUE","TRUE"
"A0144","magic","カミカゼ","１人にダメージ。術者もダメージを受ける。","160","4500","SD1019","1","0","0","POW,M_ATK","ONE","FALSE","ENEMY","TRUE","TRUE","TRUE"
"A0145","magic","残像剣","装備している武器の攻撃回数を１増やす。/フィールドでしか使えない。","0","4500","SD1019","1","0","0","POW,M_ATK","ONE","FALSE","PARTY","TRUE","TRUE","TRUE"
"A0146","magic","雷神ハンマー","近距離の１人に雷属性ダメージ。","60","4500","SD1037","1","0","1","POW,M_ATK","ONE","FALSE","ENEMY","TRUE","TRUE","TRUE"
"A0147","magic","粘着地面","１人のこのターンの行動を中止させる。","240","4500","SD1032","1","0","0","POW,M_ATK","ONE","FALSE","ENEMY","TRUE","TRUE","TRUE"
"A0148","magic","151/15","１人に刺突ダメージ。遠距離まで届く。/対象の防御力を0としてダメージ計算が行われる。","800","4500","SD1040","1","0","1","POW,M_ATK","ONE","FALSE","ENEMY","TRUE","TRUE","TRUE"
"A0149","magic","人格モードのリセット","１人のステータス変動をリセットする。そのは正気度を失う。","72","4500","SD1033","1","0","0","POW,M_ATK","ONE","FALSE","PARTY","TRUE","TRUE","TRUE"
"A0150","magic","奇跡","対象は回復するが、正気度を少量失う。","72","4500","SD1014","1","0","0","POW,M_ATK","ONE","FALSE","PARTY","TRUE","TRUE","TRUE"
"A0151","magic","浮遊","１人の地魔法耐性を上昇する。","72","4500","SD1015","1","0","0","POW,M_ATK","ONE","FALSE","PARTY","TRUE","TRUE","TRUE"
"A0152","magic","キクゴロウエライ","効果範囲全体を低確率で木化させる。/すでに木化している対象は即死する。/即死させた数に応じて術者は回復する。","128","4500","SD1015","1","0","2","POW,M_ATK","IN_AREA","TRUE","ENEMY","TRUE","TRUE","TRUE"
"A0153","magic","灼熱","効果範囲全体に炎属性ダメージ。高確率で炎上させる。","255","4500","SD1027","1","0","2","POW,M_ATK","IN_AREA","TRUE","ENEMY","TRUE","TRUE","TRUE"
"A0154","magic","輝きのブレス","効果範囲全体に冷気属性ダメージ。高確率で凍結させる。","255","4500","SD1024","1","0","2","POW,M_ATK","IN_AREA","TRUE","ENEMY","TRUE","TRUE","TRUE"
"A0155","magic","解凍","１人の凍結を回復する。","72","4500","SD1014","1","0","0","POW,M_ATK","ONE","FALSE","PARTY","TRUE","TRUE","TRUE"
"A0156","magic","神経痛","１人にダメージ。","72","4500","SD1033","1","0","0","POW,M_ATK","ONE","FALSE","ENEMY","TRUE","TRUE","TRUE"
"A0157","magic","絹笠","対象者の湿潤耐性と物理攻撃回避率を上昇する。","72","4500","SD1032","1","0","0","POW,M_ATK","ONE","FALSE","PARTY","TRUE","TRUE","TRUE"
"A0158","magic","毒の雨","効果範囲全体に少量ダメージ。まれに毒状態にする。","460","4500","SD1036","1","0","0","POW,M_ATK","IN_AREA","FALSE","ENEMY","FALSE","TRUE","FALSE"
"A0159","magic","バイオ・ウェポン","１人にダメージ。まれに毒状態にする。","160","4500","SD1036","1","0","0","POW,M_ATK","ONE","FALSE","ENEMY","TRUE","TRUE","TRUE"
"A0160","magic","汚染","１人を毒状態にする。","72","4500","SD1036","1","0","0","POW,M_ATK","ONE","FALSE","PARTY","TRUE","TRUE","TRUE"
"A0161","magic","錬金術","素材「金」か「錬金物質」を持ち物に追加する。/フィールドでしか使えない。","0","4500","SD1036","1","0","0","POW,M_ATK","ONE","FALSE","PARTY","TRUE","TRUE","TRUE"
"A0162","magic","蒸着","１人を黄金化状態にする。まれに毒状態も追加する。","72","4500","SD1036","1","0","0","POW,M_ATK","ONE","FALSE","ENEMY","TRUE","TRUE","TRUE"
"A0163","magic","スーパーアーマー","１人を黄金化状態にする。また、防御力と魔法防御力を上昇する。","72","4500","SD1036","1","0","0","POW,M_ATK","ONE","FALSE","PARTY","TRUE","TRUE","TRUE"
"A0164","magic","ワクチン","１人の毒状態を回復する。","72","4500","SD1036","1","0","0","POW,M_ATK","ONE","FALSE","PARTY","TRUE","TRUE","TRUE"
"A0165","magic","ウス＝異本","１人の正気度にダメージ。","72","4500","SD1032","1","0","0","POW,M_ATK","ONE","FALSE","ENEMY","TRUE","TRUE","TRUE"
"A0166","magic","禁断の知識","１人の正気度にダメージ。/術者は発狂することがある。","72","4500","SD1032","1","0","1","POW,M_ATK","ONE","FALSE","ENEMY","TRUE","TRUE","TRUE"
"A0167","magic","冒涜的な呼声","効果範囲全体の正気度にダメージ。/発狂させることがある。","180","4500","SD1032","1","0","2","POW,M_ATK","IN_AREA","FALSE","ENEMY","FALSE","TRUE","FALSE"
"A0168","magic","少女の涙","効果範囲全体の正気度にダメージ。/発狂させることがある。","260","4500","SD1032","1","0","3","POW,M_ATK","IN_AREA","FALSE","ENEMY","FALSE","TRUE","FALSE"
"A0169","magic","魔力移転","術者の魔力にダメージ。１人の魔力を回復する。","72","4500","SD1014","1","0","0","POW,M_ATK","ONE","FALSE","PARTY","TRUE","TRUE","TRUE"
"A0170","magic","正気度移転","術者の正気度にダメージ。１人の正気度を回復する。","72","4500","SD1014","1","0","0","POW,M_ATK","ONE","FALSE","PARTY","TRUE","TRUE","TRUE"
"A0171","magic","体力移転","術者の体力にダメージ。１人の体力を回復する。","72","4500","SD1014","1","0","0","POW,M_ATK","ONE","FALSE","PARTY","TRUE","TRUE","TRUE"
"A0172","magic","復活","１人の消滅や死亡を回復して蘇生するが、正気度が減る。/これにより発狂することがある。","160","4500","SD1014","1","0","1","POW,M_ATK","ONE","FALSE","PARTY","TRUE","TRUE","TRUE"
"A0173","magic","誓って殺しはやってません！","現状死者が１人もいなければ、術者の体力、魔力、正気度が回復する。","9999","4500","SD1014","1","0","1","POW,M_ATK","ONE","FALSE","PARTY","FALSE","TRUE","FALSE"
"A0174","magic","魔力による保持","術者の魔力を消費して、正気度を回復する。","0","4500","SD1014","1","0","0","POW,M_ATK","ONE","FALSE","PARTY","TRUE","TRUE","TRUE"
"A0175","magic","正気度による保持","術者の正気度を消費して、魔力を回復する。","0","4500","SD1014","1","0","0","POW,M_ATK","ONE","FALSE","PARTY","TRUE","TRUE","TRUE"
"A0176","magic","精神力による魔力増強","術者の精神力を消費して、魔力を回復する。","0","4500","SD1014","1","0","0","POW,M_ATK","ONE","FALSE","PARTY","TRUE","TRUE","TRUE"
"A0177","magic","精神力による正気度増強","術者の精神力を消費して、正気度を回復する。","0","4500","SD1014","1","0","0","POW,M_ATK","ONE","FALSE","PARTY","TRUE","TRUE","TRUE"
"A0178","magic","転嫁","対象は攻撃力が１下がる代わりに防御力が１上がる。フィールドでしか使えない。","0","4500","SD1032","1","0","0","POW,M_ATK","ONE","FALSE","PARTY","TRUE","TRUE","TRUE"
"A0179","magic","研士","術者の装備している武器の攻撃力が１上昇する。フィールドでしか使えない。","0","4500","SD1032","1","0","0","POW,M_ATK","ONE","FALSE","PARTY","TRUE","TRUE","TRUE"
"A0180","magic","転送","全員をすぐに逃げられる位置に下げる。対象は正気度を少量失う。","9999","4500","SD1032","1","0","0","POW,M_ATK","ONE","FALSE","PARTY","TRUE","TRUE","TRUE"
"A0181","magic","ワープ９","１人の素早さと行動力を大きく上昇する。","150","4500","SD1032","1","0","0","POW,M_ATK","ONE","FALSE","PARTY","TRUE","TRUE","TRUE"
"A0182","magic","軽空母バグ","１人をもっとも近い敵のすぐそばに転送する。/対象は正気度を少量失う。","150","4500","SD1032","1","0","0","POW,M_ATK","ONE","FALSE","PARTY","TRUE","TRUE","TRUE"
"A0183","magic","null","この魔法を詠唱しても何も起こらない。/しかし魔術研究者は何もおこならない魔法を完成させるのに長い年月を要した。","0","4500","SD1032","1","0","0","POW,M_ATK","ONE","FALSE","PARTY","TRUE","TRUE","TRUE"
"A0184","magic","野獣の眼光","術者は詠唱完了したターンの最後に追加で4回行動できるが、低確率で発狂する。魔力や正気度が足りれば、この4回でさらに詠唱することもできる。","0","4500","SD1032","1","0","2","POW,M_ATK","ONE","FALSE","PARTY","FALSE","TRUE","FALSE"
"A0185","magic","簡易化","術者が装備している武器の攻撃回数が１減る。/フィールドでしか使えない。すでに１のときは何も起こらない。","0","4500","SD1032","1","0","0","POW,M_ATK","ONE","FALSE","PARTY","FALSE","TRUE","FALSE"
"A0186","magic","無限の富","素材「金」を生成するが、術者の正気度が減る。","0","4500","SD1036","1","0","0","POW,M_ATK","ONE","FALSE","PARTY","FALSE","TRUE","FALSE"
"A0187","magic","生贄の儀式","１人にダメージ。術者は回復する。","150","4500","SD1032","1","0","0","POW,M_ATK","ONE","FALSE","ENEMY","TRUE","TRUE","TRUE"
"A0188","magic","爆熱","効果範囲全体に炎属性ダメージ。炎上状態にすることがある。","600","4500","SD1027","1","0","3","POW,M_ATK","IN_AREA","FALSE","ENEMY","FALSE","TRUE","FALSE"
"A0189","magic","アイスピック","近距離の対象に刺突属性ダメージ。","66","4500","SD1019","1","0","0","POW,M_ATK","IN_AREA","FALSE","ENEMY","TRUE","TRUE","TRUE"
"A0190","magic","魔力の剣","近距離の対象に斬撃属性ダメージ。","66","4500","SD1019","1","0","0","POW,M_ATK","IN_AREA","FALSE","ENEMY","TRUE","TRUE","TRUE"
"A0191","magic","魔力のハンマー","近距離の対象に衝撃属性ダメージ。","66","4500","SD1021","1","0","0","POW,M_ATK","IN_AREA","FALSE","ENEMY","TRUE","TRUE","TRUE"
"A0192","magic","ヘビーな蛇","効果範囲全体の素早さを下げる。","240","4500","SD1032","1","0","0","POW,M_ATK","IN_AREA","FALSE","ENEMY","FALSE","TRUE","FALSE"
"A0193","magic","抹消","１人を即死させる。神秘属性の耐性が参照される。","190","4500","SD1032","1","0","1","POW,M_ATK","ONE","FALSE","ENEMY","TRUE","TRUE","TRUE"
"A0194","magic","FWのソースコード","効果範囲全体を混乱させる。まれに発狂する。","9999","4500","SD1032","1","0","1","POW,M_ATK","IN_AREA","FALSE","ENEMY","FALSE","TRUE","FALSE"
"A0195","magic","爆竹","効果範囲全体を低確率で気絶させる。","190","4500","SD1028","1","0","0","POW,M_ATK","IN_AREA","FALSE","ENEMY","FALSE","TRUE","FALSE"
"A0196","magic","阿多丘思考回路","１人に詠唱すると、減っている正気度の3倍攻撃力が上がる。","72","4500","SD1032","1","0","0","POW,M_ATK","ONE","FALSE","ENEMY","TRUE","TRUE","TRUE"
"A0197","magic","いいね！","１人の正気度を少量回復する。","72","4500","SD1032","1","0","0","POW,M_ATK","ONE","FALSE","ENEMY","TRUE","TRUE","TRUE"
"A0198","magic","超絶・百連撃","術者が装備している武器の攻撃回数を１00にするが、武器と基礎の攻撃力が１になる。/中確率で武器が消滅する。フィールドでしか使えない。","0","4500","SD1032","1","0","0","POW,M_ATK","ONE","FALSE","PARTY","FALSE","TRUE","FALSE"
"A0199","magic","記憶操作","１人の精神力と正気度にダメージ。","72","4500","SD1032","1","0","0","POW,M_ATK","ONE","FALSE","ENEMY","TRUE","TRUE","TRUE"
"A0200","magic","ガーニンの左手","術者の装備している武器の攻撃力が１になるが、価値が１00倍になる。/フィールドでしか使えない。","0","4500","SD1032","1","0","0","POW,M_ATK","ONE","FALSE","PARTY","FALSE","TRUE","FALSE"
"A0201","magic","ガーニンの右手","術者の装備している武器の攻撃力が１00増えるが、術者は正気度が１になる。/フィールドでしか使えない。","0","4500","SD1032","1","0","0","POW,M_ATK","ONE","FALSE","PARTY","FALSE","TRUE","FALSE"
"A0202","magic","エンチャント氷","術者が装備している武器の攻撃属性を変化する。/元の攻撃属性は消える。","0","4500","SD1036","1","0","0","POW,M_ATK","ONE","FALSE","PARTY","FALSE","TRUE","FALSE"
"A0203","magic","エンチャント炎","術者が装備している武器の攻撃属性を変化する。/元の攻撃属性は消える。","0","4500","SD1036","1","0","0","POW,M_ATK","ONE","FALSE","PARTY","FALSE","TRUE","FALSE"
"A0204","magic","エンチャント雷","術者が装備している武器の攻撃属性を変化する。/元の攻撃属性は消える。","0","4500","SD1036","1","0","0","POW,M_ATK","ONE","FALSE","PARTY","FALSE","TRUE","FALSE"
"A0205","magic","エンチャント空気","術者が装備している武器の攻撃属性を変化する。/元の攻撃属性は消える。","0","4500","SD1036","1","0","0","POW,M_ATK","ONE","FALSE","PARTY","FALSE","TRUE","FALSE"
"A0206","magic","エンチャント神秘","術者が装備している武器の攻撃属性を変化する。/元の攻撃属性は消える。","0","4500","SD1036","1","0","0","POW,M_ATK","ONE","FALSE","PARTY","FALSE","TRUE","FALSE"
"A0207","magic","エンチャント錬金","術者が装備している武器の攻撃属性を変化する。/元の攻撃属性は消える。","0","4500","SD1036","1","0","0","POW,M_ATK","ONE","FALSE","PARTY","FALSE","TRUE","FALSE"
"A0210","magic","エンチャント光","術者が装備している武器の攻撃属性を変化する。/元の攻撃属性は消える。","0","4500","SD1036","1","0","0","POW,M_ATK","ONE","FALSE","PARTY","FALSE","TRUE","FALSE"
"A0211","magic","エンチャント闇","術者が装備している武器の攻撃属性を変化する。/元の攻撃属性は消える。","0","4500","SD1036","1","0","0","POW,M_ATK","ONE","FALSE","PARTY","FALSE","TRUE","FALSE"
"A0212","magic","エンチャント精神","術者が装備している武器の攻撃属性を変化する。/元の攻撃属性は消える。","0","4500","SD1036","1","0","0","POW,M_ATK","ONE","FALSE","PARTY","FALSE","TRUE","FALSE"
"A0213","magic","エンチャント水","術者が装備している武器の攻撃属性を変化する。/元の攻撃属性は消える。","0","4500","SD1036","1","0","0","POW,M_ATK","ONE","FALSE","PARTY","FALSE","TRUE","FALSE"
"A0214","magic","五色破壊光線","効果範囲全体に、水、炎、冷気、雷、空気属性でそれぞれダメージを与える。","600","4500","SD1031","1","0","5","POW,M_ATK","IN_AREA","TRUE","ENEMY","TRUE","TRUE","TRUE"
"A0215","magic","ブラックライト破壊光線","効果範囲全体に闇属性ダメージ。","600","4500","SD1031","1","0","3","POW,M_ATK","IN_AREA","TRUE","ENEMY","TRUE","TRUE","TRUE"
"A0216","magic","ステロイド","対象は筋力が増加するが、正気度を失う。/フィールドでしか使えない。","72","4500","SD1033","1","0","0","POW,M_ATK","ONE","FALSE","PARTY","FALSE","TRUE","FALSE"
"A0217","magic","偽りの肉体","対象は筋力が増加するが、精神力を失う。/フィールドでしか使えない。","72","4500","SD1033","1","0","0","POW,M_ATK","ONE","FALSE","PARTY","FALSE","TRUE","FALSE"
"A0218","magic","麺料理大発見","ランダムな対象１人が混乱する。この魔法は確実に成功する。","9999","4500","SD1032","1","0","1","POW,M_ATK","IN_AREA","FALSE","ENEMY","FALSE","TRUE","FALSE"
"A0219","magic","タイムリープ：過去","上位者に介入し、メインクエストの進行状況を１段階戻す。/これにより世界が崩壊する可能性がある。","0","4500","SD1020","1","0","0","POW,M_ATK","ONE","FALSE","PARTY","FALSE","TRUE","FALSE"
"A0220","magic","タイムリープ：未来","上位者に介入し、メインクエストの進行状況を１段階進める。/これにより世界が崩壊する可能性がある。","0","4500","SD1020","1","0","0","POW,M_ATK","ONE","FALSE","PARTY","FALSE","TRUE","FALSE"
"A0221","magic","安全地帯","魔法の効果範囲内にいない全員は即死する。範囲内にいるものは回復する。/この魔法は確実に成功する。","240","4500","SD1032","1","0","3","POW,M_ATK","IN_AREA","FALSE","PARTY","FALSE","TRUE","FALSE"
"A0222","magic","先勝ち","後列で戦闘を開始したメンバーは即死する。/前列で戦闘を開始したメンバーの攻撃、防御、魔法攻撃、魔法防御が上昇する。/この魔法は確実に成功する。","9999","4500","SD1032","1","0","2","POW,M_ATK","IN_AREA","FALSE","PARTY","FALSE","TRUE","FALSE"
"A0223","magic","後勝ち","前列で戦闘を開始したメンバーは即死する。/後列で戦闘を開始したメンバーの攻撃、防御、魔法攻撃、魔法防御が上昇する。/この魔法は確実に成功する。","9999","4500","SD1032","1","0","2","POW,M_ATK","IN_AREA","FALSE","PARTY","FALSE","TRUE","FALSE"
"A0224","magic","タンク","前列で戦闘を開始したメンバーの防御力が上昇する。","9999","4500","SD1032","1","0","0","POW,M_ATK","IN_AREA","FALSE","PARTY","FALSE","TRUE","FALSE"
"A0225","magic","ヘイスト","１人の素早さを上昇する。","180","4500","SD1020","1","0","0","POW,M_ATK","ONE","FALSE","PARTY","TRUE","TRUE","TRUE"
"A0226","magic","追加の腕","１人の器用さと筋力を上昇する。","180","4500","SD1032","1","0","0","POW,M_ATK","ONE","FALSE","PARTY","TRUE","TRUE","TRUE"
"A0227","magic","オカトーの独壇場","詠唱完了したとき、術者は直ちに追加で3回行動できる。/魔力や正気度が足りれば、この3回でさらに詠唱することもできる。","0","4500","SD1020","1","0","2","POW,M_ATK","ONE","FALSE","PARTY","FALSE","TRUE","FALSE"
"A0228","magic","赤影","詠唱完了したとき、そのターンの最後に、対象者が追加で2回行動できる。/魔力や正気度が足りれば、この2回でさらに詠唱することもできる。","180","4500","SD1032","1","0","1","POW,M_ATK","ONE","FALSE","PARTY","TRUE","TRUE","TRUE"
"A0229","magic","通行止め","このターンのまだ行動していないランダムな対象１人は行動がスキップされる。","9999","4500","SD1032","1","0","0","POW,M_ATK","ONE","FALSE","PARTY","FALSE","TRUE","FALSE"
"A0230","magic","分身の術","このターンのまだ行動していないランダムな対象１人はこのターンの最後に追加で１回行動できる。","9999","4500","SD1032","1","0","0","POW,M_ATK","ONE","FALSE","PARTY","FALSE","TRUE","FALSE"
"A0231","magic","速足","このターンの最後に、対象者が追加で１回行動できる。/魔力や正気度が足りれば、この１回でさらに詠唱することもできる。","180","4500","SD1032","1","0","0","POW,M_ATK","ONE","FALSE","PARTY","TRUE","TRUE","TRUE"
"A0232","magic","トリックルーム","このターンの行動順を逆転させる。まだ行動していないキャラのみが対象。/すなわち素早さの低い順で行動ができるようになる。","9999","4500","SD1032","1","0","1","POW,M_ATK","ONE","FALSE","PARTY","FALSE","TRUE","FALSE"
"A0233","magic","足軽","対象者の行動力を１上昇する。フィールドでしか使えない。","0","4500","SD1032","1","0","0","POW,M_ATK","ONE","FALSE","PARTY","FALSE","TRUE","FALSE"
"A0234","magic","魔術封印","効果範囲内で魔術を詠唱中のものは、詠唱が中断される。","440","4500","SD1032","1","0","1","POW,M_ATK","IN_AREA","FALSE","ENEMY","FALSE","TRUE","FALSE"
"A0235","magic","伝説の究極魔法","詠唱に99ターンかかる。詠唱できたものがいないため、実際の効果は謎に包まれている。","9999","4500","SD1040","1","0","99","POW,M_ATK","IN_AREA","FALSE","ENEMY","FALSE","TRUE","FALSE"
"A0236","magic","高速詠唱破壊光線","詠唱に成功すると、そのターンの最後に破壊光線（弱）を3回発動する。/発動時のコストは術者が毎回支払う。","300","4500","SD1012","1","0","1","POW,M_ATK","IN_AREA","TRUE","ENEMY","TRUE","TRUE","TRUE"
"A0237","magic","超高速詠唱破壊光線","詠唱に成功すると、そのターンの最後に破壊光線（弱）を6回発動する。/発動時のコストは術者が毎回支払う。","300","4500","SD1012","1","0","2","POW,M_ATK","IN_AREA","TRUE","ENEMY","TRUE","TRUE","TRUE"
"A0238","magic","偽りの記憶","対象者は現在の経験値が増えるが、正気度を失う。フィールドでしか使えない。","0","4500","SD1033","1","0","0","POW,M_ATK","ONE","TRUE","PARTY","FALSE","TRUE","FALSE"
"A0239","magic","魔力注入","対象者は正気度が0になって発狂するが魔法を使えるようになる。/詠唱に非常に大きなコストがかかる。フィールドでしか使えない。","0","4500","SD1032","1","0","0","POW,M_ATK","ONE","TRUE","PARTY","FALSE","TRUE","FALSE"
"A0240","magic","ハレーション","効果範囲内の全員の体力を１にする。この魔法は確実に成功する。","480","4500","SD1032","1","0","3","POW,M_ATK","IN_AREA","FALSE","ENEMY","FALSE","TRUE","FALSE"
"A0241","magic","ヘビーボンバー","１人に衝撃属性のダメージ。術者がアイテムと魔術書をたくさん持っているほどダメージが上がる。一部のアイテムを持っている場合は威力がさらに高くなる。","72","4500","SD1032","1","0","0","POW,M_ATK","ONE","FALSE","ENEMY","TRUE","TRUE","TRUE"
"A0242","magic","輝きの海","全員が毒状態になる。","480","4500","SD1035","1","0","1","POW,M_ATK","IN_AREA","FALSE","ENEMY","FALSE","TRUE","FALSE"
"A0243","magic","戦闘の準備","後列で戦闘を開始したメンバーは攻撃力、防御力、素早さが上昇する。","9999","4500","SD1032","1","0","1","POW,M_ATK","IN_AREA","TRUE","PARTY","FALSE","TRUE","FALSE"
"A0244","magic","二撃必殺","詠唱に成功すると、術者は直ちに2回行動できる。/魔力や正気度が足りれば、この2回でさらに詠唱することもできる。","0","4500","SD1032","1","0","0","POW,M_ATK","ONE","FALSE","PARTY","FALSE","TRUE","FALSE"
"A0245","magic","磁石","詠唱に成功すると、すべての対象者が魔法の効果範囲内に転送される。対象者は正気度を少量失う。","420","4500","SD1032","1","0","1","POW,M_ATK","IN_AREA","FALSE","ENEMY","FALSE","TRUE","FALSE"
"A0246","magic","ぬるぽ","近くにいるに衝撃属性の弱ダメージ。ただし低確率で世界が崩壊する。","48","4500","SD1022","1","0","0","POW,M_ATK","ONE","FALSE","ENEMY","TRUE","TRUE","TRUE"
"A0247","magic","錬金爆発","範囲内の黄金化状態にあるキャラは黄金化が解除され、ダメージを受ける。","350","4500","SD1035","1","0","1","POW,M_ATK","IN_AREA","FALSE","ENEMY","FALSE","TRUE","TRUE"
"A0248","magic","変異","術者の防御力と魔法防御力が大きく上昇する。術者は高確率で黄金化する。","0","4500","SD1036","1","0","0","POW,M_ATK","ONE","FALSE","ENEMY","FALSE","TRUE","FALSE"
"A0249","magic","押し出し","魔法の効果範囲内の敵対者は強制的かつ直ちに後退する。","240","4500","SD1022","1","0","0","POW,M_ATK","IN_AREA","FALSE","ENEMY","FALSE","TRUE","FALSE"
"A0250","magic","PUSH・PUSH・PUSH！","１人が強制的かつ直ちに後退する。","72","4500","SD1022","1","0","0","POW,M_ATK","ONE","FALSE","ENEMY","TRUE","TRUE","TRUE"
"A0251","magic","裏切り","１人にダメージ。術者は攻撃力と魔法攻撃力が上昇する。","72","4500","SD1019","1","0","1","POW,M_ATK","ONE","FALSE","PARTY","TRUE","TRUE","TRUE"
"A0252","magic","そば団子召喚","世界のどこかにあるアイテムを転送する。/術者のアイテム欄に空きがある場合、術者はそば団子を手に入れる。","0","4500","SD1040","1","0","0","POW,M_ATK","ONE","TRUE","PARTY","FALSE","TRUE","FALSE"
"A0253","magic","お魚召喚","世界のどこかにあるアイテムを転送する。/術者のアイテム欄に空きがある場合、術者はランダムな魚を手に入れる。","0","4500","SD1040","1","0","0","POW,M_ATK","ONE","TRUE","PARTY","FALSE","TRUE","FALSE"
"A0254","magic","出前そば注文","世界のどこかにあるアイテムを転送する。/術者のアイテム欄に空きがある場合、術者は出前もりそばを手に入れる。","0","4500","SD1040","1","0","0","POW,M_ATK","ONE","TRUE","PARTY","FALSE","TRUE","FALSE"
"A0255","magic","ガチャ","世界のどこかにあるアイテムを転送する。/術者のアイテム欄に空きがある場合、術者はランダムなアイテムを手に入れる。ただし重要なアイテムは含まれない。","0","4500","SD1040","1","0","0","POW,M_ATK","ONE","TRUE","PARTY","FALSE","TRUE","FALSE"
"A0256","magic","アポクリファ","世界のどこかにある魔術書を転送する。/術者の魔術書欄に空きがある場合、術者はランダムな魔術書を手に入れる。","0","4500","SD1040","1","0","0","POW,M_ATK","ONE","TRUE","PARTY","FALSE","TRUE","FALSE"
"A0257","magic","赤の絨毯","次の出現までの歩数を長くする。/フィールドでしか使えない。敵がいないマップでは何も起こらない。","0","4500","SD1040","1","0","0","POW,M_ATK","ONE","TRUE","PARTY","FALSE","TRUE","FALSE"
"A0258","magic","白の絨毯","次の出現までの歩数を短くする。/フィールドでしか使えない。敵がいないマップでは何も起こらない。","0","4500","SD1040","1","0","0","POW,M_ATK","ONE","TRUE","PARTY","FALSE","TRUE","FALSE"
"A0259","magic","敵の召喚","直ちに戦闘が開始される。フィールドでしか使えない。敵がいないマップでは何も起こらない。","0","4500","SD1040","1","0","0","POW,M_ATK","ONE","TRUE","PARTY","FALSE","TRUE","FALSE"
"A0260","magic","セキュリティ違反","上位者の環境を表示する。","0","4500","SD1032","1","0","0","POW,M_ATK","ONE","TRUE","PARTY","FALSE","TRUE","FALSE"
"A0261","magic","危険な悪戯","上位者のデスクトップに１00個の無意味なファイルを生成する。","0","4500","SD1032","1","0","0","POW,M_ATK","ONE","TRUE","PARTY","FALSE","TRUE","FALSE"
"A0262","magic","青い鳥","上位者に介入し、この世界を作ったもの青い鳥を表示する。","0","4500","SD1032","1","0","0","POW,M_ATK","ONE","TRUE","PARTY","FALSE","TRUE","FALSE"
"A0263","magic","究極魔法：死滅","詠唱完了したターンの最後に、魔術「絶滅の光」を99回発動する。","9999","4500","SD1020","1","0","66","POW,M_ATK","IN_AREA","FALSE","ENEMY","FALSE","TRUE","FALSE"
"A0264","magic","精神の退避","１人の消滅耐性が向上する。","180","4500","SD1033","1","0","0","POW,M_ATK","ONE","FALSE","PARTY","TRUE","TRUE","TRUE"
"A0265","magic","プルプルンテ","詠唱完了したターンの最後に、追加でランダムな魔法の詠唱が完了する。/この詠唱コストは術者が支払う。","0","4500","SD1032","1","0","6","POW,M_ATK","ONE","FALSE","PARTY","FALSE","TRUE","FALSE"
"A0266","magic","障害物の除去","戦闘フィールド内にある障害物をすべて破壊する。障害物がない時は何も起こらない。","9999","4500","SD1035","1","0","2","POW,M_ATK","IN_AREA","FALSE","ENEMY","FALSE","TRUE","FALSE"
"A0267","magic","破壊","戦闘フィールド内にある効果範囲内の障害物をすべて破壊する。/障害物がない時は何も起こらない。","9999","4500","SD1035","1","0","2","POW,M_ATK","IN_AREA","FALSE","ENEMY","FALSE","TRUE","FALSE"
"A0268","magic","阻止","詠唱完了したとき、そのターンでまだ行動していないキャラはそのターンの行動が一切できなくなる。","9999","4500","SD1033","1","0","1","POW,M_ATK","IN_AREA","FALSE","ENEMY","FALSE","TRUE","FALSE"
"A0269","magic","アベレージ体力","術者と１人の体力を合計し、半分ずつに分配する。","72","4500","SD1014","1","0","0","POW,M_ATK","ONE","FALSE","PARTY","TRUE","TRUE","TRUE"
"A0270","magic","アベレージ魔力","術者と１人の魔力を合計し、半分ずつに分配する。","72","4500","SD1014","1","0","0","POW,M_ATK","ONE","FALSE","PARTY","TRUE","TRUE","TRUE"
"A0271","magic","春一番","効果範囲内の全対象を低確率で木化させる。","480","4500","SD1038","1","0","1","POW,M_ATK","IN_AREA","FALSE","ENEMY","FALSE","TRUE","FALSE"
"A0272","magic","赤目村","効果範囲内の木化している全対象はダメージを受ける。/精神力と正気度にもダメージを与える。","320","4500","SD1032","1","0","1","POW,M_ATK","IN_AREA","FALSE","ENEMY","FALSE","TRUE","FALSE"
"A0273","magic","栄養吸収","術者は体力と魔力を回復するが、低確率で木化する。/すでに木化している場合は効果が高まる。","0","4500","SD1032","1","0","1","POW,M_ATK","ONE","FALSE","PARTY","FALSE","TRUE","FALSE"
"A0274","magic","腐葉土","効果範囲全体は体力と魔力を回復するが、/低確率で木化する。すでに木化している場合は効果が高まる。","360","4500","SD1032","1","0","1","POW,M_ATK","ONE","FALSE","ENEMY","FALSE","TRUE","FALSE"
"A0275","magic","緑の牛","効果範囲内の木化している全対象は体力を回復する。","240","4500","SD1032","1","0","2","POW,M_ATK","ONE","FALSE","ENEMY","FALSE","TRUE","FALSE"
"A0276","magic","新緑","効果範囲内の木化している対象者は、木化の持続時間が延びる。","240","4500","SD1032","1","0","2","POW,M_ATK","ONE","FALSE","ENEMY","FALSE","TRUE","FALSE"
"A0277","magic","詰め込めるだけつも詰め込もうぜ","術者はそば団子を大量に入手する。/持てる数の最大値の2倍まで入手できる。","0","4500","SD1032","1","0","1","POW,M_ATK","ONE","FALSE","PARTY","FALSE","TRUE","FALSE"
"A0278","magic","解除","効果範囲内の黄金化しているキャラは黄金化が解除される。","128","4500","SD1036","1","0","0","POW,M_ATK","IN_AREA","FALSE","ENEMY","FALSE","TRUE","FALSE"
"A0279","magic","鉄塊","術者の防御力と魔法防御力を上げる。ただしまれに黄金化する。","0","4500","SD1036","1","0","0","POW,M_ATK","ONE","FALSE","PARTY","FALSE","TRUE","FALSE"
"A0280","magic","みんなでデデン","プレイヤーキャラ全員のMPを使い、１人にダメージ。/加算されたMPに応じて威力上昇/MPが足りないキャラがいる場合は失敗する。","320","4500","SD1037","1","0","1","POW,M_ATK","IN_AREA","FALSE","ENEMY","TRUE","TRUE","TRUE"
"A0281","magic","精神吸収","周辺のキャラの精神力を減らし、術者の精神力を回復する。","96","4500","SD1033","1","0","1","POW,M_ATK","IN_AREA","FALSE","ENEMY","FALSE","TRUE","FALSE"
"A0282","magic","肉体の粉砕","１人を即死させる。効果範囲内にいる全キャラは精神力と正気度を失う。","200","4500","SD1021","1","0","2","POW,M_ATK","ONE","FALSE","ENEMY","TRUE","TRUE","TRUE"
"A0283","magic","逆みんなでデデン","効果範囲全体のMPを使い、１人にダメージ。/加算されたMPに応じて威力上昇/MPが足りないキャラがいる場合は失敗する。","320","4500","SD1037","1","0","1","POW,M_ATK","IN_AREA","FALSE","ENEMY","TRUE","TRUE","TRUE"
"A0284","magic","set essential 13478 0","１人の即死耐性を下げる。ボスにも効く。","140","4500","SD1032","1","0","0","POW,M_ATK","ONE","FALSE","ENEMY","TRUE","TRUE","TRUE"
"A0285","magic","行動抑止","１人を封印状態にする","72","4500","SD1033","1","0","0","POW,M_ATK","ONE","FALSE","PARTY","TRUE","TRUE","TRUE"
"A0286","magic","封印解除","１人の封印を解除する。","72","4500","SD1033","1","0","0","POW,M_ATK","ONE","FALSE","PARTY","TRUE","TRUE","TRUE"
"A0287","magic","スリープ","効果範囲全体を低確率で眠り状態にする。","140","4500","SD1014","1","0","1","POW,M_ATK","IN_AREA","FALSE","ENEMY","FALSE","TRUE","FALSE"
"A0288","magic","目覚めの鐘","効果範囲内の全対象の睡眠状態を回復する。","140","4500","SD1014","1","0","1","POW,M_ATK","IN_AREA","FALSE","PARTY","FALSE","TRUE","FALSE"
"A0289","magic","めざましドリ召喚","１人の睡眠状態を回復する。","72","4500","SD1014","1","0","0","POW,M_ATK","ONE","FALSE","PARTY","TRUE","TRUE","TRUE"
"A0290","magic","神聖七方陣","効果範囲内の攻撃力、魔法攻撃力、防御力、/魔法防御力、器用さ、精神力、素早さを上昇する。","333","4500","SD1014","1","0","2","POW,M_ATK","IN_AREA","TRUE","PARTY","TRUE","TRUE","TRUE"
"A0291","magic","攻撃の方陣","効果範囲内の攻撃力、魔法攻撃力を上昇する。","333","4500","SD1014","1","0","2","POW,M_ATK","IN_AREA","FALSE","PARTY","FALSE","TRUE","FALSE"
"A0292","magic","防御の方陣","効果範囲内の防御力、魔法防御力を上昇する。","333","4500","SD1014","1","0","2","POW,M_ATK","IN_AREA","FALSE","PARTY","FALSE","TRUE","FALSE"
"A0293","magic","魔力の方陣","効果範囲内の魔法回避率、魔法カット率を上昇する。","333","4500","SD1014","1","0","2","POW,M_ATK","IN_AREA","FALSE","PARTY","FALSE","TRUE","FALSE"
"A0294","magic","捨身","対象の物理攻撃カット率を0にし、物理攻撃クリティカル率を2倍にする。","128","4500","SD1033","1","0","1","POW,M_ATK","ONE","FALSE","PARTY","TRUE","TRUE","TRUE"
"A0295","magic","魔力集中","対象の魔法攻撃カット率を0にし、魔法攻撃クリティカル率を2倍にする。","128","4500","SD1033","1","0","1","POW,M_ATK","ONE","FALSE","PARTY","TRUE","TRUE","TRUE"
"A0296","magic","朱雀","対象の物理攻撃クリティカル時のダメージを4倍にする。","128","4500","SD1033","1","0","1","POW,M_ATK","ONE","FALSE","PARTY","TRUE","TRUE","TRUE"
"A0297","magic","限夢","対象の魔法攻撃クリティカル時のダメージを4倍にする。","128","4500","SD1033","1","0","1","POW,M_ATK","ONE","FALSE","PARTY","TRUE","TRUE","TRUE"
"A0298","magic","無尽","対象の魔力を回復する。術者は精神力を消費する。","128","4500","SD1033","1","0","1","POW,M_ATK","ONE","FALSE","PARTY","TRUE","TRUE","TRUE"
"A0299","magic","ネギ召喚","術者はネギを手に入れるが、まれに間違ってごぼうが手に入る。","0","4500","SD1040","1","0","0","POW,M_ATK","ONE","TRUE","PARTY","FALSE","TRUE","FALSE"
"A0300","magic","蓄積","効果範囲内に錬金属性ダメージ。まれに黄金化状態にする。","160","4500","SD1036","1","0","0","POW,M_ATK","ONE","FALSE","ENEMY","FALSE","TRUE","FALSE"
"A0301","magic","弱火","１人の凍結を解除する。まれに炎上する。","72","4500","SD1027","1","0","0","POW,M_ATK","ONE","FALSE","PARTY","TRUE","TRUE","TRUE"
"A0302","magic","毒の方陣","効果範囲全体を一定確率で状態異常にする。","333","4500","SD1014","1","0","2","POW,M_ATK","IN_AREA","FALSE","PARTY","FALSE","TRUE","FALSE"
"A0303","magic","眠りの方陣","効果範囲全体を一定確率で状態異常にする。","333","4500","SD1014","1","0","2","POW,M_ATK","IN_AREA","FALSE","PARTY","FALSE","TRUE","FALSE"
"A0304","magic","麻痺の方陣","効果範囲全体を一定確率で状態異常にする。","333","4500","SD1014","1","0","2","POW,M_ATK","IN_AREA","FALSE","PARTY","FALSE","TRUE","FALSE"
"A0305","magic","凍結の方陣","効果範囲全体を一定確率で状態異常にする。","333","4500","SD1014","1","0","2","POW,M_ATK","IN_AREA","FALSE","PARTY","FALSE","TRUE","FALSE"
"A0306","magic","炎上の方陣","効果範囲全体を一定確率で状態異常にする。","333","4500","SD1014","1","0","2","POW,M_ATK","IN_AREA","FALSE","PARTY","FALSE","TRUE","FALSE"
"A0307","magic","気絶の方陣","効果範囲全体を一定確率で状態異常にする。","333","4500","SD1014","1","0","2","POW,M_ATK","IN_AREA","FALSE","PARTY","FALSE","TRUE","FALSE"
"A0308","magic","郭公のさえずり","対象のMPと正気度を使用して詠唱し、その対象に弱ダメージ。","160","4500","SD1040","1","0","1","POW,M_ATK","ONE","FALSE","ENEMY","TRUE","TRUE","TRUE"
"A0309","magic","マッチポンプ","対象のMPを消費して術者の体力を回復する。","150","4500","SD1040","1","0","1","POW,M_ATK","ONE","FALSE","ENEMY","TRUE","TRUE","TRUE"
"A0311","magic","魔法剣の召喚","術者のアイテム欄に空きがある場合は、ランダムな魔法剣を追加する。","0","4500","SD1040","1","0","3","POW,M_ATK","ONE","TRUE","PARTY","FALSE","TRUE","FALSE"
"A0312","magic","闘魂注入","対象の精神力と攻撃力を上昇させる。","72","4500","SD1033","1","0","0","POW,M_ATK","ONE","FALSE","PARTY","TRUE","TRUE","TRUE"
"A0313","magic","火の槌","対象は体力が１になり、最大値から減った分だけ武器の攻撃力が上がる。","150","4500","SD1040","1","0","1","POW,M_ATK","ONE","FALSE","PARTY","TRUE","TRUE","TRUE"
"A0314","magic","多数決","敵との人数を比較し、少ない方にダメージ。","9999","4500","SD1019","1","0","1","POW,M_ATK","IN_AREA","FALSE","ENEMY","FALSE","TRUE","FALSE"
"A0315","magic","少数決","敵との人数を比較し、多い方にダメージ。","9999","4500","SD1019","1","0","1","POW,M_ATK","IN_AREA","FALSE","ENEMY","FALSE","TRUE","FALSE"
"A0316","magic","出る杭は打たれる","術者から一番遠くにいる対象が高確率で即死する。","9999","4500","SD1040","1","0","3","POW,M_ATK","IN_AREA","FALSE","ENEMY","FALSE","TRUE","FALSE"
"A0317","magic","きしむ車輪は油をさされる","術者から一番近くにいる対象が高確率で即死する。","9999","4500","SD1040","1","0","3","POW,M_ATK","IN_AREA","FALSE","ENEMY","FALSE","TRUE","FALSE"
"A0318","magic","死者の腕","近距離にいる対象１人を高確率で即死させる。","42","4500","SD1014","1","0","1","POW,M_ATK","ONE","FALSE","ENEMY","TRUE","TRUE","TRUE"
"A0319","magic","スーパースペシャルスパゲティ（SSS)","対象１人が高確率で発狂する。","72","4500","SD1032","1","0","1","POW,M_ATK","ONE","FALSE","ENEMY","TRUE","TRUE","TRUE"
"A0320","magic","勇者アリオス","今まで倒したの数の１00分の１を基礎威力として１人にダメージ。/術者は正気度を失う。","120","4500","SD1019","1","0","0","POW,M_ATK","ONE","FALSE","ENEMY","TRUE","TRUE","TRUE"
"A0321","magic","燃える水","対象が高確率で炎上する。","72","4500","SD1028","1","0","0","POW,M_ATK","ONE","FALSE","ENEMY","TRUE","TRUE","TRUE"
"A0322","magic","砂風呂","対象は体力が回復する。凍結を解除する。/木化している場合は回復しない。","72","4500","SD1015","1","0","0","POW,M_ATK","ONE","FALSE","PARTY","TRUE","TRUE","TRUE"
"A0323","magic","そば団子アロー","対象がそば団子になり、消滅する。/対象が敵であれば、ドロップアイテムにそば団子が追加される。/対象が味方の場合は術者のアイテム欄にそば団子が追加される。","366","4500","SD1021","1","0","0","POW,M_ATK","ONE","FALSE","ENEMY","TRUE","TRUE","TRUE"
"A0324","magic","木の妖精","木化している対象者は体力を回復する。木化状態は回復されない。","340","4500","SD1032","1","0","1","POW,M_ATK","ONE","FALSE","PARTY","TRUE","TRUE","TRUE"
"A0325","magic","アルケミコーラ注文","術者のアイテム欄に空きがある場合は、アルケミコーラを追加する/。敵に詠唱するとドロップアイテムにアルケミコーラが追加される。","0","4500","SD1035","1","0","1","POW,M_ATK","ONE","FALSE","ENEMY","FALSE","TRUE","FALSE"
"A0326","magic","アルケミコーラ業者の注文","対象のアイテム欄をアルケミコーラで埋め尽くす。/敵に詠唱するとドロップアイテムにアルケミコーラが追加される。","0","4500","SD1035","1","0","1","POW,M_ATK","ONE","FALSE","ENEMY","FALSE","TRUE","FALSE"
"A0327","magic","アルケミコーラクアンタムグレネード","アイテム欄からスーパーアルケミコーラクアンタムを一つ減らす。/効果範囲全体に錬金ダメージ。アイテムを持っていないときは発動しない。","350","4500","SD1035","1","0","1","POW,M_ATK","ONE","FALSE","ENEMY","FALSE","TRUE","FALSE"
"A0328","magic","ゆるぎなき力","術者の近くにいる対象を強制的かつ直ちに後退させる。まれに即死させる。","72","4500","SD1022","1","0","0","POW,M_ATK","IN_AREA","FALSE","ENEMY","TRUE","TRUE","TRUE"
"A0329","magic","転換","対象の攻撃力を防御力に、防御力を攻撃力にする","72","4500","SD1033","1","0","1","POW,M_ATK","ONE","FALSE","PARTY","TRUE","TRUE","TRUE"
"A0330","magic","FWでお金頂戴はすべて詐欺です","術者はダレス金貨を手に入れるが、正気度が下がる。/フィールドでしか使えない。","0","4500","SD1040","1","0","0","POW,M_ATK","ONE","FALSE","ENEMY","FALSE","TRUE","FALSE"
"A0331","magic","錬金雨","効果範囲全体を一定確率で黄金化状態にする。","450","4500","SD1023","1","0","1","POW,M_ATK","IN_AREA","FALSE","ENEMY","TRUE","TRUE","TRUE"
"A0332","magic","天雷","対象に雷属性ダメージ。","400","4500","SD1037","1","0","2","POW,M_ATK","ONE","FALSE","ENEMY","TRUE","TRUE","TRUE"
"A0333","magic","不動","対象者の移動力が半分になるが、防御力と魔法防御力がそれぞれ2倍になる。","72","4500","SD1035","1","0","1","POW,M_ATK","ONE","FALSE","PARTY","TRUE","TRUE","TRUE"
"A0334","magic","魂の帰還","消滅状態を回復するが、正気度が下がる。","140","4500","SD1014","1","0","1","POW,M_ATK","ONE","FALSE","PARTY","TRUE","TRUE","TRUE"
"A0335","magic","無限転生","効果範囲内の全員の消滅と死亡を回復するが、/正気度が下がる。","240","4500","SD1014","1","0","2","POW,M_ATK","IN_AREA","FALSE","PARTY","FALSE","TRUE","FALSE"
"A0336","magic","割り込み","効果範囲内の全員が魔法詠唱を中断する。","260","4500","SD1014","1","0","1","POW,M_ATK","IN_AREA","FALSE","PARTY","FALSE","TRUE","FALSE"
"A0337","magic","封印の方陣","効果範囲全体を一定確率で状態異常にする。","333","4500","SD1014","1","0","2","POW,M_ATK","IN_AREA","FALSE","PARTY","FALSE","TRUE","FALSE"
"A0338","magic","血の雨","術者の体力を消費して詠唱する。効果範囲全体にダメージ。","450","4500","SD1023","1","0","1","POW,M_ATK","IN_AREA","FALSE","ENEMY","FALSE","TRUE","FALSE"
"A0339","magic","写本","術者の魔術書欄に空きがある場合は、/持っている魔術書のうちランダムな魔術書を複製して手に入れる。","0","4500","SD1040","1","0","0","POW,M_ATK","ONE","TRUE","PARTY","FALSE","TRUE","FALSE"
"A0340","magic","生命の雫","範囲内の全員が回復する。","400","4500","SD1023","1","0","3","POW,M_ATK","IN_AREA","FALSE","PARTY","FALSE","TRUE","FALSE"
"A0341","magic","死神からの手紙","効果範囲内で体力が一番低いものが即死する。","444","4500","SD1014","1","0","1","POW,M_ATK","IN_AREA","FALSE","ENEMY","FALSE","TRUE","FALSE"
"A0342","magic","アイスブレス","効果範囲内の全員に冷気属性ダメージ","96","4500","SD1024","1","0","1","POW,M_ATK","IN_AREA","FALSE","ENEMY","FALSE","TRUE","FALSE"
"A0343","magic","パラライズ","対象が中確率で麻痺状態になる。","96","4500","SD1040","1","0","1","POW,M_ATK","ONE","FALSE","ENEMY","TRUE","TRUE","TRUE"
"A0344","magic","進捗どうですか？","対象の精神力にダメージ。","72","4500","SD1033","1","0","0","POW,M_ATK","ONE","FALSE","ENEMY","TRUE","TRUE","TRUE"
"A0345","magic","交換しましょう","対象のステータスと術者のステータスを入れ替える。","128","4500","SD1033","1","0","1","POW,M_ATK","ONE","FALSE","ENEMY","TRUE","TRUE","TRUE"
"A0346","magic","空間扉","上位者に介入し、指定したマップの座標に移動する。","0","4500","SD1032","1","0","0","POW,M_ATK","ONE","FALSE","ENEMY","FALSE","TRUE","FALSE"
"A0347","magic","テレポート","フロアの出口または入り口から出たマップに移動する。/どちらに移動するかはランダム。正気度を少量失う。","0","4500","SD1032","1","0","0","POW,M_ATK","ONE","FALSE","ENEMY","FALSE","TRUE","FALSE"
"A0348","magic","マジカルアロー","対象にダメージ。遠くまで届く。","555","4500","SD1040","1","0","1","POW,M_ATK","ONE","FALSE","ENEMY","TRUE","TRUE","TRUE"
"A0349","magic","風林火山","術者の攻撃力、防御力、素早さを上昇する。","0","4500","SD1039","1","0","0","POW,M_ATK","ONE","TRUE","PARTY","TRUE","TRUE","TRUE"
"A0350","magic","アルケミチキン召喚","場にアルケミチキンを召喚する。/アルケミチキンは敵対するが襲ってこない。/倒すと謎の肉が手に入る。","0","4500","SD1036","1","0","1","POW,M_ATK","ONE","FALSE","ENEMY","FALSE","TRUE","FALSE"
"A0351","magic","乙女マチルダの渾身の一撃","対象に斬撃ダメージ。まれに即死。","60","4500","SD1019","1","0","0","POW,M_ATK","ONE","TRUE","ENEMY","TRUE","TRUE","TRUE"
"A0352","magic","GHへの訪問","上位者のリポジトリを表示する。術者はまれに発狂する。","0","4500","SD1032","1","0","0","POW,M_ATK","ONE","FALSE","PARTY","FALSE","TRUE","FALSE"
"A0353","magic","やどかり召喚","場にやどかりを召喚する。/とても強いが、倒すと大量の経験値とやどかりの殻が手に入る。","0","4500","SD1032","1","0","3","POW,M_ATK","IN_AREA","FALSE","ENEMY","FALSE","TRUE","FALSE"
"A0354","magic","複製","対象者と同じ敵を追加する。/対象は正気度が１になる。/システム的な都合により味方に詠唱することはできない。","150","4500","SD1032","1","0","2","POW,M_ATK","ONE","FALSE","ENEMY","FALSE","TRUE","TRUE"
"A0355","magic","魔法の防刃チョッキ","対象の斬撃耐性を上昇する。","150","4500","SD1032","1","0","1","POW,M_ATK","ONE","FALSE","PARTY","TRUE","TRUE","TRUE"
"A0356","magic","魔法のちゃんちゃんこ","対象の衝撃耐性を上昇する。","150","4500","SD1032","1","0","1","POW,M_ATK","ONE","FALSE","PARTY","TRUE","TRUE","TRUE"
"A0357","magic","魔法の防弾ベスト","対象の刺突耐性を上昇する。","150","4500","SD1032","1","0","1","POW,M_ATK","ONE","FALSE","PARTY","TRUE","TRUE","TRUE"
"A0358","magic","フォースフィールド","味方全体の刺突体制を上昇する。","280","4500","SD1038","1","0","0","POW,M_ATK","IN_AREA","TRUE","PARTY","TRUE","TRUE","TRUE"
"A0359","magic","流星群","敵味方全体にダメージ。","400","4500","SD1027","1","0","3","POW,M_ATK","IN_AREA","FALSE","ENEMY","FALSE","TRUE","FALSE"
"A0360","magic","それってあなたの乾燥ですよね？","一人の湿潤を回復する。/木化している場合はダメージを受ける。","72","4500","SD1040","1","0","0","POW,M_ATK","ONE","FALSE","PARTY","TRUE","TRUE","TRUE"
"A0361","magic","蟻地獄","対象はフィールドの中心に強制的かつ直ちに移動する。","450","4500","SD1015","1","0","1","POW,M_ATK","ONE","FALSE","ENEMY","TRUE","TRUE","TRUE"
"A0362","magic","砂嵐","全体に地属性ダメージ。","450","4500","SD1015","1","0","1","POW,M_ATK","IN_AREA","FALSE","ENEMY","FALSE","TRUE","FALSE"
"A0363","magic","ゴールデンタッチ","近距離にいる１体が高確率で黄金化する。","60","4500","SD1036","1","0","0","POW,M_ATK","ONE","FALSE","ENEMY","TRUE","TRUE","TRUE"
"A0364","magic","金の精霊","黄金化している対象者は体力を回復する。/黄金化状態は回復されない。","280","4500","SD1036","1","0","1","POW,M_ATK","ONE","FALSE","PARTY","TRUE","TRUE","TRUE"
"A0365","magic","不死鳥","対象者が炎上状態にある場合、体力を完全回復する。/炎上状態でない場合は何も起こらない。","300","4500","SD1014","1","0","1","POW,M_ATK","ONE","FALSE","PARTY","TRUE","TRUE","TRUE"
"A0366","magic","火をつけろ～","近距離にいる対象を高確率で炎上させる。","60","4500","SD1028","1","0","0","POW,M_ATK","ONE","FALSE","PARTY","TRUE","TRUE","TRUE"
"A0367","magic","精神分析","対象者の発狂を回復する。","72","4500","SD1032","1","0","0","POW,M_ATK","ONE","FALSE","PARTY","TRUE","TRUE","TRUE"
"A0368","magic","竹堤","効果範囲内全員の防御力を上昇する。","170","4500","SD1014","1","0","1","POW,M_ATK","IN_AREA","FALSE","PARTY","TRUE","TRUE","TRUE"
"A0369","magic","堤防","効果範囲内全員の水耐性を上昇する。","170","4500","SD1023","1","0","1","POW,M_ATK","IN_AREA","FALSE","PARTY","TRUE","TRUE","TRUE"
"A0370","magic","オキナ・ザ・バンブー・カッター","近距離の対象に斬撃属性ダメージ。/対象が木化している場合は１0倍の威力になる。","72","4500","SD1019","1","0","0","POW,M_ATK","ONE","FALSE","ENEMY","TRUE","TRUE","TRUE"
"A0371","magic","砂塵","効果範囲内全員の回避率を上昇する。","280","4500","SD1015","1","0","0","POW,M_ATK","IN_AREA","FALSE","PARTY","TRUE","TRUE","TRUE"
"A0372","magic","もしかして私たち！？","対象と術者の精神力を入れ替える。/双方ともに正気度にダメージを受ける。/術者と対象者が男性と女性の場合、男性側は精神力が全快して元気になる。/","175","4500","SD1033","1","0","2","POW,M_ATK","ONE","FALSE","PARTY","TRUE","TRUE","TRUE"
"A0373","magic","狂火","効果範囲内全員の正気度にダメージ。","175","4500","SD1033","1","0","1","POW,M_ATK","IN_AREA","FALSE","ENEMY","FALSE","TRUE","FALSE"
"A0374","magic","狂乱の渦","敵味方全員の減っている正気度の平均値だけ、全員がダメージを受ける。","9999","4500","SD1033","1","0","1","POW,M_ATK","ONE","FALSE","ENEMY","FALSE","TRUE","FALSE"
"A0375","magic","エンチャント斬撃","術者が装備している武器の攻撃属性を変化する。/元の攻撃属性は消える。","0","4500","SD1040","1","0","0","POW,M_ATK","ONE","FALSE","PARTY","FALSE","TRUE","FALSE"
"A0376","magic","エンチャント刺突","術者が装備している武器の攻撃属性を変化する。/元の攻撃属性は消える。","0","4500","SD1040","1","0","0","POW,M_ATK","ONE","FALSE","PARTY","FALSE","TRUE","FALSE"
"A0377","magic","エンチャント衝撃","術者が装備している武器の攻撃属性を変化する。/元の攻撃属性は消える。","0","4500","SD1040","1","0","0","POW,M_ATK","ONE","FALSE","PARTY","FALSE","TRUE","FALSE"
"A0378","magic","柳葉","効果範囲全体に風属性ダメージ。","275","4500","SD1038","1","0","1","POW,M_ATK","IN_AREA","FALSE","ENEMY","FALSE","TRUE","FALSE"
"A0379","magic","俺は正気に戻った！","中確率で対象の発狂・狂乱・混乱を回復する。","175","4500","SD1033","1","0","0","POW,M_ATK","ONE","TRUE","PARTY","TRUE","TRUE","TRUE"
"A0380","magic","ヘルカイザー","効果範囲の全員に継続ダメージ","346","4500","SD1023","1","0","2","POW,M_ATK","IN_AREA","FALSE","ENEMY","FALSE","TRUE","FALSE"
"A0381","magic","血しぶき","近距離の対象に継続ダメージを付与する","60","4500","SD1023","1","0","1","POW,M_ATK","ONE","TRUE","ENEMY","TRUE","TRUE","TRUE"
"A0382","magic","酸性雨","効果範囲の全員に継続ダメージ弱を付与する","450","4500","SD1023","1","0","1","POW,M_ATK","IN_AREA","FALSE","ENEMY","FALSE","TRUE","FALSE"
"A0383","magic","赤星病","木化している対象全員に継続ダメージを付与する","300","4500","SD1038","1","0","1","POW,M_ATK","IN_AREA","TRUE","ENEMY","TRUE","TRUE","TRUE"
"A0384","magic","油虫","木化している対象に継続ダメージを付与する","60","4500","SD1040","1","0","0","POW,M_ATK","ONE","TRUE","ENEMY","TRUE","TRUE","TRUE"
"A0385","magic","浸食","黄金化している対象に継続ダメージを付与する","72","4500","SD1036","1","0","0","POW,M_ATK","ONE","TRUE","ENEMY","TRUE","TRUE","TRUE"
"A0386","magic","呪い","体力が満タンの対象に継続ダメージを付与する","72","4500","SD1014","1","0","0","POW,M_ATK","ONE","TRUE","ENEMY","TRUE","TRUE","TRUE"
"A0387","magic","ルパートの涙","術者の防御力と魔法防御力が大きく上昇するが、即死耐性が下がる。","0","4500","SD1036","1","0","2","POW,M_ATK","ONE","TRUE","PARTY","FALSE","TRUE","FALSE"
"A0388","magic","どこでもセーブ","どこでもセーブができる。","0","4500","SD1040","1","0","0","POW,M_ATK","ONE","FALSE","ENEMY","FALSE","TRUE","FALSE"
"A0389","magic","ロード","セーブデータをロードする。現在の状態は破棄される。","0","4500","SD1040","1","0","0","POW,M_ATK","ONE","FALSE","ENEMY","FALSE","TRUE","FALSE"
"A0390","magic","セーブデータの破壊","現在のセーブデータを破壊する。また、セーブできなくなる。（セーブしようとすると世界が破滅する）","0","4500","SD1031","1","0","0","POW,M_ATK","ONE","FALSE","ENEMY","FALSE","TRUE","FALSE"
"A0391","magic","セーブデータの根絶","すべてのセーブデータを破壊する。また、セーブできなくなる。（セーブしようとすると世界が破滅する）","0","4500","SD1031","1","0","0","POW,M_ATK","ONE","FALSE","ENEMY","FALSE","TRUE","FALSE"
"A0392","magic","立枯","木化している対象を即死させる。","72","4500","SD1040","1","0","0","POW,M_ATK","ONE","FALSE","ENEMY","TRUE","TRUE","TRUE"
"A0393","magic","赤錆","術者が装備している武器の攻撃力を1下げるが、価値が100上がる。","0","4500","SD1040","1","0","0","POW,M_ATK","ONE","FALSE","PARTY","FALSE","TRUE","FALSE"
"A0394","magic","崇拝","術者は正気度が減っている分だけ魔力を回復する。","0","4500","SD1032","1","0","0","POW,M_ATK","ONE","FALSE","ENEMY","TRUE","TRUE","TRUE"
"A0395","magic","円陣","味方を術者の周りに集結させる。","850","4500","SD1032","1","0","0","POW,M_ATK","ONE","TRUE","PARTY","TRUE","TRUE","TRUE"
"A0396","magic","天使の輪","対象の即死耐性と消滅耐性を向上する。","175","4500","SD1032","1","0","0","POW,M_ATK","ONE","TRUE","PARTY","TRUE","TRUE","TRUE"
"A0397","magic","堕天使","対象の即死耐性と消滅耐性を低下する。","175","4500","SD1032","1","0","0","POW,M_ATK","ONE","TRUE","PARTY","TRUE","TRUE","TRUE"
"A0398","magic","金より経験","戦闘中に詠唱すると、その先頭でのドロップアイテムがなくなるが、経験値が2倍になる。","0","4500","SD1032","1","0","1","POW,M_ATK","ONE","FALSE","ENEMY","FALSE","TRUE","FALSE"
"A0399","magic","経験より金","戦闘中に詠唱すると、その先頭での経験値が0になるが、ドロップアイテムが増える。","0","4500","SD1032","1","0","1","POW,M_ATK","ONE","FALSE","ENEMY","FALSE","TRUE","FALSE"
"A0400","magic","熱による調理","術者が持っているすべての生豆、なまにく、芋等を調理済みに変換する。","0","4500","SD1030","1","0","0","POW,M_ATK","ONE","FALSE","ENEMY","FALSE","TRUE","FALSE"
"A0401","magic","煮沸","術者が持っているすべての汚染水をきれいな水に変換する","0","4500","SD1030","1","0","0","POW,M_ATK","ONE","FALSE","ENEMY","FALSE","TRUE","FALSE"
"A0402","magic","令風","術者の周りにいる対象を回復する。精神力も回復する。","0","4500","SD1038","1","0","0","POW,M_ATK","IN_AREA","FALSE","PARTY","FALSE","TRUE","FALSE"
"A0403","magic","星を見る人","詠唱すると直ちに漁師の小屋の近くに転送される。戦闘中の場合は中断される。プレイヤーキャラの全員が発狂する可能性がある。","0","4500","SD1020","1","0","0","POW,M_ATK","ONE","FALSE","ENEMY","FALSE","TRUE","FALSE"
"A0404","magic","メテオ","敵味方全体にダメージ。非常に範囲が広い。/正気度にもダメージ。","1000","4500","SD1015","1","0","4","POW,M_ATK","IN_AREA","FALSE","ENEMY","FALSE","TRUE","FALSE"
"A0405","magic","シャンブルズ","対象と術者の位置を入れ替える。両者ともに正気度を少し失う。","400","4500","SD1040","1","0","0","POW,M_ATK","ONE","TRUE","PARTY","TRUE","TRUE","TRUE"
"A0406","magic","ごちゃまぜハリケーン","効果範囲全体のキャラクタの位置をランダムな場所にする。全員が正気度を少し失う。","600","4500","SD1040","1","0","2","POW,M_ATK","IN_AREA","FALSE","ENEMY","FALSE","TRUE","FALSE"
"A0407","magic","墓穴","対象を即死させるが、もし失敗した場合術者が即死する。/どちらも失敗する可能性がある。","150","4500","SD1014","1","0","0","POW,M_ATK","ONE","TRUE","ENEMY","TRUE","TRUE","TRUE"
"A0408","magic","神秘の鎧","対象の消滅耐性と即死耐性を上昇させる。","150","4500","SD1032","1","0","0","POW,M_ATK","ONE","TRUE","PARTY","TRUE","TRUE","TRUE"
"A0409","magic","内なる瞳","対象の神秘耐性と発狂耐性を低下する。また、消滅耐性と即死耐性も低下する。","150","4500","SD1032","1","0","0","POW,M_ATK","ONE","TRUE","ENEMY","TRUE","TRUE","TRUE"
"A0410","magic","餓鬼","術者が装備している武器を何らかの食べ物に変える。しかし一定確率でごみになる。","0","4500","SD1040","1","0","0","POW,M_ATK","ONE","FALSE","PARTY","FALSE","TRUE","FALSE"
"A0411","magic","ガラクタ召喚","術者のアイテム欄にごみを追加する。ごくまれに伝説級の武器が手に入る。","0","4500","SD1040","1","0","0","POW,M_ATK","ONE","FALSE","PARTY","FALSE","TRUE","FALSE"
"A0412","magic","監獄","対象の行動力を0にする。/成功した場合、対象は何らかの方法で行動力を手に入れるまで動けなくなる。/ただし攻撃などのアクションはできる。","175","4500","SD1040","1","0","1","POW,M_ATK","ONE","TRUE","ENEMY","TRUE","TRUE","TRUE"
"A0413","magic","出所","対象の行動力の増減をもとに戻す。","175","4500","SD1040","1","0","0","POW,M_ATK","ONE","TRUE","ENEMY","TRUE","TRUE","TRUE"
"A0414","magic","駆け足！","対象の行動力を増加する。","175","4500","SD1040","1","0","0","POW,M_ATK","ONE","TRUE","ENEMY","TRUE","TRUE","TRUE"
"A0415","magic","ピカピ化","対象の光耐性を上昇する。","175","4500","SD1040","1","0","0","POW,M_ATK","ONE","TRUE","ENEMY","TRUE","TRUE","TRUE"
"A0416","magic","頭痛","術者はスリップダメージ弱を受けるが、正気度が回復する。","175","4500","SD1033","1","0","0","POW,M_ATK","ONE","TRUE","PARTY","FALSE","TRUE","FALSE"
"A0417","magic","やんほぬ","謎の呪文で、何が起こるかわからない。/様々な解釈があることだけは観測されている。","9999","4500","SD1020","1","0","1","POW,M_ATK","IN_AREA","FALSE","ENEMY","FALSE","TRUE","FALSE"
"A0418","magic","天使たちの歌","効果範囲全員の消滅と死亡を回復する。","450","4500","SD1014","1","0","2","POW,M_ATK","IN_AREA","FALSE","ENEMY","FALSE","TRUE","FALSE"
"A0419","magic","水銀","対象は防御力を失うが、回避率が上昇する。","150","4500","SD1036","1","0","0","POW,M_ATK","ONE","TRUE","ENEMY","TRUE","TRUE","TRUE"
"A0420","magic","木の召喚","術者のすぐそばに障害物（木）を追加する。","72","4500","SD1036","1","0","1","POW,M_ATK","IN_AREA","FALSE","ENEMY","FALSE","TRUE","FALSE"
"A0421","magic","石の召喚","術者のすぐそばに障害物（石）を追加する。","72","4500","SD1036","1","0","1","POW,M_ATK","IN_AREA","FALSE","ENEMY","FALSE","TRUE","FALSE"
"A0422","magic","寿","範囲回復。味方にしかあたらない。/切断も治す。","360","4500","SD1013","1","0","0","POW,M_ATK","IN_AREA","TRUE","PARTY","TRUE","TRUE","TRUE"
"A0423","magic","持久戦","すべての詠唱中の魔法の詠唱完了を1ターン伸ばす。","0","4500","SD1020","1","0","1","POW,M_ATK","IN_AREA","FALSE","ENEMY","FALSE","TRUE","FALSE"
"A0424","magic","短期決戦","すべての詠唱中の魔法の詠唱完了を1ターン減らす。/このターンになった場合はターンの最後に挿入される。","0","4500","SD1020","1","0","1","POW,M_ATK","IN_AREA","FALSE","ENEMY","FALSE","TRUE","FALSE"
"A0425","magic","先送り","すべての詠唱中の魔法の詠唱完了を2ターン伸ばす。","0","4500","SD1020","1","0","1","POW,M_ATK","IN_AREA","FALSE","ENEMY","FALSE","TRUE","FALSE"
"A0426","magic","重量化","術者が装備している武器の攻撃回数を1減らし、攻撃力を50上げる。/攻撃回数が1のときは何も起きない。","0","4500","SD1032","1","0","0","POW,M_ATK","ONE","FALSE","ENEMY","FALSE","TRUE","FALSE"
"A0427","magic","速読","すべての詠唱中の魔法の詠唱完了を2ターン減らす。/このターンになった場合はターンの最後に挿入される。","0","4500","SD1020","1","0","1","POW,M_ATK","IN_AREA","FALSE","ENEMY","FALSE","TRUE","FALSE"
"A0428","magic","高速詠唱","すべての詠唱中の魔法の詠唱完了を3ターン減らす。/このターンになった場合はターンの最後に挿入される。","0","4500","SD1020","1","0","1","POW,M_ATK","IN_AREA","FALSE","ENEMY","FALSE","TRUE","FALSE"
"A0429","magic","加速","すべての詠唱中の魔法の詠唱完了を4ターン減らす。/このターンになった場合はターンの最後に挿入される。","0","4500","SD1020","1","0","2","POW,M_ATK","IN_AREA","FALSE","ENEMY","FALSE","TRUE","FALSE"
"A0430","magic","ウサギとカメ","6ターン以内の詠唱完了イベントのタイミングを反転させる。/6ターン後に詠唱完了する魔法は次のターンに詠唱完了する。/次のターンに詠唱完了する魔法は6ターン後になる。","0","4500","SD1020","1","0","2","POW,M_ATK","IN_AREA","FALSE","PARTY","FALSE","TRUE","FALSE"
"A0431","magic","時の女神","詠唱に成功すると術者は直ちに5回行動できる。","0","4500","SD1020","1","0","2","POW,M_ATK","ONE","FALSE","ENEMY","FALSE","TRUE","FALSE"
"A0432","magic","ゴムの木","術者の腕が伸びて遠くの目標にパンチができる。/目撃した全員の正気度が下がる。","565","4500","SD1021","1","0","0","POW,M_ATK","ONE","FALSE","ENEMY","TRUE","TRUE","TRUE"
"A0433","magic","栄","範囲回復。味方にしかあたらない。/切断も治す。正気度と精神力も若干回復する。","360","4500","SD1013","1","0","0","POW,M_ATK","IN_AREA","TRUE","PARTY","TRUE","TRUE","TRUE"
"A0434","magic","一寸先は闇","詠唱完了した次ターンのすべての魔法詠唱完了イベントを破棄する。/詠唱中のキャラは詠唱が中断される。","9999","4500","SD1020","1","0","1","POW,M_ATK","IN_AREA","FALSE","ENEMY","FALSE","TRUE","FALSE"
"A0435","magic","時は金なり","詠唱完了した時点のターン数分、ドロップアイテムが増える。/ターンが進んでいるほどアイテムが増える。","0","4500","SD1020","1","0","1","POW,M_ATK","ONE","FALSE","ENEMY","FALSE","TRUE","FALSE"
"A0436","magic","石の上にも三年","詠唱完了した時点のターン数に応じた攻撃力で攻撃する。/ターンが進んでいるほど威力が上がる。","0","4500","SD1020","1","0","1","POW,M_ATK","ONE","FALSE","ENEMY","FALSE","TRUE","FALSE"
"A0437","magic","破壊神のデコピン","全員に即死判定。/即死した数に応じて生き残った全員の正気度が減る。","9999","4500","SD1032","1","0","2","POW,M_ATK","IN_AREA","FALSE","ENEMY","FALSE","TRUE","FALSE"
"A0438","magic","魔道風","味方全体の魔法防御力が上昇する。","480","4500","SD1038","1","0","1","POW,M_ATK","IN_AREA","TRUE","PARTY","TRUE","TRUE","TRUE"
"A0439","magic","発破","効果範囲内の障害物を除去し、その数に応じて効果範囲内の対象にダメージ。","350","4500","SD1021","1","0","1","POW,M_ATK","IN_AREA","FALSE","ENEMY","FALSE","TRUE","FALSE"
"A0440","magic","箪笥の角に小指","対象に小ダメージ。精神力にもダメージ。/さらにこのターンまだ行動していなければ、一定確率で行動がキャンセルされる。","72","4500","SD1022","1","0","0","POW,M_ATK","ONE","FALSE","ENEMY","TRUE","TRUE","TRUE"
"A0441","magic","平和主義者断腸の一撃","敵単体にダメージ。/今まで倒したの数が少ないほどダメージが上がる。","150","4500","SD1019","1","0","1","POW,M_ATK","ONE","FALSE","ENEMY","TRUE","TRUE","TRUE"
"A0442","magic","ランダムシードディスティニー","ランダムな数のランダムな対象にランダムな属性で/ランダムなダメージを与え、術者もランダムなダメージを受ける。","9999","4500","SD1032","1","0","1","POW,M_ATK","IN_AREA","FALSE","ENEMY","FALSE","TRUE","FALSE"
"A0443","magic","幻惑ダメージ","対象者は1ターンの間、最大体力が減る。/これに伴い現在値も減る。","140","4500","SD1033","1","0","0","POW,M_ATK","ONE","FALSE","ENEMY","TRUE","TRUE","TRUE"
"A0444","magic","体力の低下","対象者は2ターンの間、最大体力が減る。/これに伴い現在値も減る。","140","4500","SD1033","1","0","1","POW,M_ATK","ONE","FALSE","ENEMY","TRUE","TRUE","TRUE"
"A0445","magic","命断","対象を即死させる。/対象者の体力が低いほど成功しやすい。","72","4500","SD1014","1","0","0","POW,M_ATK","ONE","FALSE","ENEMY","TRUE","TRUE","TRUE"
"A0446","magic","幻惑の霧","効果範囲全員は、1ターンの間最大体力が減る。/これに伴い現在値も減る。","180","4500","SD1033","1","0","1","POW,M_ATK","IN_AREA","FALSE","ENEMY","FALSE","TRUE","TRUE"
"A0447","magic","ロシアンルーレット","それぞれ1／6ずつの確率で次の効果のうち1つが発生する。/術者完全回復、ランダムセーブデータロスト、ゲームクラッシュ/味方完全回復、敵完全回復、何も起きない","9999","4500","SD1032","1","0","1","POW,M_ATK","IN_AREA","TRUE","PARTY","FALSE","TRUE","FALSE"
"A0448","magic","オラに元気を分けてくれ！","味方全体を完全回復する。/ただし、ランダムなセーブデータ（現在のもの以外）を一つ削除する。/ほかのセーブデータがすべて削除されている場合は何も起きない。","380","4500","SD1032","1","0","1","POW,M_ATK","IN_AREA","TRUE","PARTY","FALSE","TRUE","FALSE"
"A0449","magic","痛風","対象に風属性ダメージ。","72","4500","SD1038","1","0","0","POW,M_ATK","ONE","FALSE","ENEMY","TRUE","TRUE","TRUE"
"A0450","magic","懺悔","今まで倒した敵の数が0になる。/ただし現在持っているすべての通貨を失う。","0","4500","SD1032","1","0","0","POW,M_ATK","ONE","TRUE","PARTY","FALSE","TRUE","FALSE"
"A0451","magic","命の回収","効果範囲内の全員を即死させる。/対象者の体力が低いほど成功しやすい。","250","4500","SD1014","1","0","1","POW,M_ATK","IN_AREA","FALSE","ENEMY","FALSE","TRUE","FALSE"
"A0452","magic","どくばり","対象に確実に1のダメージを与える。/対象の回避やブロックによりミスすることはある。","72","4500","SD1035","1","0","0","POW,M_ATK","ONE","FALSE","ENEMY","TRUE","TRUE","TRUE"
"A0453","magic","連続ビンタ","効果範囲の全員に確実に1のダメージを与える。/対象の回避やブロックによりミスすることはある。","72","4500","SD1035","1","0","0","POW,M_ATK","IN_AREA","FALSE","ENEMY","TRUE","TRUE","TRUE"
"A0454","magic","軽量合金追加","術者の装備している胴アイテムの防御力が1上がる。","0","4500","SD1035","1","0","0","POW,M_ATK","ONE","FALSE","PARTY","FALSE","TRUE","FALSE"
"A0455","magic","魔力の鎧","術者が装備している装飾品以外の防具の防御力が1上がる。","0","4500","SD1035","1","0","0","POW,M_ATK","ONE","FALSE","ENEMY","TRUE","TRUE","TRUE"
"A0456","magic","高速パンチ99連打","近距離の対象者に99回攻撃する。","48","4500","SD1021","99","0","3","POW,M_ATK","ONE","FALSE","ENEMY","TRUE","TRUE","TRUE"
"A0457","magic","クイックボール","対象に衝撃ダメージ。ターン数が0に近いほどダメージが上がる。","160","4500","SD1032","1","0","0","POW,M_ATK","ONE","FALSE","ENEMY","TRUE","TRUE","TRUE"
"A0458","magic","力貯め","対象に衝撃ダメージ。ターン数が大きいほどダメージが上がる。","160","4500","SD1032","1","0","0","POW,M_ATK","ONE","FALSE","ENEMY","TRUE","TRUE","TRUE"
"A0459","magic","絶望の大雨","全体に神秘属性ダメージ。さらにスリップダメージを付与する。","500","4500","SD1032","1","0","2","POW,M_ATK","IN_AREA","FALSE","ENEMY","TRUE","TRUE","TRUE"
"A0460","magic","対価","現在使用しているもの以外のセーブデータをすべて破棄する代わりに、/対象1体を確実に即死させる。ボスにも効く。","150","4500","SD1032","1","0","1","POW,M_ATK","ONE","FALSE","ENEMY","TRUE","TRUE","TRUE"
"A0461","magic","上位者の窓","対象に斬撃ダメージ。/ウインドウが画面上の右下にあるほどダメージが上がる。/解像度の高いディスプレイを使った方がダメージが上がる。","150","4500","SD1032","1","0","0","POW,M_ATK","ONE","FALSE","ENEMY","TRUE","TRUE","TRUE"
"A0462","magic","散らかり放題","対象に刺突ダメージ。/プレイヤーのデスクトップにファイル（フォルダ）があるほどダメージが上がる。","150","4500","SD1032","1","0","0","POW,M_ATK","ONE","FALSE","ENEMY","TRUE","TRUE","TRUE"
"A0463","magic","整理整頓","対象に刺突ダメージ。/プレイヤーのデスクトップにファイル（フォルダ）がないほどダメージが上がる。","150","4500","SD1032","1","0","0","POW,M_ATK","ONE","FALSE","ENEMY","TRUE","TRUE","TRUE"
"A0464","magic","深夜の月","対象に斬撃ダメージ。/現在時刻が24時に近いほどダメージが上がる。","150","4500","SD1032","1","0","0","POW,M_ATK","ONE","FALSE","ENEMY","TRUE","TRUE","TRUE"
"A0465","magic","真昼の太陽","対象に斬撃ダメージ。/現在時刻が12時に近いほどダメージが上がる。","150","4500","SD1032","1","0","0","POW,M_ATK","ONE","FALSE","ENEMY","TRUE","TRUE","TRUE"
"A0466","magic","誉の日差し","対象に斬撃ダメージ。/日中(6:00-18:00)のみ成功する。","150","4500","SD1032","1","0","0","POW,M_ATK","ONE","FALSE","ENEMY","TRUE","TRUE","TRUE"
"A0467","magic","誉の月明り","対象に斬撃ダメージ。/夜間(18:00-6:00)のみ成功する。","150","4500","SD1032","1","0","0","POW,M_ATK","ONE","FALSE","ENEMY","TRUE","TRUE","TRUE"
"A0468","magic","音楽の座標","対象に衝撃ダメージ。/現在再生中のBGMの再生位置が終わりに近いほど威力が上がる。","150","4500","SD1032","1","0","0","POW,M_ATK","ONE","FALSE","ENEMY","TRUE","TRUE","TRUE"
"A0469","magic","奇襲","対象に衝撃ダメージ。/現在再生中のBGMの再生位置が開始に近いほど威力が上がる。","150","4500","SD1032","1","0","0","POW,M_ATK","ONE","FALSE","ENEMY","TRUE","TRUE","TRUE"
"A0470","magic","SE破棄","上位者に介入し、SEをすべて破棄する。/通常何もおこならない。","0","4500","SD1032","1","0","0","POW,M_ATK","ONE","FALSE","ENEMY","FALSE","TRUE","FALSE"
"A0471","magic","義経斬","対象に斬撃ダメージ。/効果範囲内に対象が多いほどダメージが上がる。","160","4500","SD1019","1","0","1","POW,M_ATK","IN_AREA","TRUE","ENEMY","TRUE","TRUE","TRUE"
"A0472","magic","博打","33%の確率で持っている金が2倍になるが、64%の確率で半分になる。","0","4500","SD1036","1","0","0","POW,M_ATK","ONE","FALSE","ENEMY","FALSE","TRUE","FALSE"
"A0473","magic","上位者の脳","対象に神秘ダメージ。/使用しているPCのCPUの数が基礎威力になる。","150","4500","SD1032","1","0","0","POW,M_ATK","ONE","FALSE","ENEMY","TRUE","TRUE","TRUE"
"A0474","magic","古きもの","32bit環境動いている場合、威力1000の神秘ダメージ。/64ビット環境の場合は失敗する。/注：おそらく32bitマシンではこのゲームは動かないので/この魔法は必ず失敗するでしょう。","150","4500","SD1032","1","0","0","POW,M_ATK","ONE","FALSE","ENEMY","TRUE","TRUE","TRUE"
"A0475","magic","牛歩","対象に神秘ダメージ。/このターンの行動が遅いほどダメージが上がる。","150","4500","SD1032","1","0","0","POW,M_ATK","ONE","FALSE","ENEMY","TRUE","TRUE","TRUE"
"A0476","magic","世界崩壊","現在のセーブデータを破壊することで、敵全員を確実に即死させる。/今後セーブできなくなる。（しようとするとクラッシュする）","9999","4500","SD1032","1","0","1","POW,M_ATK","IN_AREA","TRUE","ENEMY","TRUE","TRUE","TRUE"
"A0477","magic","熱線","対象に光属性ダメージ。","170","4500","SD1029","1","0","1","POW,M_ATK","ONE","TRUE","ENEMY","TRUE","TRUE","TRUE"
"A0478","magic","常闇","対象に闇属性ダメージ。","72","4500","SD1012","1","0","1","POW,M_ATK","ONE","TRUE","ENEMY","TRUE","TRUE","TRUE"
"A0479","magic","闇の牙","対象に闇属性ダメージ。","72","4500","SD1012","1","0","0","POW,M_ATK","ONE","TRUE","ENEMY","TRUE","TRUE","TRUE"
"A0480","magic","マジカルビーム","対象に光属性ダメージ。","170","4500","SD1012","1","0","0","POW,M_ATK","ONE","TRUE","ENEMY","TRUE","TRUE","TRUE"
"A0481","magic","血の涙","術者の受けているダメージ分だけ対象にダメージ。","170","4500","SD1032","1","0","1","POW,M_ATK","ONE","TRUE","ENEMY","TRUE","TRUE","TRUE"
"A0482","magic","それとチーズ！","チーズを召喚する。/術者のアイテム欄に空きがある場合はチーズを追加する。","0","4500","SD1040","1","0","0","POW,M_ATK","ONE","FALSE","ENEMY","FALSE","TRUE","FALSE"
"A0483","magic","レーザーカッター","対象に光属性ダメージ。/高確率で切断状態にする。","128","4500","SD1012","1","0","1","POW,M_ATK","ONE","TRUE","ENEMY","TRUE","TRUE","TRUE"
"A0484","magic","ウォーターカッター","対象に水属性ダメージ。/高確率で切断状態にする。","128","4500","SD1023","1","0","1","POW,M_ATK","ONE","TRUE","ENEMY","TRUE","TRUE","TRUE"
"A0485","magic","野分","対象に風属性ダメージ。","128","4500","SD1039","1","0","1","POW,M_ATK","ONE","TRUE","ENEMY","TRUE","TRUE","TRUE"
