"CONDITIONEFFECTID","EFFECTCONTINUETYPE","TIM","EFFECTTARGETTYPE","EFFECTSETTYPE","TARGETNAME","VAL","P","DESC"
"CE0001","CONTINUE","9999","STOP","","","0.0","1.0","行動不能無期限"
"CE0002","CONTINUE","9999","STOP","","","0.0","0.75","行動不能高無期限"
"CE0003","CONTINUE","9999","STOP","","","0.0","0.5","行動不能中無期限"
"CE0004","CONTINUE","9999","STOP","","","0.0","0.25","行動不能低無期限"
"CE0005","CONTINUE","5","STOP","","","0.0","1.0","行動不能5ターン"
"CE0006","CONTINUE","5","STOP","","","0.0","0.75","行動不能高5ターン"
"CE0007","CONTINUE","5","STOP","","","0.0","0.5","行動不能中5ターン"
"CE0008","CONTINUE","5","STOP","","","0.0","0.25","行動不能低5ターン"
"CE0009","CONTINUE","1","STOP","","","0.0","1.0","行動不能10ターン"
"CE0010","CONTINUE","10","STOP","","","0.0","0.75","行動不能高10ターン"
"CE0011","CONTINUE","10","STOP","","","0.0","0.5","行動不能中10ターン"
"CE0012","CONTINUE","10","STOP","","","0.0","0.25","行動不能低10ターン"
"CE0013","ONECE","10","STATUS","ADD_PERCENT_OF_MAX","DEF","0.66","1.0","防御効果高1ターン"
"CE0014","ONECE","1","STATUS","ADD_PERCENT_OF_MAX","DEF","0.33","1.0","防御効果中1ターン"
"CE0015","ONECE","1","STATUS","ADD_PERCENT_OF_MAX","DEF","0.15","1.0","防御効果低1ターン"
"CE0016","ONECE","1","STATUS","ADD_PERCENT_OF_MAX","AVO","0.66","1.0","回避効果高1ターン"
"CE0017","ONECE","1","STATUS","ADD_PERCENT_OF_MAX","AVO","0.33","1.0","回避効果中1ターン"
"CE0018","ONECE","1","STATUS","ADD_PERCENT_OF_MAX","AVO","0.15","1.0","回避効果低1ターン"
"CE0019","CONTINUE","5","STATUS","ADD_PERCENT_OF_MAX","HP","0.05","0.95","リジェネ弱5ターン"
"CE0020","CONTINUE","5","STATUS","ADD_PERCENT_OF_MAX","HP","0.1","0.95","リジェネ中5ターン"
"CE0021","CONTINUE","5","STATUS","ADD_PERCENT_OF_MAX","HP","0.15","0.95","リジェネ強5ターン"
"CE0022","CONTINUE","10","STATUS","ADD_PERCENT_OF_MAX","HP","0.05","0.95","リジェネ弱10ターン"
"CE0023","CONTINUE","10","STATUS","ADD_PERCENT_OF_MAX","HP","0.1","0.95","リジェネ中10ターン"
"CE0024","CONTINUE","10","STATUS","ADD_PERCENT_OF_MAX","HP","0.15","0.95","リジェネ強10ターン"
"CE0028","CONTINUE","5","STATUS","ADD_PERCENT_OF_MAX","HP","-0.05","0.95","スリップ弱5ターン"
"CE0029","CONTINUE","5","STATUS","ADD_PERCENT_OF_MAX","HP","-0.1","0.95","スリップ中5ターン"
"CE0030","CONTINUE","5","STATUS","ADD_PERCENT_OF_MAX","HP","-0.15","0.95","スリップ強5ターン"
"CE0031","CONTINUE","10","STATUS","ADD_PERCENT_OF_MAX","HP","-0.05","0.95","スリップ弱10ターン"
"CE0032","CONTINUE","10","STATUS","ADD_PERCENT_OF_MAX","HP","-0.1","0.95","スリップ中10ターン"
"CE0033","CONTINUE","10","STATUS","ADD_PERCENT_OF_MAX","HP","-0.15","0.95","スリップ強10ターン"
"CE0034","ONECE","1","ATTR","ADD_PERCENT_OF_MAX","C_POISON","0.1","0.95","毒耐性向上弱1ターン"
"CE0035","CONTINUE","5","ATTR","ADD_PERCENT_OF_MAX","C_POISON","0.1","0.95","毒耐性向上弱5ターン"
"CE0036","CONTINUE","10","ATTR","ADD_PERCENT_OF_MAX","C_POISON","0.1","0.95","毒耐性向上弱10ターン"
"CE0037","ONECE","1","ATTR","ADD_PERCENT_OF_MAX","C_POISON","0.25","0.95","毒耐性向上中1ターン"
"CE0038","CONTINUE","5","ATTR","ADD_PERCENT_OF_MAX","C_POISON","0.25","0.95","毒耐性向上中5ターン"
"CE0039","CONTINUE","10","ATTR","ADD_PERCENT_OF_MAX","C_POISON","0.25","0.95","毒耐性向上中10ターン"
"CE0040","ONECE","1","ATTR","ADD_PERCENT_OF_MAX","C_POISON","0.5","0.95","毒耐性向上強1ターン"
"CE0041","CONTINUE","5","ATTR","ADD_PERCENT_OF_MAX","C_POISON","0.5","0.95","毒耐性向上強5ターン"
"CE0042","CONTINUE","10","ATTR","ADD_PERCENT_OF_MAX","C_POISON","0.5","0.95","毒耐性向上強10ターン"
"CE0043","ONECE","1","ATTR","ADD_PERCENT_OF_MAX","C_POISON","-0.1","0.95","毒耐性低下弱1ターン"
"CE0044","CONTINUE","5","ATTR","ADD_PERCENT_OF_MAX","C_POISON","-0.1","0.95","毒耐性低下弱5ターン"
"CE0045","CONTINUE","10","ATTR","ADD_PERCENT_OF_MAX","C_POISON","-0.1","0.95","毒耐性低下弱10ターン"
"CE0046","ONECE","1","ATTR","ADD_PERCENT_OF_MAX","C_POISON","-0.25","0.95","毒耐性低下中1ターン"
"CE0047","CONTINUE","5","ATTR","ADD_PERCENT_OF_MAX","C_POISON","-0.25","0.95","毒耐性低下中5ターン"
"CE0048","CONTINUE","10","ATTR","ADD_PERCENT_OF_MAX","C_POISON","-0.25","0.95","毒耐性低下中10ターン"
"CE0049","ONECE","1","ATTR","ADD_PERCENT_OF_MAX","C_POISON","-0.5","0.95","毒耐性低下強1ターン"
"CE0050","CONTINUE","5","ATTR","ADD_PERCENT_OF_MAX","C_POISON","-0.5","0.95","毒耐性低下強5ターン"
"CE0051","CONTINUE","10","ATTR","ADD_PERCENT_OF_MAX","C_POISON","-0.5","0.95","毒耐性低下強10ターン"
"CE0052","ONECE","1","ATTR","ADD_PERCENT_OF_MAX","C_SEAL","0.1","0.95","封印耐性向上弱1ターン"
"CE0053","CONTINUE","5","ATTR","ADD_PERCENT_OF_MAX","C_SEAL","0.1","0.95","封印耐性向上弱5ターン"
"CE0054","CONTINUE","10","ATTR","ADD_PERCENT_OF_MAX","C_SEAL","0.1","0.95","封印耐性向上弱10ターン"
"CE0055","ONECE","1","ATTR","ADD_PERCENT_OF_MAX","C_SEAL","0.25","0.95","封印耐性向上中1ターン"
"CE0056","CONTINUE","5","ATTR","ADD_PERCENT_OF_MAX","C_SEAL","0.25","0.95","封印耐性向上中5ターン"
"CE0057","CONTINUE","10","ATTR","ADD_PERCENT_OF_MAX","C_SEAL","0.25","0.95","封印耐性向上中10ターン"
"CE0058","ONECE","1","ATTR","ADD_PERCENT_OF_MAX","C_SEAL","0.5","0.95","封印耐性向上強1ターン"
"CE0059","CONTINUE","5","ATTR","ADD_PERCENT_OF_MAX","C_SEAL","0.5","0.95","封印耐性向上強5ターン"
"CE0060","CONTINUE","10","ATTR","ADD_PERCENT_OF_MAX","C_SEAL","0.5","0.95","封印耐性向上強10ターン"
"CE0061","ONECE","1","ATTR","ADD_PERCENT_OF_MAX","C_SEAL","-0.1","0.95","封印耐性低下弱1ターン"
"CE0062","CONTINUE","5","ATTR","ADD_PERCENT_OF_MAX","C_SEAL","-0.1","0.95","封印耐性低下弱5ターン"
"CE0063","CONTINUE","10","ATTR","ADD_PERCENT_OF_MAX","C_SEAL","-0.1","0.95","封印耐性低下弱10ターン"
"CE0064","ONECE","1","ATTR","ADD_PERCENT_OF_MAX","C_SEAL","-0.25","0.95","封印耐性低下中1ターン"
"CE0065","CONTINUE","5","ATTR","ADD_PERCENT_OF_MAX","C_SEAL","-0.25","0.95","封印耐性低下中5ターン"
"CE0066","CONTINUE","10","ATTR","ADD_PERCENT_OF_MAX","C_SEAL","-0.25","0.95","封印耐性低下中10ターン"
"CE0067","ONECE","1","ATTR","ADD_PERCENT_OF_MAX","C_SEAL","-0.5","0.95","封印耐性低下強1ターン"
"CE0068","CONTINUE","5","ATTR","ADD_PERCENT_OF_MAX","C_SEAL","-0.5","0.95","封印耐性低下強5ターン"
"CE0069","CONTINUE","10","ATTR","ADD_PERCENT_OF_MAX","C_SEAL","-0.5","0.95","封印耐性低下強10ターン"
"CE0070","ONECE","1","ATTR","ADD_PERCENT_OF_MAX","C_CUT","0.1","0.95","切断耐性向上弱1ターン"
"CE0071","CONTINUE","5","ATTR","ADD_PERCENT_OF_MAX","C_CUT","0.1","0.95","切断耐性向上弱5ターン"
"CE0072","CONTINUE","10","ATTR","ADD_PERCENT_OF_MAX","C_CUT","0.1","0.95","切断耐性向上弱10ターン"
"CE0073","ONECE","1","ATTR","ADD_PERCENT_OF_MAX","C_CUT","0.25","0.95","切断耐性向上中1ターン"
"CE0074","CONTINUE","5","ATTR","ADD_PERCENT_OF_MAX","C_CUT","0.25","0.95","切断耐性向上中5ターン"
"CE0075","CONTINUE","10","ATTR","ADD_PERCENT_OF_MAX","C_CUT","0.25","0.95","切断耐性向上中10ターン"
"CE0076","ONECE","1","ATTR","ADD_PERCENT_OF_MAX","C_CUT","0.5","0.95","切断耐性向上強1ターン"
"CE0077","CONTINUE","5","ATTR","ADD_PERCENT_OF_MAX","C_CUT","0.5","0.95","切断耐性向上強5ターン"
"CE0078","CONTINUE","10","ATTR","ADD_PERCENT_OF_MAX","C_CUT","0.5","0.95","切断耐性向上強10ターン"
"CE0079","ONECE","1","ATTR","ADD_PERCENT_OF_MAX","C_CUT","-0.1","0.95","切断耐性低下弱1ターン"
"CE0080","CONTINUE","5","ATTR","ADD_PERCENT_OF_MAX","C_CUT","-0.1","0.95","切断耐性低下弱5ターン"
"CE0081","CONTINUE","10","ATTR","ADD_PERCENT_OF_MAX","C_CUT","-0.1","0.95","切断耐性低下弱10ターン"
"CE0082","ONECE","1","ATTR","ADD_PERCENT_OF_MAX","C_CUT","-0.25","0.95","切断耐性低下中1ターン"
"CE0083","CONTINUE","5","ATTR","ADD_PERCENT_OF_MAX","C_CUT","-0.25","0.95","切断耐性低下中5ターン"
"CE0084","CONTINUE","10","ATTR","ADD_PERCENT_OF_MAX","C_CUT","-0.25","0.95","切断耐性低下中10ターン"
"CE0085","ONECE","1","ATTR","ADD_PERCENT_OF_MAX","C_CUT","-0.5","0.95","切断耐性低下強1ターン"
"CE0086","CONTINUE","5","ATTR","ADD_PERCENT_OF_MAX","C_CUT","-0.5","0.95","切断耐性低下強5ターン"
"CE0087","CONTINUE","10","ATTR","ADD_PERCENT_OF_MAX","C_CUT","-0.5","0.95","切断耐性低下強10ターン"
"CE0088","ONECE","1","ATTR","ADD_PERCENT_OF_MAX","C_FLAME","0.1","0.95","炎上耐性向上弱1ターン"
"CE0089","CONTINUE","5","ATTR","ADD_PERCENT_OF_MAX","C_FLAME","0.1","0.95","炎上耐性向上弱5ターン"
"CE0090","CONTINUE","10","ATTR","ADD_PERCENT_OF_MAX","C_FLAME","0.1","0.95","炎上耐性向上弱10ターン"
"CE0091","ONECE","1","ATTR","ADD_PERCENT_OF_MAX","C_FLAME","0.25","0.95","炎上耐性向上中1ターン"
"CE0092","CONTINUE","5","ATTR","ADD_PERCENT_OF_MAX","C_FLAME","0.25","0.95","炎上耐性向上中5ターン"
"CE0093","CONTINUE","10","ATTR","ADD_PERCENT_OF_MAX","C_FLAME","0.25","0.95","炎上耐性向上中10ターン"
"CE0094","ONECE","1","ATTR","ADD_PERCENT_OF_MAX","C_FLAME","0.5","0.95","炎上耐性向上強1ターン"
"CE0095","CONTINUE","5","ATTR","ADD_PERCENT_OF_MAX","C_FLAME","0.5","0.95","炎上耐性向上強5ターン"
"CE0096","CONTINUE","10","ATTR","ADD_PERCENT_OF_MAX","C_FLAME","0.5","0.95","炎上耐性向上強10ターン"
"CE0097","ONECE","1","ATTR","ADD_PERCENT_OF_MAX","C_FLAME","-0.1","0.95","炎上耐性低下弱1ターン"
"CE0098","CONTINUE","5","ATTR","ADD_PERCENT_OF_MAX","C_FLAME","-0.1","0.95","炎上耐性低下弱5ターン"
"CE0099","CONTINUE","10","ATTR","ADD_PERCENT_OF_MAX","C_FLAME","-0.1","0.95","炎上耐性低下弱10ターン"
"CE0100","ONECE","1","ATTR","ADD_PERCENT_OF_MAX","C_FLAME","-0.25","0.95","炎上耐性低下中1ターン"
"CE0101","CONTINUE","5","ATTR","ADD_PERCENT_OF_MAX","C_FLAME","-0.25","0.95","炎上耐性低下中5ターン"
"CE0102","CONTINUE","10","ATTR","ADD_PERCENT_OF_MAX","C_FLAME","-0.25","0.95","炎上耐性低下中10ターン"
"CE0103","ONECE","1","ATTR","ADD_PERCENT_OF_MAX","C_FLAME","-0.5","0.95","炎上耐性低下強1ターン"
"CE0104","CONTINUE","5","ATTR","ADD_PERCENT_OF_MAX","C_FLAME","-0.5","0.95","炎上耐性低下強5ターン"
"CE0105","CONTINUE","10","ATTR","ADD_PERCENT_OF_MAX","C_FLAME","-0.5","0.95","炎上耐性低下強10ターン"
"CE0106","ONECE","1","ATTR","ADD_PERCENT_OF_MAX","C_FROZEN","0.1","0.95","凍結耐性向上弱1ターン"
"CE0107","CONTINUE","5","ATTR","ADD_PERCENT_OF_MAX","C_FROZEN","0.1","0.95","凍結耐性向上弱5ターン"
"CE0108","CONTINUE","10","ATTR","ADD_PERCENT_OF_MAX","C_FROZEN","0.1","0.95","凍結耐性向上弱10ターン"
"CE0109","ONECE","1","ATTR","ADD_PERCENT_OF_MAX","C_FROZEN","0.25","0.95","凍結耐性向上中1ターン"
"CE0110","CONTINUE","5","ATTR","ADD_PERCENT_OF_MAX","C_FROZEN","0.25","0.95","凍結耐性向上中5ターン"
"CE0111","CONTINUE","10","ATTR","ADD_PERCENT_OF_MAX","C_FROZEN","0.25","0.95","凍結耐性向上中10ターン"
"CE0112","ONECE","1","ATTR","ADD_PERCENT_OF_MAX","C_FROZEN","0.5","0.95","凍結耐性向上強1ターン"
"CE0113","CONTINUE","5","ATTR","ADD_PERCENT_OF_MAX","C_FROZEN","0.5","0.95","凍結耐性向上強5ターン"
"CE0114","CONTINUE","10","ATTR","ADD_PERCENT_OF_MAX","C_FROZEN","0.5","0.95","凍結耐性向上強10ターン"
"CE0115","ONECE","1","ATTR","ADD_PERCENT_OF_MAX","C_FROZEN","-0.1","0.95","凍結耐性低下弱1ターン"
"CE0116","CONTINUE","5","ATTR","ADD_PERCENT_OF_MAX","C_FROZEN","-0.1","0.95","凍結耐性低下弱5ターン"
"CE0117","CONTINUE","10","ATTR","ADD_PERCENT_OF_MAX","C_FROZEN","-0.1","0.95","凍結耐性低下弱10ターン"
"CE0118","ONECE","1","ATTR","ADD_PERCENT_OF_MAX","C_FROZEN","-0.25","0.95","凍結耐性低下中1ターン"
"CE0119","CONTINUE","5","ATTR","ADD_PERCENT_OF_MAX","C_FROZEN","-0.25","0.95","凍結耐性低下中5ターン"
"CE0120","CONTINUE","10","ATTR","ADD_PERCENT_OF_MAX","C_FROZEN","-0.25","0.95","凍結耐性低下中10ターン"
"CE0121","ONECE","1","ATTR","ADD_PERCENT_OF_MAX","C_FROZEN","-0.5","0.95","凍結耐性低下強1ターン"
"CE0122","CONTINUE","5","ATTR","ADD_PERCENT_OF_MAX","C_FROZEN","-0.5","0.95","凍結耐性低下強5ターン"
"CE0123","CONTINUE","10","ATTR","ADD_PERCENT_OF_MAX","C_FROZEN","-0.5","0.95","凍結耐性低下強10ターン"
"CE0124","ONECE","1","ATTR","ADD_PERCENT_OF_MAX","C_PARALYS","0.1","0.95","麻痺耐性向上弱1ターン"
"CE0125","CONTINUE","5","ATTR","ADD_PERCENT_OF_MAX","C_PARALYS","0.1","0.95","麻痺耐性向上弱5ターン"
"CE0126","CONTINUE","10","ATTR","ADD_PERCENT_OF_MAX","C_PARALYS","0.1","0.95","麻痺耐性向上弱10ターン"
"CE0127","ONECE","1","ATTR","ADD_PERCENT_OF_MAX","C_PARALYS","0.25","0.95","麻痺耐性向上中1ターン"
"CE0128","CONTINUE","5","ATTR","ADD_PERCENT_OF_MAX","C_PARALYS","0.25","0.95","麻痺耐性向上中5ターン"
"CE0129","CONTINUE","10","ATTR","ADD_PERCENT_OF_MAX","C_PARALYS","0.25","0.95","麻痺耐性向上中10ターン"
"CE0130","ONECE","1","ATTR","ADD_PERCENT_OF_MAX","C_PARALYS","0.5","0.95","麻痺耐性向上強1ターン"
"CE0131","CONTINUE","5","ATTR","ADD_PERCENT_OF_MAX","C_PARALYS","0.5","0.95","麻痺耐性向上強5ターン"
"CE0132","CONTINUE","10","ATTR","ADD_PERCENT_OF_MAX","C_PARALYS","0.5","0.95","麻痺耐性向上強10ターン"
"CE0133","ONECE","1","ATTR","ADD_PERCENT_OF_MAX","C_PARALYS","-0.1","0.95","麻痺耐性低下弱1ターン"
"CE0134","CONTINUE","5","ATTR","ADD_PERCENT_OF_MAX","C_PARALYS","-0.1","0.95","麻痺耐性低下弱5ターン"
"CE0135","CONTINUE","10","ATTR","ADD_PERCENT_OF_MAX","C_PARALYS","-0.1","0.95","麻痺耐性低下弱10ターン"
"CE0136","ONECE","1","ATTR","ADD_PERCENT_OF_MAX","C_PARALYS","-0.25","0.95","麻痺耐性低下中1ターン"
"CE0137","CONTINUE","5","ATTR","ADD_PERCENT_OF_MAX","C_PARALYS","-0.25","0.95","麻痺耐性低下中5ターン"
"CE0138","CONTINUE","10","ATTR","ADD_PERCENT_OF_MAX","C_PARALYS","-0.25","0.95","麻痺耐性低下中10ターン"
"CE0139","ONECE","1","ATTR","ADD_PERCENT_OF_MAX","C_PARALYS","-0.5","0.95","麻痺耐性低下強1ターン"
"CE0140","CONTINUE","5","ATTR","ADD_PERCENT_OF_MAX","C_PARALYS","-0.5","0.95","麻痺耐性低下強5ターン"
"CE0141","CONTINUE","10","ATTR","ADD_PERCENT_OF_MAX","C_PARALYS","-0.5","0.95","麻痺耐性低下強10ターン"
"CE0142","ONECE","1","ATTR","ADD_PERCENT_OF_MAX","C_SLEEP","0.1","0.95","昏睡耐性向上弱1ターン"
"CE0143","CONTINUE","5","ATTR","ADD_PERCENT_OF_MAX","C_SLEEP","0.1","0.95","昏睡耐性向上弱5ターン"
"CE0144","CONTINUE","10","ATTR","ADD_PERCENT_OF_MAX","C_SLEEP","0.1","0.95","昏睡耐性向上弱10ターン"
"CE0145","ONECE","1","ATTR","ADD_PERCENT_OF_MAX","C_SLEEP","0.25","0.95","昏睡耐性向上中1ターン"
"CE0146","CONTINUE","5","ATTR","ADD_PERCENT_OF_MAX","C_SLEEP","0.25","0.95","昏睡耐性向上中5ターン"
"CE0147","CONTINUE","10","ATTR","ADD_PERCENT_OF_MAX","C_SLEEP","0.25","0.95","昏睡耐性向上中10ターン"
"CE0148","ONECE","1","ATTR","ADD_PERCENT_OF_MAX","C_SLEEP","0.5","0.95","昏睡耐性向上強1ターン"
"CE0149","CONTINUE","5","ATTR","ADD_PERCENT_OF_MAX","C_SLEEP","0.5","0.95","昏睡耐性向上強5ターン"
"CE0150","CONTINUE","10","ATTR","ADD_PERCENT_OF_MAX","C_SLEEP","0.5","0.95","昏睡耐性向上強10ターン"
"CE0151","ONECE","1","ATTR","ADD_PERCENT_OF_MAX","C_SLEEP","-0.1","0.95","昏睡耐性低下弱1ターン"
"CE0152","CONTINUE","5","ATTR","ADD_PERCENT_OF_MAX","C_SLEEP","-0.1","0.95","昏睡耐性低下弱5ターン"
"CE0153","CONTINUE","10","ATTR","ADD_PERCENT_OF_MAX","C_SLEEP","-0.1","0.95","昏睡耐性低下弱10ターン"
"CE0154","ONECE","1","ATTR","ADD_PERCENT_OF_MAX","C_SLEEP","-0.25","0.95","昏睡耐性低下中1ターン"
"CE0155","CONTINUE","5","ATTR","ADD_PERCENT_OF_MAX","C_SLEEP","-0.25","0.95","昏睡耐性低下中5ターン"
"CE0156","CONTINUE","10","ATTR","ADD_PERCENT_OF_MAX","C_SLEEP","-0.25","0.95","昏睡耐性低下中10ターン"
"CE0157","ONECE","1","ATTR","ADD_PERCENT_OF_MAX","C_SLEEP","-0.5","0.95","昏睡耐性低下強1ターン"
"CE0158","CONTINUE","5","ATTR","ADD_PERCENT_OF_MAX","C_SLEEP","-0.5","0.95","昏睡耐性低下強5ターン"
"CE0159","CONTINUE","10","ATTR","ADD_PERCENT_OF_MAX","C_SLEEP","-0.5","0.95","昏睡耐性低下強10ターン"
"CE0160","ONECE","1","ATTR","ADD_PERCENT_OF_MAX","C_GOLDY","0.1","0.95","黄金化耐性向上弱1ターン"
"CE0161","CONTINUE","5","ATTR","ADD_PERCENT_OF_MAX","C_GOLDY","0.1","0.95","黄金化耐性向上弱5ターン"
"CE0162","CONTINUE","10","ATTR","ADD_PERCENT_OF_MAX","C_GOLDY","0.1","0.95","黄金化耐性向上弱10ターン"
"CE0163","ONECE","1","ATTR","ADD_PERCENT_OF_MAX","C_GOLDY","0.25","0.95","黄金化耐性向上中1ターン"
"CE0164","CONTINUE","5","ATTR","ADD_PERCENT_OF_MAX","C_GOLDY","0.25","0.95","黄金化耐性向上中5ターン"
"CE0165","CONTINUE","10","ATTR","ADD_PERCENT_OF_MAX","C_GOLDY","0.25","0.95","黄金化耐性向上中10ターン"
"CE0166","ONECE","1","ATTR","ADD_PERCENT_OF_MAX","C_GOLDY","0.5","0.95","黄金化耐性向上強1ターン"
"CE0167","CONTINUE","5","ATTR","ADD_PERCENT_OF_MAX","C_GOLDY","0.5","0.95","黄金化耐性向上強5ターン"
"CE0168","CONTINUE","10","ATTR","ADD_PERCENT_OF_MAX","C_GOLDY","0.5","0.95","黄金化耐性向上強10ターン"
"CE0169","ONECE","1","ATTR","ADD_PERCENT_OF_MAX","C_GOLDY","-0.1","0.95","黄金化耐性低下弱1ターン"
"CE0170","CONTINUE","5","ATTR","ADD_PERCENT_OF_MAX","C_GOLDY","-0.1","0.95","黄金化耐性低下弱5ターン"
"CE0171","CONTINUE","10","ATTR","ADD_PERCENT_OF_MAX","C_GOLDY","-0.1","0.95","黄金化耐性低下弱10ターン"
"CE0172","ONECE","1","ATTR","ADD_PERCENT_OF_MAX","C_GOLDY","-0.25","0.95","黄金化耐性低下中1ターン"
"CE0173","CONTINUE","5","ATTR","ADD_PERCENT_OF_MAX","C_GOLDY","-0.25","0.95","黄金化耐性低下中5ターン"
"CE0174","CONTINUE","10","ATTR","ADD_PERCENT_OF_MAX","C_GOLDY","-0.25","0.95","黄金化耐性低下中10ターン"
"CE0175","ONECE","1","ATTR","ADD_PERCENT_OF_MAX","C_GOLDY","-0.5","0.95","黄金化耐性低下強1ターン"
"CE0176","CONTINUE","5","ATTR","ADD_PERCENT_OF_MAX","C_GOLDY","-0.5","0.95","黄金化耐性低下強5ターン"
"CE0177","CONTINUE","10","ATTR","ADD_PERCENT_OF_MAX","C_GOLDY","-0.5","0.95","黄金化耐性低下強10ターン"
"CE0178","ONECE","1","ATTR","ADD_PERCENT_OF_MAX","C_CONFUSION","0.1","0.95","混乱耐性向上弱1ターン"
"CE0179","CONTINUE","5","ATTR","ADD_PERCENT_OF_MAX","C_CONFUSION","0.1","0.95","混乱耐性向上弱5ターン"
"CE0180","CONTINUE","10","ATTR","ADD_PERCENT_OF_MAX","C_CONFUSION","0.1","0.95","混乱耐性向上弱10ターン"
"CE0181","ONECE","1","ATTR","ADD_PERCENT_OF_MAX","C_CONFUSION","0.25","0.95","混乱耐性向上中1ターン"
"CE0182","CONTINUE","5","ATTR","ADD_PERCENT_OF_MAX","C_CONFUSION","0.25","0.95","混乱耐性向上中5ターン"
"CE0183","CONTINUE","10","ATTR","ADD_PERCENT_OF_MAX","C_CONFUSION","0.25","0.95","混乱耐性向上中10ターン"
"CE0184","ONECE","1","ATTR","ADD_PERCENT_OF_MAX","C_CONFUSION","0.5","0.95","混乱耐性向上強1ターン"
"CE0185","CONTINUE","5","ATTR","ADD_PERCENT_OF_MAX","C_CONFUSION","0.5","0.95","混乱耐性向上強5ターン"
"CE0186","CONTINUE","10","ATTR","ADD_PERCENT_OF_MAX","C_CONFUSION","0.5","0.95","混乱耐性向上強10ターン"
"CE0187","ONECE","1","ATTR","ADD_PERCENT_OF_MAX","C_CONFUSION","-0.1","0.95","混乱耐性低下弱1ターン"
"CE0188","CONTINUE","5","ATTR","ADD_PERCENT_OF_MAX","C_CONFUSION","-0.1","0.95","混乱耐性低下弱5ターン"
"CE0189","CONTINUE","10","ATTR","ADD_PERCENT_OF_MAX","C_CONFUSION","-0.1","0.95","混乱耐性低下弱10ターン"
"CE0190","ONECE","1","ATTR","ADD_PERCENT_OF_MAX","C_CONFUSION","-0.25","0.95","混乱耐性低下中1ターン"
"CE0191","CONTINUE","5","ATTR","ADD_PERCENT_OF_MAX","C_CONFUSION","-0.25","0.95","混乱耐性低下中5ターン"
"CE0192","CONTINUE","10","ATTR","ADD_PERCENT_OF_MAX","C_CONFUSION","-0.25","0.95","混乱耐性低下中10ターン"
"CE0193","ONECE","1","ATTR","ADD_PERCENT_OF_MAX","C_CONFUSION","-0.5","0.95","混乱耐性低下強1ターン"
"CE0194","CONTINUE","5","ATTR","ADD_PERCENT_OF_MAX","C_CONFUSION","-0.5","0.95","混乱耐性低下強5ターン"
"CE0195","CONTINUE","10","ATTR","ADD_PERCENT_OF_MAX","C_CONFUSION","-0.5","0.95","混乱耐性低下強10ターン"
"CE0196","ONECE","1","ATTR","ADD_PERCENT_OF_MAX","C_MADNESS","0.1","0.95","狂乱耐性向上弱1ターン"
"CE0197","CONTINUE","5","ATTR","ADD_PERCENT_OF_MAX","C_MADNESS","0.1","0.95","狂乱耐性向上弱5ターン"
"CE0198","CONTINUE","10","ATTR","ADD_PERCENT_OF_MAX","C_MADNESS","0.1","0.95","狂乱耐性向上弱10ターン"
"CE0199","ONECE","1","ATTR","ADD_PERCENT_OF_MAX","C_MADNESS","0.25","0.95","狂乱耐性向上中1ターン"
"CE0200","CONTINUE","5","ATTR","ADD_PERCENT_OF_MAX","C_MADNESS","0.25","0.95","狂乱耐性向上中5ターン"
"CE0201","CONTINUE","10","ATTR","ADD_PERCENT_OF_MAX","C_MADNESS","0.25","0.95","狂乱耐性向上中10ターン"
"CE0202","ONECE","1","ATTR","ADD_PERCENT_OF_MAX","C_MADNESS","0.5","0.95","狂乱耐性向上強1ターン"
"CE0203","CONTINUE","5","ATTR","ADD_PERCENT_OF_MAX","C_MADNESS","0.5","0.95","狂乱耐性向上強5ターン"
"CE0204","CONTINUE","10","ATTR","ADD_PERCENT_OF_MAX","C_MADNESS","0.5","0.95","狂乱耐性向上強10ターン"
"CE0205","ONECE","1","ATTR","ADD_PERCENT_OF_MAX","C_MADNESS","-0.1","0.95","狂乱耐性低下弱1ターン"
"CE0206","CONTINUE","5","ATTR","ADD_PERCENT_OF_MAX","C_MADNESS","-0.1","0.95","狂乱耐性低下弱5ターン"
"CE0207","CONTINUE","10","ATTR","ADD_PERCENT_OF_MAX","C_MADNESS","-0.1","0.95","狂乱耐性低下弱10ターン"
"CE0208","ONECE","1","ATTR","ADD_PERCENT_OF_MAX","C_MADNESS","-0.25","0.95","狂乱耐性低下中1ターン"
"CE0209","CONTINUE","5","ATTR","ADD_PERCENT_OF_MAX","C_MADNESS","-0.25","0.95","狂乱耐性低下中5ターン"
"CE0210","CONTINUE","10","ATTR","ADD_PERCENT_OF_MAX","C_MADNESS","-0.25","0.95","狂乱耐性低下中10ターン"
"CE0211","ONECE","1","ATTR","ADD_PERCENT_OF_MAX","C_MADNESS","-0.5","0.95","狂乱耐性低下強1ターン"
"CE0212","CONTINUE","5","ATTR","ADD_PERCENT_OF_MAX","C_MADNESS","-0.5","0.95","狂乱耐性低下強5ターン"
"CE0213","CONTINUE","10","ATTR","ADD_PERCENT_OF_MAX","C_MADNESS","-0.5","0.95","狂乱耐性低下強10ターン"
"CE0214","ONECE","1","ATTR","ADD_PERCENT_OF_MAX","C_TRUE_MADNESS","0.1","0.95","発狂耐性向上弱1ターン"
"CE0215","CONTINUE","5","ATTR","ADD_PERCENT_OF_MAX","C_TRUE_MADNESS","0.1","0.95","発狂耐性向上弱5ターン"
"CE0216","CONTINUE","10","ATTR","ADD_PERCENT_OF_MAX","C_TRUE_MADNESS","0.1","0.95","発狂耐性向上弱10ターン"
"CE0217","ONECE","1","ATTR","ADD_PERCENT_OF_MAX","C_TRUE_MADNESS","0.25","0.95","発狂耐性向上中1ターン"
"CE0218","CONTINUE","5","ATTR","ADD_PERCENT_OF_MAX","C_TRUE_MADNESS","0.25","0.95","発狂耐性向上中5ターン"
"CE0219","CONTINUE","10","ATTR","ADD_PERCENT_OF_MAX","C_TRUE_MADNESS","0.25","0.95","発狂耐性向上中10ターン"
"CE0220","ONECE","1","ATTR","ADD_PERCENT_OF_MAX","C_TRUE_MADNESS","0.5","0.95","発狂耐性向上強1ターン"
"CE0221","CONTINUE","5","ATTR","ADD_PERCENT_OF_MAX","C_TRUE_MADNESS","0.5","0.95","発狂耐性向上強5ターン"
"CE0222","CONTINUE","10","ATTR","ADD_PERCENT_OF_MAX","C_TRUE_MADNESS","0.5","0.95","発狂耐性向上強10ターン"
"CE0223","ONECE","1","ATTR","ADD_PERCENT_OF_MAX","C_TRUE_MADNESS","-0.1","0.95","発狂耐性低下弱1ターン"
"CE0224","CONTINUE","5","ATTR","ADD_PERCENT_OF_MAX","C_TRUE_MADNESS","-0.1","0.95","発狂耐性低下弱5ターン"
"CE0225","CONTINUE","10","ATTR","ADD_PERCENT_OF_MAX","C_TRUE_MADNESS","-0.1","0.95","発狂耐性低下弱10ターン"
"CE0226","ONECE","1","ATTR","ADD_PERCENT_OF_MAX","C_TRUE_MADNESS","-0.25","0.95","発狂耐性低下中1ターン"
"CE0227","CONTINUE","5","ATTR","ADD_PERCENT_OF_MAX","C_TRUE_MADNESS","-0.25","0.95","発狂耐性低下中5ターン"
"CE0228","CONTINUE","10","ATTR","ADD_PERCENT_OF_MAX","C_TRUE_MADNESS","-0.25","0.95","発狂耐性低下中10ターン"
"CE0229","ONECE","1","ATTR","ADD_PERCENT_OF_MAX","C_TRUE_MADNESS","-0.5","0.95","発狂耐性低下強1ターン"
"CE0230","CONTINUE","5","ATTR","ADD_PERCENT_OF_MAX","C_TRUE_MADNESS","-0.5","0.95","発狂耐性低下強5ターン"
"CE0231","CONTINUE","10","ATTR","ADD_PERCENT_OF_MAX","C_TRUE_MADNESS","-0.5","0.95","発狂耐性低下強10ターン"
"CE0232","ONECE","1","ATTR","ADD_PERCENT_OF_MAX","C_DEAD","0.1","0.95","即死耐性向上弱1ターン"
"CE0233","CONTINUE","5","ATTR","ADD_PERCENT_OF_MAX","C_DEAD","0.1","0.95","即死耐性向上弱5ターン"
"CE0234","CONTINUE","10","ATTR","ADD_PERCENT_OF_MAX","C_DEAD","0.1","0.95","即死耐性向上弱10ターン"
"CE0235","ONECE","1","ATTR","ADD_PERCENT_OF_MAX","C_DEAD","0.25","0.95","即死耐性向上中1ターン"
"CE0236","CONTINUE","5","ATTR","ADD_PERCENT_OF_MAX","C_DEAD","0.25","0.95","即死耐性向上中5ターン"
"CE0237","CONTINUE","10","ATTR","ADD_PERCENT_OF_MAX","C_DEAD","0.25","0.95","即死耐性向上中10ターン"
"CE0238","ONECE","1","ATTR","ADD_PERCENT_OF_MAX","C_DEAD","0.5","0.95","即死耐性向上強1ターン"
"CE0239","CONTINUE","5","ATTR","ADD_PERCENT_OF_MAX","C_DEAD","0.5","0.95","即死耐性向上強5ターン"
"CE0240","CONTINUE","10","ATTR","ADD_PERCENT_OF_MAX","C_DEAD","0.5","0.95","即死耐性向上強10ターン"
"CE0241","ONECE","1","ATTR","ADD_PERCENT_OF_MAX","C_DEAD","-0.1","0.95","即死耐性低下弱1ターン"
"CE0242","CONTINUE","5","ATTR","ADD_PERCENT_OF_MAX","C_DEAD","-0.1","0.95","即死耐性低下弱5ターン"
"CE0243","CONTINUE","10","ATTR","ADD_PERCENT_OF_MAX","C_DEAD","-0.1","0.95","即死耐性低下弱10ターン"
"CE0244","ONECE","1","ATTR","ADD_PERCENT_OF_MAX","C_DEAD","-0.25","0.95","即死耐性低下中1ターン"
"CE0245","CONTINUE","5","ATTR","ADD_PERCENT_OF_MAX","C_DEAD","-0.25","0.95","即死耐性低下中5ターン"
"CE0246","CONTINUE","10","ATTR","ADD_PERCENT_OF_MAX","C_DEAD","-0.25","0.95","即死耐性低下中10ターン"
"CE0247","ONECE","1","ATTR","ADD_PERCENT_OF_MAX","C_DEAD","-0.5","0.95","即死耐性低下強1ターン"
"CE0248","CONTINUE","5","ATTR","ADD_PERCENT_OF_MAX","C_DEAD","-0.5","0.95","即死耐性低下強5ターン"
"CE0249","CONTINUE","10","ATTR","ADD_PERCENT_OF_MAX","C_DEAD","-0.5","0.95","即死耐性低下強10ターン"
"CE0250","ONECE","1","ATTR","ADD_PERCENT_OF_MAX","C_SWOON","0.1","0.95","気絶耐性向上弱1ターン"
"CE0251","CONTINUE","5","ATTR","ADD_PERCENT_OF_MAX","C_SWOON","0.1","0.95","気絶耐性向上弱5ターン"
"CE0252","CONTINUE","10","ATTR","ADD_PERCENT_OF_MAX","C_SWOON","0.1","0.95","気絶耐性向上弱10ターン"
"CE0253","ONECE","1","ATTR","ADD_PERCENT_OF_MAX","C_SWOON","0.25","0.95","気絶耐性向上中1ターン"
"CE0254","CONTINUE","5","ATTR","ADD_PERCENT_OF_MAX","C_SWOON","0.25","0.95","気絶耐性向上中5ターン"
"CE0255","CONTINUE","10","ATTR","ADD_PERCENT_OF_MAX","C_SWOON","0.25","0.95","気絶耐性向上中10ターン"
"CE0256","ONECE","1","ATTR","ADD_PERCENT_OF_MAX","C_SWOON","0.5","0.95","気絶耐性向上強1ターン"
"CE0257","CONTINUE","5","ATTR","ADD_PERCENT_OF_MAX","C_SWOON","0.5","0.95","気絶耐性向上強5ターン"
"CE0258","CONTINUE","10","ATTR","ADD_PERCENT_OF_MAX","C_SWOON","0.5","0.95","気絶耐性向上強10ターン"
"CE0259","ONECE","1","ATTR","ADD_PERCENT_OF_MAX","C_SWOON","-0.1","0.95","気絶耐性低下弱1ターン"
"CE0260","CONTINUE","5","ATTR","ADD_PERCENT_OF_MAX","C_SWOON","-0.1","0.95","気絶耐性低下弱5ターン"
"CE0261","CONTINUE","10","ATTR","ADD_PERCENT_OF_MAX","C_SWOON","-0.1","0.95","気絶耐性低下弱10ターン"
"CE0262","ONECE","1","ATTR","ADD_PERCENT_OF_MAX","C_SWOON","-0.25","0.95","気絶耐性低下中1ターン"
"CE0263","CONTINUE","5","ATTR","ADD_PERCENT_OF_MAX","C_SWOON","-0.25","0.95","気絶耐性低下中5ターン"
"CE0264","CONTINUE","10","ATTR","ADD_PERCENT_OF_MAX","C_SWOON","-0.25","0.95","気絶耐性低下中10ターン"
"CE0265","ONECE","1","ATTR","ADD_PERCENT_OF_MAX","C_SWOON","-0.5","0.95","気絶耐性低下強1ターン"
"CE0266","CONTINUE","5","ATTR","ADD_PERCENT_OF_MAX","C_SWOON","-0.5","0.95","気絶耐性低下強5ターン"
"CE0267","CONTINUE","10","ATTR","ADD_PERCENT_OF_MAX","C_SWOON","-0.5","0.95","気絶耐性低下強10ターン"
"CE0268","ONECE","1","ATTR","ADD_PERCENT_OF_MAX","C_WOOD","0.1","0.95","木化耐性向上弱1ターン"
"CE0269","CONTINUE","5","ATTR","ADD_PERCENT_OF_MAX","C_WOOD","0.1","0.95","木化耐性向上弱5ターン"
"CE0270","CONTINUE","10","ATTR","ADD_PERCENT_OF_MAX","C_WOOD","0.1","0.95","木化耐性向上弱10ターン"
"CE0271","ONECE","1","ATTR","ADD_PERCENT_OF_MAX","C_WOOD","0.25","0.95","木化耐性向上中1ターン"
"CE0272","CONTINUE","5","ATTR","ADD_PERCENT_OF_MAX","C_WOOD","0.25","0.95","木化耐性向上中5ターン"
"CE0273","CONTINUE","10","ATTR","ADD_PERCENT_OF_MAX","C_WOOD","0.25","0.95","木化耐性向上中10ターン"
"CE0274","ONECE","1","ATTR","ADD_PERCENT_OF_MAX","C_WOOD","0.5","0.95","木化耐性向上強1ターン"
"CE0275","CONTINUE","5","ATTR","ADD_PERCENT_OF_MAX","C_WOOD","0.5","0.95","木化耐性向上強5ターン"
"CE0276","CONTINUE","10","ATTR","ADD_PERCENT_OF_MAX","C_WOOD","0.5","0.95","木化耐性向上強10ターン"
"CE0277","ONECE","1","ATTR","ADD_PERCENT_OF_MAX","C_WOOD","-0.1","0.95","木化耐性低下弱1ターン"
"CE0278","CONTINUE","5","ATTR","ADD_PERCENT_OF_MAX","C_WOOD","-0.1","0.95","木化耐性低下弱5ターン"
"CE0279","CONTINUE","10","ATTR","ADD_PERCENT_OF_MAX","C_WOOD","-0.1","0.95","木化耐性低下弱10ターン"
"CE0280","ONECE","1","ATTR","ADD_PERCENT_OF_MAX","C_WOOD","-0.25","0.95","木化耐性低下中1ターン"
"CE0281","CONTINUE","5","ATTR","ADD_PERCENT_OF_MAX","C_WOOD","-0.25","0.95","木化耐性低下中5ターン"
"CE0282","CONTINUE","10","ATTR","ADD_PERCENT_OF_MAX","C_WOOD","-0.25","0.95","木化耐性低下中10ターン"
"CE0283","ONECE","1","ATTR","ADD_PERCENT_OF_MAX","C_WOOD","-0.5","0.95","木化耐性低下強1ターン"
"CE0284","CONTINUE","5","ATTR","ADD_PERCENT_OF_MAX","C_WOOD","-0.5","0.95","木化耐性低下強5ターン"
"CE0285","CONTINUE","10","ATTR","ADD_PERCENT_OF_MAX","C_WOOD","-0.5","0.95","木化耐性低下強10ターン"
"CE0286","ONECE","1","ATTR","ADD_PERCENT_OF_MAX","C_WET","0.1","0.95","湿潤耐性向上弱1ターン"
"CE0287","CONTINUE","5","ATTR","ADD_PERCENT_OF_MAX","C_WET","0.1","0.95","湿潤耐性向上弱5ターン"
"CE0288","CONTINUE","10","ATTR","ADD_PERCENT_OF_MAX","C_WET","0.1","0.95","湿潤耐性向上弱10ターン"
"CE0289","ONECE","1","ATTR","ADD_PERCENT_OF_MAX","C_WET","0.25","0.95","湿潤耐性向上中1ターン"
"CE0290","CONTINUE","5","ATTR","ADD_PERCENT_OF_MAX","C_WET","0.25","0.95","湿潤耐性向上中5ターン"
"CE0291","CONTINUE","10","ATTR","ADD_PERCENT_OF_MAX","C_WET","0.25","0.95","湿潤耐性向上中10ターン"
"CE0292","ONECE","1","ATTR","ADD_PERCENT_OF_MAX","C_WET","0.5","0.95","湿潤耐性向上強1ターン"
"CE0293","CONTINUE","5","ATTR","ADD_PERCENT_OF_MAX","C_WET","0.5","0.95","湿潤耐性向上強5ターン"
"CE0294","CONTINUE","10","ATTR","ADD_PERCENT_OF_MAX","C_WET","0.5","0.95","湿潤耐性向上強10ターン"
"CE0295","ONECE","1","ATTR","ADD_PERCENT_OF_MAX","C_WET","-0.1","0.95","湿潤耐性低下弱1ターン"
"CE0296","CONTINUE","5","ATTR","ADD_PERCENT_OF_MAX","C_WET","-0.1","0.95","湿潤耐性低下弱5ターン"
"CE0297","CONTINUE","10","ATTR","ADD_PERCENT_OF_MAX","C_WET","-0.1","0.95","湿潤耐性低下弱10ターン"
"CE0298","ONECE","1","ATTR","ADD_PERCENT_OF_MAX","C_WET","-0.25","0.95","湿潤耐性低下中1ターン"
"CE0299","CONTINUE","5","ATTR","ADD_PERCENT_OF_MAX","C_WET","-0.25","0.95","湿潤耐性低下中5ターン"
"CE0300","CONTINUE","10","ATTR","ADD_PERCENT_OF_MAX","C_WET","-0.25","0.95","湿潤耐性低下中10ターン"
"CE0301","ONECE","1","ATTR","ADD_PERCENT_OF_MAX","C_WET","-0.5","0.95","湿潤耐性低下強1ターン"
"CE0302","CONTINUE","5","ATTR","ADD_PERCENT_OF_MAX","C_WET","-0.5","0.95","湿潤耐性低下強5ターン"
"CE0303","CONTINUE","10","ATTR","ADD_PERCENT_OF_MAX","C_WET","-0.5","0.95","湿潤耐性低下強10ターン"
"CE0304","ONECE","1","ATTR","ADD_PERCENT_OF_MAX","C_DESTROY","0.1","0.95","消滅耐性向上弱1ターン"
"CE0305","CONTINUE","5","ATTR","ADD_PERCENT_OF_MAX","C_DESTROY","0.1","0.95","消滅耐性向上弱5ターン"
"CE0306","CONTINUE","10","ATTR","ADD_PERCENT_OF_MAX","C_DESTROY","0.1","0.95","消滅耐性向上弱10ターン"
"CE0307","ONECE","1","ATTR","ADD_PERCENT_OF_MAX","C_DESTROY","0.25","0.95","消滅耐性向上中1ターン"
"CE0308","CONTINUE","5","ATTR","ADD_PERCENT_OF_MAX","C_DESTROY","0.25","0.95","消滅耐性向上中5ターン"
"CE0309","CONTINUE","10","ATTR","ADD_PERCENT_OF_MAX","C_DESTROY","0.25","0.95","消滅耐性向上中10ターン"
"CE0310","ONECE","1","ATTR","ADD_PERCENT_OF_MAX","C_DESTROY","0.5","0.95","消滅耐性向上強1ターン"
"CE0311","CONTINUE","5","ATTR","ADD_PERCENT_OF_MAX","C_DESTROY","0.5","0.95","消滅耐性向上強5ターン"
"CE0312","CONTINUE","10","ATTR","ADD_PERCENT_OF_MAX","C_DESTROY","0.5","0.95","消滅耐性向上強10ターン"
"CE0313","ONECE","1","ATTR","ADD_PERCENT_OF_MAX","C_DESTROY","-0.1","0.95","消滅耐性低下弱1ターン"
"CE0314","CONTINUE","5","ATTR","ADD_PERCENT_OF_MAX","C_DESTROY","-0.1","0.95","消滅耐性低下弱5ターン"
"CE0315","CONTINUE","10","ATTR","ADD_PERCENT_OF_MAX","C_DESTROY","-0.1","0.95","消滅耐性低下弱10ターン"
"CE0316","ONECE","1","ATTR","ADD_PERCENT_OF_MAX","C_DESTROY","-0.25","0.95","消滅耐性低下中1ターン"
"CE0317","CONTINUE","5","ATTR","ADD_PERCENT_OF_MAX","C_DESTROY","-0.25","0.95","消滅耐性低下中5ターン"
"CE0318","CONTINUE","10","ATTR","ADD_PERCENT_OF_MAX","C_DESTROY","-0.25","0.95","消滅耐性低下中10ターン"
"CE0319","ONECE","1","ATTR","ADD_PERCENT_OF_MAX","C_DESTROY","-0.5","0.95","消滅耐性低下強1ターン"
"CE0320","CONTINUE","5","ATTR","ADD_PERCENT_OF_MAX","C_DESTROY","-0.5","0.95","消滅耐性低下強5ターン"
"CE0321","CONTINUE","10","ATTR","ADD_PERCENT_OF_MAX","C_DESTROY","-0.5","0.95","消滅耐性低下強10ターン"
"CE0322","ONECE","1","STATUS","ADD_PERCENT_OF_MAX","HP","0.1","0.95","体力上昇弱1ターン"
"CE0323","CONTINUE","5","STATUS","ADD_PERCENT_OF_MAX","HP","0.1","0.95","体力上昇弱5ターン"
"CE0324","CONTINUE","10","STATUS","ADD_PERCENT_OF_MAX","HP","0.1","0.95","体力上昇弱10ターン"
"CE0325","ONECE","1","STATUS","ADD_PERCENT_OF_MAX","HP","0.25","0.95","体力上昇中1ターン"
"CE0326","CONTINUE","5","STATUS","ADD_PERCENT_OF_MAX","HP","0.25","0.95","体力上昇中5ターン"
"CE0327","CONTINUE","10","STATUS","ADD_PERCENT_OF_MAX","HP","0.25","0.95","体力上昇中10ターン"
"CE0328","ONECE","1","STATUS","ADD_PERCENT_OF_MAX","HP","0.5","0.95","体力上昇強1ターン"
"CE0329","CONTINUE","5","STATUS","ADD_PERCENT_OF_MAX","HP","0.5","0.95","体力上昇強5ターン"
"CE0330","CONTINUE","10","STATUS","ADD_PERCENT_OF_MAX","HP","0.5","0.95","体力上昇強10ターン"
"CE0331","ONECE","1","STATUS","ADD_PERCENT_OF_MAX","HP","-0.1","0.95","体力低下弱1ターン"
"CE0332","CONTINUE","5","STATUS","ADD_PERCENT_OF_MAX","HP","-0.1","0.95","体力低下弱5ターン"
"CE0333","CONTINUE","10","STATUS","ADD_PERCENT_OF_MAX","HP","-0.1","0.95","体力低下弱10ターン"
"CE0334","ONECE","1","STATUS","ADD_PERCENT_OF_MAX","HP","-0.25","0.95","体力低下中1ターン"
"CE0335","CONTINUE","5","STATUS","ADD_PERCENT_OF_MAX","HP","-0.25","0.95","体力低下中5ターン"
"CE0336","CONTINUE","10","STATUS","ADD_PERCENT_OF_MAX","HP","-0.25","0.95","体力低下中10ターン"
"CE0337","ONECE","1","STATUS","ADD_PERCENT_OF_MAX","HP","-0.5","0.95","体力低下強1ターン"
"CE0338","CONTINUE","5","STATUS","ADD_PERCENT_OF_MAX","HP","-0.5","0.95","体力低下強5ターン"
"CE0339","CONTINUE","10","STATUS","ADD_PERCENT_OF_MAX","HP","-0.5","0.95","体力低下強10ターン"
"CE0340","ONECE","1","STATUS","ADD_PERCENT_OF_MAX","MP","0.1","0.95","魔力上昇弱1ターン"
"CE0341","CONTINUE","5","STATUS","ADD_PERCENT_OF_MAX","MP","0.1","0.95","魔力上昇弱5ターン"
"CE0342","CONTINUE","10","STATUS","ADD_PERCENT_OF_MAX","MP","0.1","0.95","魔力上昇弱10ターン"
"CE0343","ONECE","1","STATUS","ADD_PERCENT_OF_MAX","MP","0.25","0.95","魔力上昇中1ターン"
"CE0344","CONTINUE","5","STATUS","ADD_PERCENT_OF_MAX","MP","0.25","0.95","魔力上昇中5ターン"
"CE0345","CONTINUE","10","STATUS","ADD_PERCENT_OF_MAX","MP","0.25","0.95","魔力上昇中10ターン"
"CE0346","ONECE","1","STATUS","ADD_PERCENT_OF_MAX","MP","0.5","0.95","魔力上昇強1ターン"
"CE0347","CONTINUE","5","STATUS","ADD_PERCENT_OF_MAX","MP","0.5","0.95","魔力上昇強5ターン"
"CE0348","CONTINUE","10","STATUS","ADD_PERCENT_OF_MAX","MP","0.5","0.95","魔力上昇強10ターン"
"CE0349","ONECE","1","STATUS","ADD_PERCENT_OF_MAX","MP","-0.1","0.95","魔力低下弱1ターン"
"CE0350","CONTINUE","5","STATUS","ADD_PERCENT_OF_MAX","MP","-0.1","0.95","魔力低下弱5ターン"
"CE0351","CONTINUE","10","STATUS","ADD_PERCENT_OF_MAX","MP","-0.1","0.95","魔力低下弱10ターン"
"CE0352","ONECE","1","STATUS","ADD_PERCENT_OF_MAX","MP","-0.25","0.95","魔力低下中1ターン"
"CE0353","CONTINUE","5","STATUS","ADD_PERCENT_OF_MAX","MP","-0.25","0.95","魔力低下中5ターン"
"CE0354","CONTINUE","10","STATUS","ADD_PERCENT_OF_MAX","MP","-0.25","0.95","魔力低下中10ターン"
"CE0355","ONECE","1","STATUS","ADD_PERCENT_OF_MAX","MP","-0.5","0.95","魔力低下強1ターン"
"CE0356","CONTINUE","5","STATUS","ADD_PERCENT_OF_MAX","MP","-0.5","0.95","魔力低下強5ターン"
"CE0357","CONTINUE","10","STATUS","ADD_PERCENT_OF_MAX","MP","-0.5","0.95","魔力低下強10ターン"
"CE0358","ONECE","1","STATUS","ADD_PERCENT_OF_MAX","STR","0.1","0.95","筋力上昇弱1ターン"
"CE0359","CONTINUE","5","STATUS","ADD_PERCENT_OF_MAX","STR","0.1","0.95","筋力上昇弱5ターン"
"CE0360","CONTINUE","10","STATUS","ADD_PERCENT_OF_MAX","STR","0.1","0.95","筋力上昇弱10ターン"
"CE0361","ONECE","1","STATUS","ADD_PERCENT_OF_MAX","STR","0.25","0.95","筋力上昇中1ターン"
"CE0362","CONTINUE","5","STATUS","ADD_PERCENT_OF_MAX","STR","0.25","0.95","筋力上昇中5ターン"
"CE0363","CONTINUE","10","STATUS","ADD_PERCENT_OF_MAX","STR","0.25","0.95","筋力上昇中10ターン"
"CE0364","ONECE","1","STATUS","ADD_PERCENT_OF_MAX","STR","0.5","0.95","筋力上昇強1ターン"
"CE0365","CONTINUE","5","STATUS","ADD_PERCENT_OF_MAX","STR","0.5","0.95","筋力上昇強5ターン"
"CE0366","CONTINUE","10","STATUS","ADD_PERCENT_OF_MAX","STR","0.5","0.95","筋力上昇強10ターン"
"CE0367","ONECE","1","STATUS","ADD_PERCENT_OF_MAX","STR","-0.1","0.95","筋力低下弱1ターン"
"CE0368","CONTINUE","5","STATUS","ADD_PERCENT_OF_MAX","STR","-0.1","0.95","筋力低下弱5ターン"
"CE0369","CONTINUE","10","STATUS","ADD_PERCENT_OF_MAX","STR","-0.1","0.95","筋力低下弱10ターン"
"CE0370","ONECE","1","STATUS","ADD_PERCENT_OF_MAX","STR","-0.25","0.95","筋力低下中1ターン"
"CE0371","CONTINUE","5","STATUS","ADD_PERCENT_OF_MAX","STR","-0.25","0.95","筋力低下中5ターン"
"CE0372","CONTINUE","10","STATUS","ADD_PERCENT_OF_MAX","STR","-0.25","0.95","筋力低下中10ターン"
"CE0373","ONECE","1","STATUS","ADD_PERCENT_OF_MAX","STR","-0.5","0.95","筋力低下強1ターン"
"CE0374","CONTINUE","5","STATUS","ADD_PERCENT_OF_MAX","STR","-0.5","0.95","筋力低下強5ターン"
"CE0375","CONTINUE","10","STATUS","ADD_PERCENT_OF_MAX","STR","-0.5","0.95","筋力低下強10ターン"
"CE0376","ONECE","1","STATUS","ADD_PERCENT_OF_MAX","STR","0.1","0.95","素早さ上昇弱1ターン"
"CE0377","CONTINUE","5","STATUS","ADD_PERCENT_OF_MAX","SPD","0.1","0.95","素早さ上昇弱5ターン"
"CE0378","CONTINUE","10","STATUS","ADD_PERCENT_OF_MAX","SPD","0.1","0.95","素早さ上昇弱10ターン"
"CE0379","ONECE","1","STATUS","ADD_PERCENT_OF_MAX","SPD","0.25","0.95","素早さ上昇中1ターン"
"CE0380","CONTINUE","5","STATUS","ADD_PERCENT_OF_MAX","SPD","0.25","0.95","素早さ上昇中5ターン"
"CE0381","CONTINUE","10","STATUS","ADD_PERCENT_OF_MAX","SPD","0.25","0.95","素早さ上昇中10ターン"
"CE0382","ONECE","1","STATUS","ADD_PERCENT_OF_MAX","SPD","0.5","0.95","素早さ上昇強1ターン"
"CE0383","CONTINUE","5","STATUS","ADD_PERCENT_OF_MAX","SPD","0.5","0.95","素早さ上昇強5ターン"
"CE0384","CONTINUE","10","STATUS","ADD_PERCENT_OF_MAX","SPD","0.5","0.95","素早さ上昇強10ターン"
"CE0385","ONECE","1","STATUS","ADD_PERCENT_OF_MAX","SPD","-0.1","0.95","素早さ低下弱1ターン"
"CE0386","CONTINUE","5","STATUS","ADD_PERCENT_OF_MAX","SPD","-0.1","0.95","素早さ低下弱5ターン"
"CE0387","CONTINUE","10","STATUS","ADD_PERCENT_OF_MAX","SPD","-0.1","0.95","素早さ低下弱10ターン"
"CE0388","ONECE","1","STATUS","ADD_PERCENT_OF_MAX","SPD","-0.25","0.95","素早さ低下中1ターン"
"CE0389","CONTINUE","5","STATUS","ADD_PERCENT_OF_MAX","SPD","-0.25","0.95","素早さ低下中5ターン"
"CE0390","CONTINUE","10","STATUS","ADD_PERCENT_OF_MAX","SPD","-0.25","0.95","素早さ低下中10ターン"
"CE0391","ONECE","1","STATUS","ADD_PERCENT_OF_MAX","SPD","-0.5","0.95","素早さ低下強1ターン"
"CE0392","CONTINUE","5","STATUS","ADD_PERCENT_OF_MAX","SPD","-0.5","0.95","素早さ低下強5ターン"
"CE0393","CONTINUE","10","STATUS","ADD_PERCENT_OF_MAX","SPD","-0.5","0.95","素早さ低下強10ターン"
"CE0394","ONECE","1","STATUS","ADD_PERCENT_OF_MAX","DEX","0.1","0.95","器用さ上昇弱1ターン"
"CE0395","CONTINUE","5","STATUS","ADD_PERCENT_OF_MAX","DEX","0.1","0.95","器用さ上昇弱5ターン"
"CE0396","CONTINUE","10","STATUS","ADD_PERCENT_OF_MAX","DEX","0.1","0.95","器用さ上昇弱10ターン"
"CE0397","ONECE","1","STATUS","ADD_PERCENT_OF_MAX","DEX","0.25","0.95","器用さ上昇中1ターン"
"CE0398","CONTINUE","5","STATUS","ADD_PERCENT_OF_MAX","DEX","0.25","0.95","器用さ上昇中5ターン"
"CE0399","CONTINUE","10","STATUS","ADD_PERCENT_OF_MAX","DEX","0.25","0.95","器用さ上昇中10ターン"
"CE0400","ONECE","1","STATUS","ADD_PERCENT_OF_MAX","DEX","0.5","0.95","器用さ上昇強1ターン"
"CE0401","CONTINUE","5","STATUS","ADD_PERCENT_OF_MAX","DEX","0.5","0.95","器用さ上昇強5ターン"
"CE0402","CONTINUE","10","STATUS","ADD_PERCENT_OF_MAX","DEX","0.5","0.95","器用さ上昇強10ターン"
"CE0403","ONECE","1","STATUS","ADD_PERCENT_OF_MAX","DEX","-0.1","0.95","器用さ低下弱1ターン"
"CE0404","CONTINUE","5","STATUS","ADD_PERCENT_OF_MAX","DEX","-0.1","0.95","器用さ低下弱5ターン"
"CE0405","CONTINUE","10","STATUS","ADD_PERCENT_OF_MAX","DEX","-0.1","0.95","器用さ低下弱10ターン"
"CE0406","ONECE","1","STATUS","ADD_PERCENT_OF_MAX","DEX","-0.25","0.95","器用さ低下中1ターン"
"CE0407","CONTINUE","5","STATUS","ADD_PERCENT_OF_MAX","DEX","-0.25","0.95","器用さ低下中5ターン"
"CE0408","CONTINUE","10","STATUS","ADD_PERCENT_OF_MAX","DEX","-0.25","0.95","器用さ低下中10ターン"
"CE0409","ONECE","1","STATUS","ADD_PERCENT_OF_MAX","DEX","-0.5","0.95","器用さ低下強1ターン"
"CE0410","CONTINUE","5","STATUS","ADD_PERCENT_OF_MAX","DEX","-0.5","0.95","器用さ低下強5ターン"
"CE0411","CONTINUE","10","STATUS","ADD_PERCENT_OF_MAX","DEX","-0.5","0.95","器用さ低下強10ターン"
"CE0412","ONECE","1","STATUS","ADD_PERCENT_OF_MAX","POW","0.1","0.95","精神力上昇弱1ターン"
"CE0413","CONTINUE","5","STATUS","ADD_PERCENT_OF_MAX","POW","0.1","0.95","精神力上昇弱5ターン"
"CE0414","CONTINUE","10","STATUS","ADD_PERCENT_OF_MAX","POW","0.1","0.95","精神力上昇弱10ターン"
"CE0415","ONECE","1","STATUS","ADD_PERCENT_OF_MAX","POW","0.25","0.95","精神力上昇中1ターン"
"CE0416","CONTINUE","5","STATUS","ADD_PERCENT_OF_MAX","POW","0.25","0.95","精神力上昇中5ターン"
"CE0417","CONTINUE","10","STATUS","ADD_PERCENT_OF_MAX","POW","0.25","0.95","精神力上昇中10ターン"
"CE0418","ONECE","1","STATUS","ADD_PERCENT_OF_MAX","POW","0.5","0.95","精神力上昇強1ターン"
"CE0419","CONTINUE","5","STATUS","ADD_PERCENT_OF_MAX","POW","0.5","0.95","精神力上昇強5ターン"
"CE0420","CONTINUE","10","STATUS","ADD_PERCENT_OF_MAX","POW","0.5","0.95","精神力上昇強10ターン"
"CE0421","ONECE","1","STATUS","ADD_PERCENT_OF_MAX","POW","-0.1","0.95","精神力低下弱1ターン"
"CE0422","CONTINUE","5","STATUS","ADD_PERCENT_OF_MAX","POW","-0.1","0.95","精神力低下弱5ターン"
"CE0423","CONTINUE","10","STATUS","ADD_PERCENT_OF_MAX","POW","-0.1","0.95","精神力低下弱10ターン"
"CE0424","ONECE","1","STATUS","ADD_PERCENT_OF_MAX","POW","-0.25","0.95","精神力低下中1ターン"
"CE0425","CONTINUE","5","STATUS","ADD_PERCENT_OF_MAX","POW","-0.25","0.95","精神力低下中5ターン"
"CE0426","CONTINUE","10","STATUS","ADD_PERCENT_OF_MAX","POW","-0.25","0.95","精神力低下中10ターン"
"CE0427","ONECE","1","STATUS","ADD_PERCENT_OF_MAX","POW","-0.5","0.95","精神力低下強1ターン"
"CE0428","CONTINUE","5","STATUS","ADD_PERCENT_OF_MAX","POW","-0.5","0.95","精神力低下強5ターン"
"CE0429","CONTINUE","10","STATUS","ADD_PERCENT_OF_MAX","POW","-0.5","0.95","精神力低下強10ターン"
"CE0430","ONECE","1","STATUS","ADD_PERCENT_OF_MAX","SAN","0.1","0.95","正気度上昇弱1ターン"
"CE0431","CONTINUE","5","STATUS","ADD_PERCENT_OF_MAX","SAN","0.1","0.95","正気度上昇弱5ターン"
"CE0432","CONTINUE","10","STATUS","ADD_PERCENT_OF_MAX","SAN","0.1","0.95","正気度上昇弱10ターン"
"CE0433","ONECE","1","STATUS","ADD_PERCENT_OF_MAX","SAN","0.25","0.95","正気度上昇中1ターン"
"CE0434","CONTINUE","5","STATUS","ADD_PERCENT_OF_MAX","SAN","0.25","0.95","正気度上昇中5ターン"
"CE0435","CONTINUE","10","STATUS","ADD_PERCENT_OF_MAX","SAN","0.25","0.95","正気度上昇中10ターン"
"CE0436","ONECE","1","STATUS","ADD_PERCENT_OF_MAX","SAN","0.5","0.95","正気度上昇強1ターン"
"CE0437","CONTINUE","5","STATUS","ADD_PERCENT_OF_MAX","SAN","0.5","0.95","正気度上昇強5ターン"
"CE0438","CONTINUE","10","STATUS","ADD_PERCENT_OF_MAX","SAN","0.5","0.95","正気度上昇強10ターン"
"CE0439","ONECE","1","STATUS","ADD_PERCENT_OF_MAX","SAN","-0.1","0.95","正気度低下弱1ターン"
"CE0440","CONTINUE","5","STATUS","ADD_PERCENT_OF_MAX","SAN","-0.1","0.95","正気度低下弱5ターン"
"CE0441","CONTINUE","10","STATUS","ADD_PERCENT_OF_MAX","SAN","-0.1","0.95","正気度低下弱10ターン"
"CE0442","ONECE","1","STATUS","ADD_PERCENT_OF_MAX","SAN","-0.25","0.95","正気度低下中1ターン"
"CE0443","CONTINUE","5","STATUS","ADD_PERCENT_OF_MAX","SAN","-0.25","0.95","正気度低下中5ターン"
"CE0444","CONTINUE","10","STATUS","ADD_PERCENT_OF_MAX","SAN","-0.25","0.95","正気度低下中10ターン"
"CE0445","ONECE","1","STATUS","ADD_PERCENT_OF_MAX","SAN","-0.5","0.95","正気度低下強1ターン"
"CE0446","CONTINUE","5","STATUS","ADD_PERCENT_OF_MAX","SAN","-0.5","0.95","正気度低下強5ターン"
"CE0447","CONTINUE","10","STATUS","ADD_PERCENT_OF_MAX","SAN","-0.5","0.95","正気度低下強10ターン"
"CE0448","ONECE","1","STATUS","ADD_PERCENT_OF_MAX","MOV","0.1","0.95","行動力上昇弱1ターン"
"CE0449","CONTINUE","5","STATUS","ADD_PERCENT_OF_MAX","MOV","0.1","0.95","行動力上昇弱5ターン"
"CE0450","CONTINUE","10","STATUS","ADD_PERCENT_OF_MAX","MOV","0.1","0.95","行動力上昇弱10ターン"
"CE0451","ONECE","1","STATUS","ADD_PERCENT_OF_MAX","MOV","0.25","0.95","行動力上昇中1ターン"
"CE0452","CONTINUE","5","STATUS","ADD_PERCENT_OF_MAX","MOV","0.25","0.95","行動力上昇中5ターン"
"CE0453","CONTINUE","10","STATUS","ADD_PERCENT_OF_MAX","MOV","0.25","0.95","行動力上昇中10ターン"
"CE0454","ONECE","1","STATUS","ADD_PERCENT_OF_MAX","MOV","0.5","0.95","行動力上昇強1ターン"
"CE0455","CONTINUE","5","STATUS","ADD_PERCENT_OF_MAX","MOV","0.5","0.95","行動力上昇強5ターン"
"CE0456","CONTINUE","10","STATUS","ADD_PERCENT_OF_MAX","MOV","0.5","0.95","行動力上昇強10ターン"
"CE0457","ONECE","1","STATUS","ADD_PERCENT_OF_MAX","MOV","-0.1","0.95","行動力低下弱1ターン"
"CE0458","CONTINUE","5","STATUS","ADD_PERCENT_OF_MAX","MOV","-0.1","0.95","行動力低下弱5ターン"
"CE0459","CONTINUE","10","STATUS","ADD_PERCENT_OF_MAX","MOV","-0.1","0.95","行動力低下弱10ターン"
"CE0460","ONECE","1","STATUS","ADD_PERCENT_OF_MAX","MOV","-0.25","0.95","行動力低下中1ターン"
"CE0461","CONTINUE","5","STATUS","ADD_PERCENT_OF_MAX","MOV","-0.25","0.95","行動力低下中5ターン"
"CE0462","CONTINUE","10","STATUS","ADD_PERCENT_OF_MAX","MOV","-0.25","0.95","行動力低下中10ターン"
"CE0463","ONECE","1","STATUS","ADD_PERCENT_OF_MAX","MOV","-0.5","0.95","行動力低下強1ターン"
"CE0464","CONTINUE","5","STATUS","ADD_PERCENT_OF_MAX","MOV","-0.5","0.95","行動力低下強5ターン"
"CE0465","CONTINUE","10","STATUS","ADD_PERCENT_OF_MAX","MOV","-0.5","0.95","行動力低下強10ターン"
"CE0466","ONECE","1","STATUS","ADD_PERCENT_OF_MAX","ATK","0.1","0.95","攻撃力上昇弱1ターン"
"CE0467","CONTINUE","5","STATUS","ADD_PERCENT_OF_MAX","ATK","0.1","0.95","攻撃力上昇弱5ターン"
"CE0468","CONTINUE","10","STATUS","ADD_PERCENT_OF_MAX","ATK","0.1","0.95","攻撃力上昇弱10ターン"
"CE0469","ONECE","1","STATUS","ADD_PERCENT_OF_MAX","ATK","0.25","0.95","攻撃力上昇中1ターン"
"CE0470","CONTINUE","5","STATUS","ADD_PERCENT_OF_MAX","ATK","0.25","0.95","攻撃力上昇中5ターン"
"CE0471","CONTINUE","10","STATUS","ADD_PERCENT_OF_MAX","ATK","0.25","0.95","攻撃力上昇中10ターン"
"CE0472","ONECE","1","STATUS","ADD_PERCENT_OF_MAX","ATK","0.5","0.95","攻撃力上昇強1ターン"
"CE0473","CONTINUE","5","STATUS","ADD_PERCENT_OF_MAX","ATK","0.5","0.95","攻撃力上昇強5ターン"
"CE0474","CONTINUE","10","STATUS","ADD_PERCENT_OF_MAX","ATK","0.5","0.95","攻撃力上昇強10ターン"
"CE0475","ONECE","1","STATUS","ADD_PERCENT_OF_MAX","ATK","-0.1","0.95","攻撃力低下弱1ターン"
"CE0476","CONTINUE","5","STATUS","ADD_PERCENT_OF_MAX","ATK","-0.1","0.95","攻撃力低下弱5ターン"
"CE0477","CONTINUE","10","STATUS","ADD_PERCENT_OF_MAX","ATK","-0.1","0.95","攻撃力低下弱10ターン"
"CE0478","ONECE","1","STATUS","ADD_PERCENT_OF_MAX","ATK","-0.25","0.95","攻撃力低下中1ターン"
"CE0479","CONTINUE","5","STATUS","ADD_PERCENT_OF_MAX","ATK","-0.25","0.95","攻撃力低下中5ターン"
"CE0480","CONTINUE","10","STATUS","ADD_PERCENT_OF_MAX","ATK","-0.25","0.95","攻撃力低下中10ターン"
"CE0481","ONECE","1","STATUS","ADD_PERCENT_OF_MAX","ATK","-0.5","0.95","攻撃力低下強1ターン"
"CE0482","CONTINUE","5","STATUS","ADD_PERCENT_OF_MAX","ATK","-0.5","0.95","攻撃力低下強5ターン"
"CE0483","CONTINUE","10","STATUS","ADD_PERCENT_OF_MAX","ATK","-0.5","0.95","攻撃力低下強10ターン"
"CE0484","ONECE","1","STATUS","ADD_PERCENT_OF_MAX","DEF","0.1","0.95","防御力上昇弱1ターン"
"CE0485","CONTINUE","5","STATUS","ADD_PERCENT_OF_MAX","DEF","0.1","0.95","防御力上昇弱5ターン"
"CE0486","CONTINUE","10","STATUS","ADD_PERCENT_OF_MAX","DEF","0.1","0.95","防御力上昇弱10ターン"
"CE0487","ONECE","1","STATUS","ADD_PERCENT_OF_MAX","DEF","0.25","0.95","防御力上昇中1ターン"
"CE0488","CONTINUE","5","STATUS","ADD_PERCENT_OF_MAX","DEF","0.25","0.95","防御力上昇中5ターン"
"CE0489","CONTINUE","10","STATUS","ADD_PERCENT_OF_MAX","DEF","0.25","0.95","防御力上昇中10ターン"
"CE0490","ONECE","1","STATUS","ADD_PERCENT_OF_MAX","DEF","0.5","0.95","防御力上昇強1ターン"
"CE0491","CONTINUE","5","STATUS","ADD_PERCENT_OF_MAX","DEF","0.5","0.95","防御力上昇強5ターン"
"CE0492","CONTINUE","10","STATUS","ADD_PERCENT_OF_MAX","DEF","0.5","0.95","防御力上昇強10ターン"
"CE0493","ONECE","1","STATUS","ADD_PERCENT_OF_MAX","DEF","-0.1","0.95","防御力低下弱1ターン"
"CE0494","CONTINUE","5","STATUS","ADD_PERCENT_OF_MAX","DEF","-0.1","0.95","防御力低下弱5ターン"
"CE0495","CONTINUE","10","STATUS","ADD_PERCENT_OF_MAX","DEF","-0.1","0.95","防御力低下弱10ターン"
"CE0496","ONECE","1","STATUS","ADD_PERCENT_OF_MAX","DEF","-0.25","0.95","防御力低下中1ターン"
"CE0497","CONTINUE","5","STATUS","ADD_PERCENT_OF_MAX","DEF","-0.25","0.95","防御力低下中5ターン"
"CE0498","CONTINUE","10","STATUS","ADD_PERCENT_OF_MAX","DEF","-0.25","0.95","防御力低下中10ターン"
"CE0499","ONECE","1","STATUS","ADD_PERCENT_OF_MAX","DEF","-0.5","0.95","防御力低下強1ターン"
"CE0500","CONTINUE","5","STATUS","ADD_PERCENT_OF_MAX","DEF","-0.5","0.95","防御力低下強5ターン"
"CE0501","CONTINUE","10","STATUS","ADD_PERCENT_OF_MAX","DEF","-0.5","0.95","防御力低下強10ターン"
"CE0502","ONECE","1","STATUS","ADD_PERCENT_OF_MAX","AVO","0.1","0.95","物理攻撃回避率上昇弱1ターン"
"CE0503","CONTINUE","5","STATUS","ADD_PERCENT_OF_MAX","AVO","0.1","0.95","物理攻撃回避率上昇弱5ターン"
"CE0504","CONTINUE","10","STATUS","ADD_PERCENT_OF_MAX","AVO","0.1","0.95","物理攻撃回避率上昇弱10ターン"
"CE0505","ONECE","1","STATUS","ADD_PERCENT_OF_MAX","AVO","0.25","0.95","物理攻撃回避率上昇中1ターン"
"CE0506","CONTINUE","5","STATUS","ADD_PERCENT_OF_MAX","AVO","0.25","0.95","物理攻撃回避率上昇中5ターン"
"CE0507","CONTINUE","10","STATUS","ADD_PERCENT_OF_MAX","AVO","0.25","0.95","物理攻撃回避率上昇中10ターン"
"CE0508","ONECE","1","STATUS","ADD_PERCENT_OF_MAX","AVO","0.5","0.95","物理攻撃回避率上昇強1ターン"
"CE0509","CONTINUE","5","STATUS","ADD_PERCENT_OF_MAX","AVO","0.5","0.95","物理攻撃回避率上昇強5ターン"
"CE0510","CONTINUE","10","STATUS","ADD_PERCENT_OF_MAX","AVO","0.5","0.95","物理攻撃回避率上昇強10ターン"
"CE0511","ONECE","1","STATUS","ADD_PERCENT_OF_MAX","AVO","-0.1","0.95","物理攻撃回避率低下弱1ターン"
"CE0512","CONTINUE","5","STATUS","ADD_PERCENT_OF_MAX","AVO","-0.1","0.95","物理攻撃回避率低下弱5ターン"
"CE0513","CONTINUE","10","STATUS","ADD_PERCENT_OF_MAX","AVO","-0.1","0.95","物理攻撃回避率低下弱10ターン"
"CE0514","ONECE","1","STATUS","ADD_PERCENT_OF_MAX","AVO","-0.25","0.95","物理攻撃回避率低下中1ターン"
"CE0515","CONTINUE","5","STATUS","ADD_PERCENT_OF_MAX","AVO","-0.25","0.95","物理攻撃回避率低下中5ターン"
"CE0516","CONTINUE","10","STATUS","ADD_PERCENT_OF_MAX","AVO","-0.25","0.95","物理攻撃回避率低下中10ターン"
"CE0517","ONECE","1","STATUS","ADD_PERCENT_OF_MAX","AVO","-0.5","0.95","物理攻撃回避率低下強1ターン"
"CE0518","CONTINUE","5","STATUS","ADD_PERCENT_OF_MAX","AVO","-0.5","0.95","物理攻撃回避率低下強5ターン"
"CE0519","CONTINUE","10","STATUS","ADD_PERCENT_OF_MAX","AVO","-0.5","0.95","物理攻撃回避率低下強10ターン"
"CE0520","ONECE","1","STATUS","ADD_PERCENT_OF_MAX","CUT_P","0.1","0.95","物理攻撃カット率上昇弱1ターン"
"CE0521","CONTINUE","5","STATUS","ADD_PERCENT_OF_MAX","CUT_P","0.1","0.95","物理攻撃カット率上昇弱5ターン"
"CE0522","CONTINUE","10","STATUS","ADD_PERCENT_OF_MAX","CUT_P","0.1","0.95","物理攻撃カット率上昇弱10ターン"
"CE0523","ONECE","1","STATUS","ADD_PERCENT_OF_MAX","CUT_P","0.25","0.95","物理攻撃カット率上昇中1ターン"
"CE0524","CONTINUE","5","STATUS","ADD_PERCENT_OF_MAX","CUT_P","0.25","0.95","物理攻撃カット率上昇中5ターン"
"CE0525","CONTINUE","10","STATUS","ADD_PERCENT_OF_MAX","CUT_P","0.25","0.95","物理攻撃カット率上昇中10ターン"
"CE0526","ONECE","1","STATUS","ADD_PERCENT_OF_MAX","CUT_P","0.5","0.95","物理攻撃カット率上昇強1ターン"
"CE0527","CONTINUE","5","STATUS","ADD_PERCENT_OF_MAX","CUT_P","0.5","0.95","物理攻撃カット率上昇強5ターン"
"CE0528","CONTINUE","10","STATUS","ADD_PERCENT_OF_MAX","CUT_P","0.5","0.95","物理攻撃カット率上昇強10ターン"
"CE0529","ONECE","1","STATUS","ADD_PERCENT_OF_MAX","CUT_P","-0.1","0.95","物理攻撃カット率低下弱1ターン"
"CE0530","CONTINUE","5","STATUS","ADD_PERCENT_OF_MAX","CUT_P","-0.1","0.95","物理攻撃カット率低下弱5ターン"
"CE0531","CONTINUE","10","STATUS","ADD_PERCENT_OF_MAX","CUT_P","-0.1","0.95","物理攻撃カット率低下弱10ターン"
"CE0532","ONECE","1","STATUS","ADD_PERCENT_OF_MAX","CUT_P","-0.25","0.95","物理攻撃カット率低下中1ターン"
"CE0533","CONTINUE","5","STATUS","ADD_PERCENT_OF_MAX","CUT_P","-0.25","0.95","物理攻撃カット率低下中5ターン"
"CE0534","CONTINUE","10","STATUS","ADD_PERCENT_OF_MAX","CUT_P","-0.25","0.95","物理攻撃カット率低下中10ターン"
"CE0535","ONECE","1","STATUS","ADD_PERCENT_OF_MAX","CUT_P","-0.5","0.95","物理攻撃カット率低下強1ターン"
"CE0536","CONTINUE","5","STATUS","ADD_PERCENT_OF_MAX","CUT_P","-0.5","0.95","物理攻撃カット率低下強5ターン"
"CE0537","CONTINUE","10","STATUS","ADD_PERCENT_OF_MAX","CUT_P","-0.5","0.95","物理攻撃カット率低下強10ターン"
"CE0538","ONECE","1","STATUS","ADD_PERCENT_OF_MAX","CRT_P","0.1","0.95","物理クリティカル発生率上昇弱1ターン"
"CE0539","CONTINUE","5","STATUS","ADD_PERCENT_OF_MAX","CRT_P","0.1","0.95","物理クリティカル発生率上昇弱5ターン"
"CE0540","CONTINUE","10","STATUS","ADD_PERCENT_OF_MAX","CRT_P","0.1","0.95","物理クリティカル発生率上昇弱10ターン"
"CE0541","ONECE","1","STATUS","ADD_PERCENT_OF_MAX","CRT_P","0.25","0.95","物理クリティカル発生率上昇中1ターン"
"CE0542","CONTINUE","5","STATUS","ADD_PERCENT_OF_MAX","CRT_P","0.25","0.95","物理クリティカル発生率上昇中5ターン"
"CE0543","CONTINUE","10","STATUS","ADD_PERCENT_OF_MAX","CRT_P","0.25","0.95","物理クリティカル発生率上昇中10ターン"
"CE0544","ONECE","1","STATUS","ADD_PERCENT_OF_MAX","CRT_P","0.5","0.95","物理クリティカル発生率上昇強1ターン"
"CE0545","CONTINUE","5","STATUS","ADD_PERCENT_OF_MAX","CRT_P","0.5","0.95","物理クリティカル発生率上昇強5ターン"
"CE0546","CONTINUE","10","STATUS","ADD_PERCENT_OF_MAX","CRT_P","0.5","0.95","物理クリティカル発生率上昇強10ターン"
"CE0547","ONECE","1","STATUS","ADD_PERCENT_OF_MAX","CRT_P","-0.1","0.95","物理クリティカル発生率低下弱1ターン"
"CE0548","CONTINUE","5","STATUS","ADD_PERCENT_OF_MAX","CRT_P","-0.1","0.95","物理クリティカル発生率低下弱5ターン"
"CE0549","CONTINUE","10","STATUS","ADD_PERCENT_OF_MAX","CRT_P","-0.1","0.95","物理クリティカル発生率低下弱10ターン"
"CE0550","ONECE","1","STATUS","ADD_PERCENT_OF_MAX","CRT_P","-0.25","0.95","物理クリティカル発生率低下中1ターン"
"CE0551","CONTINUE","5","STATUS","ADD_PERCENT_OF_MAX","CRT_P","-0.25","0.95","物理クリティカル発生率低下中5ターン"
"CE0552","CONTINUE","10","STATUS","ADD_PERCENT_OF_MAX","CRT_P","-0.25","0.95","物理クリティカル発生率低下中10ターン"
"CE0553","ONECE","1","STATUS","ADD_PERCENT_OF_MAX","CRT_P","-0.5","0.95","物理クリティカル発生率低下強1ターン"
"CE0554","CONTINUE","5","STATUS","ADD_PERCENT_OF_MAX","CRT_P","-0.5","0.95","物理クリティカル発生率低下強5ターン"
"CE0555","CONTINUE","10","STATUS","ADD_PERCENT_OF_MAX","CRT_P","-0.5","0.95","物理クリティカル発生率低下強10ターン"
"CE0556","ONECE","1","STATUS","ADD_PERCENT_OF_MAX","CRT_V","0.1","0.95","物理クリティカル発生時の追加割合上昇弱1ターン"
"CE0557","CONTINUE","5","STATUS","ADD_PERCENT_OF_MAX","CRT_V","0.1","0.95","物理クリティカル発生時の追加割合上昇弱5ターン"
"CE0558","CONTINUE","10","STATUS","ADD_PERCENT_OF_MAX","CRT_V","0.1","0.95","物理クリティカル発生時の追加割合上昇弱10ターン"
"CE0559","ONECE","1","STATUS","ADD_PERCENT_OF_MAX","CRT_V","0.25","0.95","物理クリティカル発生時の追加割合上昇中1ターン"
"CE0560","CONTINUE","5","STATUS","ADD_PERCENT_OF_MAX","CRT_V","0.25","0.95","物理クリティカル発生時の追加割合上昇中5ターン"
"CE0561","CONTINUE","10","STATUS","ADD_PERCENT_OF_MAX","CRT_V","0.25","0.95","物理クリティカル発生時の追加割合上昇中10ターン"
"CE0562","ONECE","1","STATUS","ADD_PERCENT_OF_MAX","CRT_V","0.5","0.95","物理クリティカル発生時の追加割合上昇強1ターン"
"CE0563","CONTINUE","5","STATUS","ADD_PERCENT_OF_MAX","CRT_V","0.5","0.95","物理クリティカル発生時の追加割合上昇強5ターン"
"CE0564","CONTINUE","10","STATUS","ADD_PERCENT_OF_MAX","CRT_V","0.5","0.95","物理クリティカル発生時の追加割合上昇強10ターン"
"CE0565","ONECE","1","STATUS","ADD_PERCENT_OF_MAX","CRT_V","-0.1","0.95","物理クリティカル発生時の追加割合低下弱1ターン"
"CE0566","CONTINUE","5","STATUS","ADD_PERCENT_OF_MAX","CRT_V","-0.1","0.95","物理クリティカル発生時の追加割合低下弱5ターン"
"CE0567","CONTINUE","10","STATUS","ADD_PERCENT_OF_MAX","CRT_V","-0.1","0.95","物理クリティカル発生時の追加割合低下弱10ターン"
"CE0568","ONECE","1","STATUS","ADD_PERCENT_OF_MAX","CRT_V","-0.25","0.95","物理クリティカル発生時の追加割合低下中1ターン"
"CE0569","CONTINUE","5","STATUS","ADD_PERCENT_OF_MAX","CRT_V","-0.25","0.95","物理クリティカル発生時の追加割合低下中5ターン"
"CE0570","CONTINUE","10","STATUS","ADD_PERCENT_OF_MAX","CRT_V","-0.25","0.95","物理クリティカル発生時の追加割合低下中10ターン"
"CE0571","ONECE","1","STATUS","ADD_PERCENT_OF_MAX","CRT_V","-0.5","0.95","物理クリティカル発生時の追加割合低下強1ターン"
"CE0572","CONTINUE","5","STATUS","ADD_PERCENT_OF_MAX","CRT_V","-0.5","0.95","物理クリティカル発生時の追加割合低下強5ターン"
"CE0573","CONTINUE","10","STATUS","ADD_PERCENT_OF_MAX","CRT_V","-0.5","0.95","物理クリティカル発生時の追加割合低下強10ターン"
"CE0574","ONECE","1","STATUS","ADD_PERCENT_OF_MAX","M_ATK","0.1","0.95","魔法攻撃力上昇弱1ターン"
"CE0575","CONTINUE","5","STATUS","ADD_PERCENT_OF_MAX","M_ATK","0.1","0.95","魔法攻撃力上昇弱5ターン"
"CE0576","CONTINUE","10","STATUS","ADD_PERCENT_OF_MAX","M_ATK","0.1","0.95","魔法攻撃力上昇弱10ターン"
"CE0577","ONECE","1","STATUS","ADD_PERCENT_OF_MAX","M_ATK","0.25","0.95","魔法攻撃力上昇中1ターン"
"CE0578","CONTINUE","5","STATUS","ADD_PERCENT_OF_MAX","M_ATK","0.25","0.95","魔法攻撃力上昇中5ターン"
"CE0579","CONTINUE","10","STATUS","ADD_PERCENT_OF_MAX","M_ATK","0.25","0.95","魔法攻撃力上昇中10ターン"
"CE0580","ONECE","1","STATUS","ADD_PERCENT_OF_MAX","M_ATK","0.5","0.95","魔法攻撃力上昇強1ターン"
"CE0581","CONTINUE","5","STATUS","ADD_PERCENT_OF_MAX","M_ATK","0.5","0.95","魔法攻撃力上昇強5ターン"
"CE0582","CONTINUE","10","STATUS","ADD_PERCENT_OF_MAX","M_ATK","0.5","0.95","魔法攻撃力上昇強10ターン"
"CE0583","ONECE","1","STATUS","ADD_PERCENT_OF_MAX","M_ATK","-0.1","0.95","魔法攻撃力低下弱1ターン"
"CE0584","CONTINUE","5","STATUS","ADD_PERCENT_OF_MAX","M_ATK","-0.1","0.95","魔法攻撃力低下弱5ターン"
"CE0585","CONTINUE","10","STATUS","ADD_PERCENT_OF_MAX","M_ATK","-0.1","0.95","魔法攻撃力低下弱10ターン"
"CE0586","ONECE","1","STATUS","ADD_PERCENT_OF_MAX","M_ATK","-0.25","0.95","魔法攻撃力低下中1ターン"
"CE0587","CONTINUE","5","STATUS","ADD_PERCENT_OF_MAX","M_ATK","-0.25","0.95","魔法攻撃力低下中5ターン"
"CE0588","CONTINUE","10","STATUS","ADD_PERCENT_OF_MAX","M_ATK","-0.25","0.95","魔法攻撃力低下中10ターン"
"CE0589","ONECE","1","STATUS","ADD_PERCENT_OF_MAX","M_ATK","-0.5","0.95","魔法攻撃力低下強1ターン"
"CE0590","CONTINUE","5","STATUS","ADD_PERCENT_OF_MAX","M_ATK","-0.5","0.95","魔法攻撃力低下強5ターン"
"CE0591","CONTINUE","10","STATUS","ADD_PERCENT_OF_MAX","M_ATK","-0.5","0.95","魔法攻撃力低下強10ターン"
"CE0592","ONECE","1","STATUS","ADD_PERCENT_OF_MAX","M_DEF","0.1","0.95","魔法防御力上昇弱1ターン"
"CE0593","CONTINUE","5","STATUS","ADD_PERCENT_OF_MAX","M_DEF","0.1","0.95","魔法防御力上昇弱5ターン"
"CE0594","CONTINUE","10","STATUS","ADD_PERCENT_OF_MAX","M_DEF","0.1","0.95","魔法防御力上昇弱10ターン"
"CE0595","ONECE","1","STATUS","ADD_PERCENT_OF_MAX","M_DEF","0.25","0.95","魔法防御力上昇中1ターン"
"CE0596","CONTINUE","5","STATUS","ADD_PERCENT_OF_MAX","M_DEF","0.25","0.95","魔法防御力上昇中5ターン"
"CE0597","CONTINUE","10","STATUS","ADD_PERCENT_OF_MAX","M_DEF","0.25","0.95","魔法防御力上昇中10ターン"
"CE0598","ONECE","1","STATUS","ADD_PERCENT_OF_MAX","M_DEF","0.5","0.95","魔法防御力上昇強1ターン"
"CE0599","CONTINUE","5","STATUS","ADD_PERCENT_OF_MAX","M_DEF","0.5","0.95","魔法防御力上昇強5ターン"
"CE0600","CONTINUE","10","STATUS","ADD_PERCENT_OF_MAX","M_DEF","0.5","0.95","魔法防御力上昇強10ターン"
"CE0601","ONECE","1","STATUS","ADD_PERCENT_OF_MAX","M_DEF","-0.1","0.95","魔法防御力低下弱1ターン"
"CE0602","CONTINUE","5","STATUS","ADD_PERCENT_OF_MAX","M_DEF","-0.1","0.95","魔法防御力低下弱5ターン"
"CE0603","CONTINUE","10","STATUS","ADD_PERCENT_OF_MAX","M_DEF","-0.1","0.95","魔法防御力低下弱10ターン"
"CE0604","ONECE","1","STATUS","ADD_PERCENT_OF_MAX","M_DEF","-0.25","0.95","魔法防御力低下中1ターン"
"CE0605","CONTINUE","5","STATUS","ADD_PERCENT_OF_MAX","M_DEF","-0.25","0.95","魔法防御力低下中5ターン"
"CE0606","CONTINUE","10","STATUS","ADD_PERCENT_OF_MAX","M_DEF","-0.25","0.95","魔法防御力低下中10ターン"
"CE0607","ONECE","1","STATUS","ADD_PERCENT_OF_MAX","M_DEF","-0.5","0.95","魔法防御力低下強1ターン"
"CE0608","CONTINUE","5","STATUS","ADD_PERCENT_OF_MAX","M_DEF","-0.5","0.95","魔法防御力低下強5ターン"
"CE0609","CONTINUE","10","STATUS","ADD_PERCENT_OF_MAX","M_DEF","-0.5","0.95","魔法防御力低下強10ターン"
"CE0610","ONECE","1","STATUS","ADD_PERCENT_OF_MAX","M_AVO","0.1","0.95","魔法攻撃回避率上昇弱1ターン"
"CE0611","CONTINUE","5","STATUS","ADD_PERCENT_OF_MAX","M_AVO","0.1","0.95","魔法攻撃回避率上昇弱5ターン"
"CE0612","CONTINUE","10","STATUS","ADD_PERCENT_OF_MAX","M_AVO","0.1","0.95","魔法攻撃回避率上昇弱10ターン"
"CE0613","ONECE","1","STATUS","ADD_PERCENT_OF_MAX","M_AVO","0.25","0.95","魔法攻撃回避率上昇中1ターン"
"CE0614","CONTINUE","5","STATUS","ADD_PERCENT_OF_MAX","M_AVO","0.25","0.95","魔法攻撃回避率上昇中5ターン"
"CE0615","CONTINUE","10","STATUS","ADD_PERCENT_OF_MAX","M_AVO","0.25","0.95","魔法攻撃回避率上昇中10ターン"
"CE0616","ONECE","1","STATUS","ADD_PERCENT_OF_MAX","M_AVO","0.5","0.95","魔法攻撃回避率上昇強1ターン"
"CE0617","CONTINUE","5","STATUS","ADD_PERCENT_OF_MAX","M_AVO","0.5","0.95","魔法攻撃回避率上昇強5ターン"
"CE0618","CONTINUE","10","STATUS","ADD_PERCENT_OF_MAX","M_AVO","0.5","0.95","魔法攻撃回避率上昇強10ターン"
"CE0619","ONECE","1","STATUS","ADD_PERCENT_OF_MAX","M_AVO","-0.1","0.95","魔法攻撃回避率低下弱1ターン"
"CE0620","CONTINUE","5","STATUS","ADD_PERCENT_OF_MAX","M_AVO","-0.1","0.95","魔法攻撃回避率低下弱5ターン"
"CE0621","CONTINUE","10","STATUS","ADD_PERCENT_OF_MAX","M_AVO","-0.1","0.95","魔法攻撃回避率低下弱10ターン"
"CE0622","ONECE","1","STATUS","ADD_PERCENT_OF_MAX","M_AVO","-0.25","0.95","魔法攻撃回避率低下中1ターン"
"CE0623","CONTINUE","5","STATUS","ADD_PERCENT_OF_MAX","M_AVO","-0.25","0.95","魔法攻撃回避率低下中5ターン"
"CE0624","CONTINUE","10","STATUS","ADD_PERCENT_OF_MAX","M_AVO","-0.25","0.95","魔法攻撃回避率低下中10ターン"
"CE0625","ONECE","1","STATUS","ADD_PERCENT_OF_MAX","M_AVO","-0.5","0.95","魔法攻撃回避率低下強1ターン"
"CE0626","CONTINUE","5","STATUS","ADD_PERCENT_OF_MAX","M_AVO","-0.5","0.95","魔法攻撃回避率低下強5ターン"
"CE0627","CONTINUE","10","STATUS","ADD_PERCENT_OF_MAX","M_AVO","-0.5","0.95","魔法攻撃回避率低下強10ターン"
"CE0628","ONECE","1","STATUS","ADD_PERCENT_OF_MAX","M_CUT_P","0.1","0.95","魔法攻撃カット率上昇弱1ターン"
"CE0629","CONTINUE","5","STATUS","ADD_PERCENT_OF_MAX","M_CUT_P","0.1","0.95","魔法攻撃カット率上昇弱5ターン"
"CE0630","CONTINUE","10","STATUS","ADD_PERCENT_OF_MAX","M_CUT_P","0.1","0.95","魔法攻撃カット率上昇弱10ターン"
"CE0631","ONECE","1","STATUS","ADD_PERCENT_OF_MAX","M_CUT_P","0.25","0.95","魔法攻撃カット率上昇中1ターン"
"CE0632","CONTINUE","5","STATUS","ADD_PERCENT_OF_MAX","M_CUT_P","0.25","0.95","魔法攻撃カット率上昇中5ターン"
"CE0633","CONTINUE","10","STATUS","ADD_PERCENT_OF_MAX","M_CUT_P","0.25","0.95","魔法攻撃カット率上昇中10ターン"
"CE0634","ONECE","1","STATUS","ADD_PERCENT_OF_MAX","M_CUT_P","0.5","0.95","魔法攻撃カット率上昇強1ターン"
"CE0635","CONTINUE","5","STATUS","ADD_PERCENT_OF_MAX","M_CUT_P","0.5","0.95","魔法攻撃カット率上昇強5ターン"
"CE0636","CONTINUE","10","STATUS","ADD_PERCENT_OF_MAX","M_CUT_P","0.5","0.95","魔法攻撃カット率上昇強10ターン"
"CE0637","ONECE","1","STATUS","ADD_PERCENT_OF_MAX","M_CUT_P","-0.1","0.95","魔法攻撃カット率低下弱1ターン"
"CE0638","CONTINUE","5","STATUS","ADD_PERCENT_OF_MAX","M_CUT_P","-0.1","0.95","魔法攻撃カット率低下弱5ターン"
"CE0639","CONTINUE","10","STATUS","ADD_PERCENT_OF_MAX","M_CUT_P","-0.1","0.95","魔法攻撃カット率低下弱10ターン"
"CE0640","ONECE","1","STATUS","ADD_PERCENT_OF_MAX","M_CUT_P","-0.25","0.95","魔法攻撃カット率低下中1ターン"
"CE0641","CONTINUE","5","STATUS","ADD_PERCENT_OF_MAX","M_CUT_P","-0.25","0.95","魔法攻撃カット率低下中5ターン"
"CE0642","CONTINUE","10","STATUS","ADD_PERCENT_OF_MAX","M_CUT_P","-0.25","0.95","魔法攻撃カット率低下中10ターン"
"CE0643","ONECE","1","STATUS","ADD_PERCENT_OF_MAX","M_CUT_P","-0.5","0.95","魔法攻撃カット率低下強1ターン"
"CE0644","CONTINUE","5","STATUS","ADD_PERCENT_OF_MAX","M_CUT_P","-0.5","0.95","魔法攻撃カット率低下強5ターン"
"CE0645","CONTINUE","10","STATUS","ADD_PERCENT_OF_MAX","M_CUT_P","-0.5","0.95","魔法攻撃カット率低下強10ターン"
"CE0646","ONECE","1","STATUS","ADD_PERCENT_OF_MAX","M_CUT_V","0.1","0.95","魔法ダメージカット時の減少割合上昇弱1ターン"
"CE0647","CONTINUE","5","STATUS","ADD_PERCENT_OF_MAX","M_CUT_V","0.1","0.95","魔法ダメージカット時の減少割合上昇弱5ターン"
"CE0648","CONTINUE","10","STATUS","ADD_PERCENT_OF_MAX","M_CUT_V","0.1","0.95","魔法ダメージカット時の減少割合上昇弱10ターン"
"CE0649","ONECE","1","STATUS","ADD_PERCENT_OF_MAX","M_CUT_V","0.25","0.95","魔法ダメージカット時の減少割合上昇中1ターン"
"CE0650","CONTINUE","5","STATUS","ADD_PERCENT_OF_MAX","M_CUT_V","0.25","0.95","魔法ダメージカット時の減少割合上昇中5ターン"
"CE0651","CONTINUE","10","STATUS","ADD_PERCENT_OF_MAX","M_CUT_V","0.25","0.95","魔法ダメージカット時の減少割合上昇中10ターン"
"CE0652","ONECE","1","STATUS","ADD_PERCENT_OF_MAX","M_CUT_V","0.5","0.95","魔法ダメージカット時の減少割合上昇強1ターン"
"CE0653","CONTINUE","5","STATUS","ADD_PERCENT_OF_MAX","M_CUT_V","0.5","0.95","魔法ダメージカット時の減少割合上昇強5ターン"
"CE0654","CONTINUE","10","STATUS","ADD_PERCENT_OF_MAX","M_CUT_V","0.5","0.95","魔法ダメージカット時の減少割合上昇強10ターン"
"CE0655","ONECE","1","STATUS","ADD_PERCENT_OF_MAX","M_CUT_V","-0.1","0.95","魔法ダメージカット時の減少割合低下弱1ターン"
"CE0656","CONTINUE","5","STATUS","ADD_PERCENT_OF_MAX","M_CUT_V","-0.1","0.95","魔法ダメージカット時の減少割合低下弱5ターン"
"CE0657","CONTINUE","10","STATUS","ADD_PERCENT_OF_MAX","M_CUT_V","-0.1","0.95","魔法ダメージカット時の減少割合低下弱10ターン"
"CE0658","ONECE","1","STATUS","ADD_PERCENT_OF_MAX","M_CUT_V","-0.25","0.95","魔法ダメージカット時の減少割合低下中1ターン"
"CE0659","CONTINUE","5","STATUS","ADD_PERCENT_OF_MAX","M_CUT_V","-0.25","0.95","魔法ダメージカット時の減少割合低下中5ターン"
"CE0660","CONTINUE","10","STATUS","ADD_PERCENT_OF_MAX","M_CUT_V","-0.25","0.95","魔法ダメージカット時の減少割合低下中10ターン"
"CE0661","ONECE","1","STATUS","ADD_PERCENT_OF_MAX","M_CUT_V","-0.5","0.95","魔法ダメージカット時の減少割合低下強1ターン"
"CE0662","CONTINUE","5","STATUS","ADD_PERCENT_OF_MAX","M_CUT_V","-0.5","0.95","魔法ダメージカット時の減少割合低下強5ターン"
"CE0663","CONTINUE","10","STATUS","ADD_PERCENT_OF_MAX","M_CUT_V","-0.5","0.95","魔法ダメージカット時の減少割合低下強10ターン"
"CE0664","ONECE","1","STATUS","ADD_PERCENT_OF_MAX","M_CRT_P","0.1","0.95","魔法クリティカル発生率上昇弱1ターン"
"CE0665","CONTINUE","5","STATUS","ADD_PERCENT_OF_MAX","M_CRT_P","0.1","0.95","魔法クリティカル発生率上昇弱5ターン"
"CE0666","CONTINUE","10","STATUS","ADD_PERCENT_OF_MAX","M_CRT_P","0.1","0.95","魔法クリティカル発生率上昇弱10ターン"
"CE0667","ONECE","1","STATUS","ADD_PERCENT_OF_MAX","M_CRT_P","0.25","0.95","魔法クリティカル発生率上昇中1ターン"
"CE0668","CONTINUE","5","STATUS","ADD_PERCENT_OF_MAX","M_CRT_P","0.25","0.95","魔法クリティカル発生率上昇中5ターン"
"CE0669","CONTINUE","10","STATUS","ADD_PERCENT_OF_MAX","M_CRT_P","0.25","0.95","魔法クリティカル発生率上昇中10ターン"
"CE0670","ONECE","1","STATUS","ADD_PERCENT_OF_MAX","M_CRT_P","0.5","0.95","魔法クリティカル発生率上昇強1ターン"
"CE0671","CONTINUE","5","STATUS","ADD_PERCENT_OF_MAX","M_CRT_P","0.5","0.95","魔法クリティカル発生率上昇強5ターン"
"CE0672","CONTINUE","10","STATUS","ADD_PERCENT_OF_MAX","M_CRT_P","0.5","0.95","魔法クリティカル発生率上昇強10ターン"
"CE0673","ONECE","1","STATUS","ADD_PERCENT_OF_MAX","M_CRT_P","-0.1","0.95","魔法クリティカル発生率低下弱1ターン"
"CE0674","CONTINUE","5","STATUS","ADD_PERCENT_OF_MAX","M_CRT_P","-0.1","0.95","魔法クリティカル発生率低下弱5ターン"
"CE0675","CONTINUE","10","STATUS","ADD_PERCENT_OF_MAX","M_CRT_P","-0.1","0.95","魔法クリティカル発生率低下弱10ターン"
"CE0676","ONECE","1","STATUS","ADD_PERCENT_OF_MAX","M_CRT_P","-0.25","0.95","魔法クリティカル発生率低下中1ターン"
"CE0677","CONTINUE","5","STATUS","ADD_PERCENT_OF_MAX","M_CRT_P","-0.25","0.95","魔法クリティカル発生率低下中5ターン"
"CE0678","CONTINUE","10","STATUS","ADD_PERCENT_OF_MAX","M_CRT_P","-0.25","0.95","魔法クリティカル発生率低下中10ターン"
"CE0679","ONECE","1","STATUS","ADD_PERCENT_OF_MAX","M_CRT_P","-0.5","0.95","魔法クリティカル発生率低下強1ターン"
"CE0680","CONTINUE","5","STATUS","ADD_PERCENT_OF_MAX","M_CRT_P","-0.5","0.95","魔法クリティカル発生率低下強5ターン"
"CE0681","CONTINUE","10","STATUS","ADD_PERCENT_OF_MAX","M_CRT_P","-0.5","0.95","魔法クリティカル発生率低下強10ターン"
"CE0682","ONECE","1","STATUS","ADD_PERCENT_OF_MAX","M_CRT_V","0.1","0.95","魔法クリティカル発生時の追加割合上昇弱1ターン"
"CE0683","CONTINUE","5","STATUS","ADD_PERCENT_OF_MAX","M_CRT_V","0.1","0.95","魔法クリティカル発生時の追加割合上昇弱5ターン"
"CE0684","CONTINUE","10","STATUS","ADD_PERCENT_OF_MAX","M_CRT_V","0.1","0.95","魔法クリティカル発生時の追加割合上昇弱10ターン"
"CE0685","ONECE","1","STATUS","ADD_PERCENT_OF_MAX","M_CRT_V","0.25","0.95","魔法クリティカル発生時の追加割合上昇中1ターン"
"CE0686","CONTINUE","5","STATUS","ADD_PERCENT_OF_MAX","M_CRT_V","0.25","0.95","魔法クリティカル発生時の追加割合上昇中5ターン"
"CE0687","CONTINUE","10","STATUS","ADD_PERCENT_OF_MAX","M_CRT_V","0.25","0.95","魔法クリティカル発生時の追加割合上昇中10ターン"
"CE0688","ONECE","1","STATUS","ADD_PERCENT_OF_MAX","M_CRT_V","0.5","0.95","魔法クリティカル発生時の追加割合上昇強1ターン"
"CE0689","CONTINUE","5","STATUS","ADD_PERCENT_OF_MAX","M_CRT_V","0.5","0.95","魔法クリティカル発生時の追加割合上昇強5ターン"
"CE0690","CONTINUE","10","STATUS","ADD_PERCENT_OF_MAX","M_CRT_V","0.5","0.95","魔法クリティカル発生時の追加割合上昇強10ターン"
"CE0691","ONECE","1","STATUS","ADD_PERCENT_OF_MAX","M_CRT_V","-0.1","0.95","魔法クリティカル発生時の追加割合低下弱1ターン"
"CE0692","CONTINUE","5","STATUS","ADD_PERCENT_OF_MAX","M_CRT_V","-0.1","0.95","魔法クリティカル発生時の追加割合低下弱5ターン"
"CE0693","CONTINUE","10","STATUS","ADD_PERCENT_OF_MAX","M_CRT_V","-0.1","0.95","魔法クリティカル発生時の追加割合低下弱10ターン"
"CE0694","ONECE","1","STATUS","ADD_PERCENT_OF_MAX","M_CRT_V","-0.25","0.95","魔法クリティカル発生時の追加割合低下中1ターン"
"CE0695","CONTINUE","5","STATUS","ADD_PERCENT_OF_MAX","M_CRT_V","-0.25","0.95","魔法クリティカル発生時の追加割合低下中5ターン"
"CE0696","CONTINUE","10","STATUS","ADD_PERCENT_OF_MAX","M_CRT_V","-0.25","0.95","魔法クリティカル発生時の追加割合低下中10ターン"
"CE0697","ONECE","1","STATUS","ADD_PERCENT_OF_MAX","M_CRT_V","-0.5","0.95","魔法クリティカル発生時の追加割合低下強1ターン"
"CE0698","CONTINUE","5","STATUS","ADD_PERCENT_OF_MAX","M_CRT_V","-0.5","0.95","魔法クリティカル発生時の追加割合低下強5ターン"
"CE0699","CONTINUE","10","STATUS","ADD_PERCENT_OF_MAX","M_CRT_V","-0.5","0.95","魔法クリティカル発生時の追加割合低下強10ターン"
"CE0700","ONECE","1","ATTR","ADD_PERCENT_OF_MAX","CHOP","0.1","0.95","斬撃耐性上昇弱1ターン"
"CE0701","CONTINUE","5","ATTR","ADD_PERCENT_OF_MAX","CHOP","0.1","0.95","斬撃耐性上昇弱5ターン"
"CE0702","CONTINUE","10","ATTR","ADD_PERCENT_OF_MAX","CHOP","0.1","0.95","斬撃耐性上昇弱10ターン"
"CE0703","ONECE","1","ATTR","ADD_PERCENT_OF_MAX","CHOP","0.25","0.95","斬撃耐性上昇中1ターン"
"CE0704","CONTINUE","5","ATTR","ADD_PERCENT_OF_MAX","CHOP","0.25","0.95","斬撃耐性上昇中5ターン"
"CE0705","CONTINUE","10","ATTR","ADD_PERCENT_OF_MAX","CHOP","0.25","0.95","斬撃耐性上昇中10ターン"
"CE0706","ONECE","1","ATTR","ADD_PERCENT_OF_MAX","CHOP","0.5","0.95","斬撃耐性上昇強1ターン"
"CE0707","CONTINUE","5","ATTR","ADD_PERCENT_OF_MAX","CHOP","0.5","0.95","斬撃耐性上昇強5ターン"
"CE0708","CONTINUE","10","ATTR","ADD_PERCENT_OF_MAX","CHOP","0.5","0.95","斬撃耐性上昇強10ターン"
"CE0709","ONECE","1","ATTR","ADD_PERCENT_OF_MAX","CHOP","-0.1","0.95","斬撃耐性低下弱1ターン"
"CE0710","CONTINUE","5","ATTR","ADD_PERCENT_OF_MAX","CHOP","-0.1","0.95","斬撃耐性低下弱5ターン"
"CE0711","CONTINUE","10","ATTR","ADD_PERCENT_OF_MAX","CHOP","-0.1","0.95","斬撃耐性低下弱10ターン"
"CE0712","ONECE","1","ATTR","ADD_PERCENT_OF_MAX","CHOP","-0.25","0.95","斬撃耐性低下中1ターン"
"CE0713","CONTINUE","5","ATTR","ADD_PERCENT_OF_MAX","CHOP","-0.25","0.95","斬撃耐性低下中5ターン"
"CE0714","CONTINUE","10","ATTR","ADD_PERCENT_OF_MAX","CHOP","-0.25","0.95","斬撃耐性低下中10ターン"
"CE0715","ONECE","1","ATTR","ADD_PERCENT_OF_MAX","CHOP","-0.5","0.95","斬撃耐性低下強1ターン"
"CE0716","CONTINUE","5","ATTR","ADD_PERCENT_OF_MAX","CHOP","-0.5","0.95","斬撃耐性低下強5ターン"
"CE0717","CONTINUE","10","ATTR","ADD_PERCENT_OF_MAX","CHOP","-0.5","0.95","斬撃耐性低下強10ターン"
"CE0718","ONECE","1","ATTR","ADD_PERCENT_OF_MAX","STAB","0.1","0.95","刺突耐性上昇弱1ターン"
"CE0719","CONTINUE","5","ATTR","ADD_PERCENT_OF_MAX","STAB","0.1","0.95","刺突耐性上昇弱5ターン"
"CE0720","CONTINUE","10","ATTR","ADD_PERCENT_OF_MAX","STAB","0.1","0.95","刺突耐性上昇弱10ターン"
"CE0721","ONECE","1","ATTR","ADD_PERCENT_OF_MAX","STAB","0.25","0.95","刺突耐性上昇中1ターン"
"CE0722","CONTINUE","5","ATTR","ADD_PERCENT_OF_MAX","STAB","0.25","0.95","刺突耐性上昇中5ターン"
"CE0723","CONTINUE","10","ATTR","ADD_PERCENT_OF_MAX","STAB","0.25","0.95","刺突耐性上昇中10ターン"
"CE0724","ONECE","1","ATTR","ADD_PERCENT_OF_MAX","STAB","0.5","0.95","刺突耐性上昇強1ターン"
"CE0725","CONTINUE","5","ATTR","ADD_PERCENT_OF_MAX","STAB","0.5","0.95","刺突耐性上昇強5ターン"
"CE0726","CONTINUE","10","ATTR","ADD_PERCENT_OF_MAX","STAB","0.5","0.95","刺突耐性上昇強10ターン"
"CE0727","ONECE","1","ATTR","ADD_PERCENT_OF_MAX","STAB","-0.1","0.95","刺突耐性低下弱1ターン"
"CE0728","CONTINUE","5","ATTR","ADD_PERCENT_OF_MAX","STAB","-0.1","0.95","刺突耐性低下弱5ターン"
"CE0729","CONTINUE","10","ATTR","ADD_PERCENT_OF_MAX","STAB","-0.1","0.95","刺突耐性低下弱10ターン"
"CE0730","ONECE","1","ATTR","ADD_PERCENT_OF_MAX","STAB","-0.25","0.95","刺突耐性低下中1ターン"
"CE0731","CONTINUE","5","ATTR","ADD_PERCENT_OF_MAX","STAB","-0.25","0.95","刺突耐性低下中5ターン"
"CE0732","CONTINUE","10","ATTR","ADD_PERCENT_OF_MAX","STAB","-0.25","0.95","刺突耐性低下中10ターン"
"CE0733","ONECE","1","ATTR","ADD_PERCENT_OF_MAX","STAB","-0.5","0.95","刺突耐性低下強1ターン"
"CE0734","CONTINUE","5","ATTR","ADD_PERCENT_OF_MAX","STAB","-0.5","0.95","刺突耐性低下強5ターン"
"CE0735","CONTINUE","10","ATTR","ADD_PERCENT_OF_MAX","STAB","-0.5","0.95","刺突耐性低下強10ターン"
"CE0736","ONECE","1","ATTR","ADD_PERCENT_OF_MAX","IMPACT","0.1","0.95","衝撃耐性上昇弱1ターン"
"CE0737","CONTINUE","5","ATTR","ADD_PERCENT_OF_MAX","IMPACT","0.1","0.95","衝撃耐性上昇弱5ターン"
"CE0738","CONTINUE","10","ATTR","ADD_PERCENT_OF_MAX","IMPACT","0.1","0.95","衝撃耐性上昇弱10ターン"
"CE0739","ONECE","1","ATTR","ADD_PERCENT_OF_MAX","IMPACT","0.25","0.95","衝撃耐性上昇中1ターン"
"CE0740","CONTINUE","5","ATTR","ADD_PERCENT_OF_MAX","IMPACT","0.25","0.95","衝撃耐性上昇中5ターン"
"CE0741","CONTINUE","10","ATTR","ADD_PERCENT_OF_MAX","IMPACT","0.25","0.95","衝撃耐性上昇中10ターン"
"CE0742","ONECE","1","ATTR","ADD_PERCENT_OF_MAX","IMPACT","0.5","0.95","衝撃耐性上昇強1ターン"
"CE0743","CONTINUE","5","ATTR","ADD_PERCENT_OF_MAX","IMPACT","0.5","0.95","衝撃耐性上昇強5ターン"
"CE0744","CONTINUE","10","ATTR","ADD_PERCENT_OF_MAX","IMPACT","0.5","0.95","衝撃耐性上昇強10ターン"
"CE0745","ONECE","1","ATTR","ADD_PERCENT_OF_MAX","IMPACT","-0.1","0.95","衝撃耐性低下弱1ターン"
"CE0746","CONTINUE","5","ATTR","ADD_PERCENT_OF_MAX","IMPACT","-0.1","0.95","衝撃耐性低下弱5ターン"
"CE0747","CONTINUE","10","ATTR","ADD_PERCENT_OF_MAX","IMPACT","-0.1","0.95","衝撃耐性低下弱10ターン"
"CE0748","ONECE","1","ATTR","ADD_PERCENT_OF_MAX","IMPACT","-0.25","0.95","衝撃耐性低下中1ターン"
"CE0749","CONTINUE","5","ATTR","ADD_PERCENT_OF_MAX","IMPACT","-0.25","0.95","衝撃耐性低下中5ターン"
"CE0750","CONTINUE","10","ATTR","ADD_PERCENT_OF_MAX","IMPACT","-0.25","0.95","衝撃耐性低下中10ターン"
"CE0751","ONECE","1","ATTR","ADD_PERCENT_OF_MAX","IMPACT","-0.5","0.95","衝撃耐性低下強1ターン"
"CE0752","CONTINUE","5","ATTR","ADD_PERCENT_OF_MAX","IMPACT","-0.5","0.95","衝撃耐性低下強5ターン"
"CE0753","CONTINUE","10","ATTR","ADD_PERCENT_OF_MAX","IMPACT","-0.5","0.95","衝撃耐性低下強10ターン"
"CE0754","ONECE","1","ATTR","ADD_PERCENT_OF_MAX","FLAME","0.1","0.95","炎耐性上昇弱1ターン"
"CE0755","CONTINUE","5","ATTR","ADD_PERCENT_OF_MAX","FLAME","0.1","0.95","炎耐性上昇弱5ターン"
"CE0756","CONTINUE","10","ATTR","ADD_PERCENT_OF_MAX","FLAME","0.1","0.95","炎耐性上昇弱10ターン"
"CE0757","ONECE","1","ATTR","ADD_PERCENT_OF_MAX","FLAME","0.25","0.95","炎耐性上昇中1ターン"
"CE0758","CONTINUE","5","ATTR","ADD_PERCENT_OF_MAX","FLAME","0.25","0.95","炎耐性上昇中5ターン"
"CE0759","CONTINUE","10","ATTR","ADD_PERCENT_OF_MAX","FLAME","0.25","0.95","炎耐性上昇中10ターン"
"CE0760","ONECE","1","ATTR","ADD_PERCENT_OF_MAX","FLAME","0.5","0.95","炎耐性上昇強1ターン"
"CE0761","CONTINUE","5","ATTR","ADD_PERCENT_OF_MAX","FLAME","0.5","0.95","炎耐性上昇強5ターン"
"CE0762","CONTINUE","10","ATTR","ADD_PERCENT_OF_MAX","FLAME","0.5","0.95","炎耐性上昇強10ターン"
"CE0763","ONECE","1","ATTR","ADD_PERCENT_OF_MAX","FLAME","-0.1","0.95","炎耐性低下弱1ターン"
"CE0764","CONTINUE","5","ATTR","ADD_PERCENT_OF_MAX","FLAME","-0.1","0.95","炎耐性低下弱5ターン"
"CE0765","CONTINUE","10","ATTR","ADD_PERCENT_OF_MAX","FLAME","-0.1","0.95","炎耐性低下弱10ターン"
"CE0766","ONECE","1","ATTR","ADD_PERCENT_OF_MAX","FLAME","-0.25","0.95","炎耐性低下中1ターン"
"CE0767","CONTINUE","5","ATTR","ADD_PERCENT_OF_MAX","FLAME","-0.25","0.95","炎耐性低下中5ターン"
"CE0768","CONTINUE","10","ATTR","ADD_PERCENT_OF_MAX","FLAME","-0.25","0.95","炎耐性低下中10ターン"
"CE0769","ONECE","1","ATTR","ADD_PERCENT_OF_MAX","FLAME","-0.5","0.95","炎耐性低下強1ターン"
"CE0770","CONTINUE","5","ATTR","ADD_PERCENT_OF_MAX","FLAME","-0.5","0.95","炎耐性低下強5ターン"
"CE0771","CONTINUE","10","ATTR","ADD_PERCENT_OF_MAX","FLAME","-0.5","0.95","炎耐性低下強10ターン"
"CE0772","ONECE","1","ATTR","ADD_PERCENT_OF_MAX","ICE","0.1","0.95","冷気耐性上昇弱1ターン"
"CE0773","CONTINUE","5","ATTR","ADD_PERCENT_OF_MAX","ICE","0.1","0.95","冷気耐性上昇弱5ターン"
"CE0774","CONTINUE","10","ATTR","ADD_PERCENT_OF_MAX","ICE","0.1","0.95","冷気耐性上昇弱10ターン"
"CE0775","ONECE","1","ATTR","ADD_PERCENT_OF_MAX","ICE","0.25","0.95","冷気耐性上昇中1ターン"
"CE0776","CONTINUE","5","ATTR","ADD_PERCENT_OF_MAX","ICE","0.25","0.95","冷気耐性上昇中5ターン"
"CE0777","CONTINUE","10","ATTR","ADD_PERCENT_OF_MAX","ICE","0.25","0.95","冷気耐性上昇中10ターン"
"CE0778","ONECE","1","ATTR","ADD_PERCENT_OF_MAX","ICE","0.5","0.95","冷気耐性上昇強1ターン"
"CE0779","CONTINUE","5","ATTR","ADD_PERCENT_OF_MAX","ICE","0.5","0.95","冷気耐性上昇強5ターン"
"CE0780","CONTINUE","10","ATTR","ADD_PERCENT_OF_MAX","ICE","0.5","0.95","冷気耐性上昇強10ターン"
"CE0781","ONECE","1","ATTR","ADD_PERCENT_OF_MAX","ICE","-0.1","0.95","冷気耐性低下弱1ターン"
"CE0782","CONTINUE","5","ATTR","ADD_PERCENT_OF_MAX","ICE","-0.1","0.95","冷気耐性低下弱5ターン"
"CE0783","CONTINUE","10","ATTR","ADD_PERCENT_OF_MAX","ICE","-0.1","0.95","冷気耐性低下弱10ターン"
"CE0784","ONECE","1","ATTR","ADD_PERCENT_OF_MAX","ICE","-0.25","0.95","冷気耐性低下中1ターン"
"CE0785","CONTINUE","5","ATTR","ADD_PERCENT_OF_MAX","ICE","-0.25","0.95","冷気耐性低下中5ターン"
"CE0786","CONTINUE","10","ATTR","ADD_PERCENT_OF_MAX","ICE","-0.25","0.95","冷気耐性低下中10ターン"
"CE0787","ONECE","1","ATTR","ADD_PERCENT_OF_MAX","ICE","-0.5","0.95","冷気耐性低下強1ターン"
"CE0788","CONTINUE","5","ATTR","ADD_PERCENT_OF_MAX","ICE","-0.5","0.95","冷気耐性低下強5ターン"
"CE0789","CONTINUE","10","ATTR","ADD_PERCENT_OF_MAX","ICE","-0.5","0.95","冷気耐性低下強10ターン"
"CE0790","ONECE","1","ATTR","ADD_PERCENT_OF_MAX","WATER","0.1","0.95","水耐性上昇弱1ターン"
"CE0791","CONTINUE","5","ATTR","ADD_PERCENT_OF_MAX","WATER","0.1","0.95","水耐性上昇弱5ターン"
"CE0792","CONTINUE","10","ATTR","ADD_PERCENT_OF_MAX","WATER","0.1","0.95","水耐性上昇弱10ターン"
"CE0793","ONECE","1","ATTR","ADD_PERCENT_OF_MAX","WATER","0.25","0.95","水耐性上昇中1ターン"
"CE0794","CONTINUE","5","ATTR","ADD_PERCENT_OF_MAX","WATER","0.25","0.95","水耐性上昇中5ターン"
"CE0795","CONTINUE","10","ATTR","ADD_PERCENT_OF_MAX","WATER","0.25","0.95","水耐性上昇中10ターン"
"CE0796","ONECE","1","ATTR","ADD_PERCENT_OF_MAX","WATER","0.5","0.95","水耐性上昇強1ターン"
"CE0797","CONTINUE","5","ATTR","ADD_PERCENT_OF_MAX","WATER","0.5","0.95","水耐性上昇強5ターン"
"CE0798","CONTINUE","10","ATTR","ADD_PERCENT_OF_MAX","WATER","0.5","0.95","水耐性上昇強10ターン"
"CE0799","ONECE","1","ATTR","ADD_PERCENT_OF_MAX","WATER","-0.1","0.95","水耐性低下弱1ターン"
"CE0800","CONTINUE","5","ATTR","ADD_PERCENT_OF_MAX","WATER","-0.1","0.95","水耐性低下弱5ターン"
"CE0801","CONTINUE","10","ATTR","ADD_PERCENT_OF_MAX","WATER","-0.1","0.95","水耐性低下弱10ターン"
"CE0802","ONECE","1","ATTR","ADD_PERCENT_OF_MAX","WATER","-0.25","0.95","水耐性低下中1ターン"
"CE0803","CONTINUE","5","ATTR","ADD_PERCENT_OF_MAX","WATER","-0.25","0.95","水耐性低下中5ターン"
"CE0804","CONTINUE","10","ATTR","ADD_PERCENT_OF_MAX","WATER","-0.25","0.95","水耐性低下中10ターン"
"CE0805","ONECE","1","ATTR","ADD_PERCENT_OF_MAX","WATER","-0.5","0.95","水耐性低下強1ターン"
"CE0806","CONTINUE","5","ATTR","ADD_PERCENT_OF_MAX","WATER","-0.5","0.95","水耐性低下強5ターン"
"CE0807","CONTINUE","10","ATTR","ADD_PERCENT_OF_MAX","WATER","-0.5","0.95","水耐性低下強10ターン"
"CE0808","ONECE","1","ATTR","ADD_PERCENT_OF_MAX","THNDER","0.1","0.95","雷耐性上昇弱1ターン"
"CE0809","CONTINUE","5","ATTR","ADD_PERCENT_OF_MAX","THNDER","0.1","0.95","雷耐性上昇弱5ターン"
"CE0810","CONTINUE","10","ATTR","ADD_PERCENT_OF_MAX","THNDER","0.1","0.95","雷耐性上昇弱10ターン"
"CE0811","ONECE","1","ATTR","ADD_PERCENT_OF_MAX","THNDER","0.25","0.95","雷耐性上昇中1ターン"
"CE0812","CONTINUE","5","ATTR","ADD_PERCENT_OF_MAX","THNDER","0.25","0.95","雷耐性上昇中5ターン"
"CE0813","CONTINUE","10","ATTR","ADD_PERCENT_OF_MAX","THNDER","0.25","0.95","雷耐性上昇中10ターン"
"CE0814","ONECE","1","ATTR","ADD_PERCENT_OF_MAX","THNDER","0.5","0.95","雷耐性上昇強1ターン"
"CE0815","CONTINUE","5","ATTR","ADD_PERCENT_OF_MAX","THNDER","0.5","0.95","雷耐性上昇強5ターン"
"CE0816","CONTINUE","10","ATTR","ADD_PERCENT_OF_MAX","THNDER","0.5","0.95","雷耐性上昇強10ターン"
"CE0817","ONECE","1","ATTR","ADD_PERCENT_OF_MAX","THNDER","-0.1","0.95","雷耐性低下弱1ターン"
"CE0818","CONTINUE","5","ATTR","ADD_PERCENT_OF_MAX","THNDER","-0.1","0.95","雷耐性低下弱5ターン"
"CE0819","CONTINUE","10","ATTR","ADD_PERCENT_OF_MAX","THNDER","-0.1","0.95","雷耐性低下弱10ターン"
"CE0820","ONECE","1","ATTR","ADD_PERCENT_OF_MAX","THNDER","-0.25","0.95","雷耐性低下中1ターン"
"CE0821","CONTINUE","5","ATTR","ADD_PERCENT_OF_MAX","THNDER","-0.25","0.95","雷耐性低下中5ターン"
"CE0822","CONTINUE","10","ATTR","ADD_PERCENT_OF_MAX","THNDER","-0.25","0.95","雷耐性低下中10ターン"
"CE0823","ONECE","1","ATTR","ADD_PERCENT_OF_MAX","THNDER","-0.5","0.95","雷耐性低下強1ターン"
"CE0824","CONTINUE","5","ATTR","ADD_PERCENT_OF_MAX","THNDER","-0.5","0.95","雷耐性低下強5ターン"
"CE0825","CONTINUE","10","ATTR","ADD_PERCENT_OF_MAX","THNDER","-0.5","0.95","雷耐性低下強10ターン"
"CE0826","ONECE","1","ATTR","ADD_PERCENT_OF_MAX","AIR","0.1","0.95","空気耐性上昇弱1ターン"
"CE0827","CONTINUE","5","ATTR","ADD_PERCENT_OF_MAX","AIR","0.1","0.95","空気耐性上昇弱5ターン"
"CE0828","CONTINUE","10","ATTR","ADD_PERCENT_OF_MAX","AIR","0.1","0.95","空気耐性上昇弱10ターン"
"CE0829","ONECE","1","ATTR","ADD_PERCENT_OF_MAX","AIR","0.25","0.95","空気耐性上昇中1ターン"
"CE0830","CONTINUE","5","ATTR","ADD_PERCENT_OF_MAX","AIR","0.25","0.95","空気耐性上昇中5ターン"
"CE0831","CONTINUE","10","ATTR","ADD_PERCENT_OF_MAX","AIR","0.25","0.95","空気耐性上昇中10ターン"
"CE0832","ONECE","1","ATTR","ADD_PERCENT_OF_MAX","AIR","0.5","0.95","空気耐性上昇強1ターン"
"CE0833","CONTINUE","5","ATTR","ADD_PERCENT_OF_MAX","AIR","0.5","0.95","空気耐性上昇強5ターン"
"CE0834","CONTINUE","10","ATTR","ADD_PERCENT_OF_MAX","AIR","0.5","0.95","空気耐性上昇強10ターン"
"CE0835","ONECE","1","ATTR","ADD_PERCENT_OF_MAX","AIR","-0.1","0.95","空気耐性低下弱1ターン"
"CE0836","CONTINUE","5","ATTR","ADD_PERCENT_OF_MAX","AIR","-0.1","0.95","空気耐性低下弱5ターン"
"CE0837","CONTINUE","10","ATTR","ADD_PERCENT_OF_MAX","AIR","-0.1","0.95","空気耐性低下弱10ターン"
"CE0838","ONECE","1","ATTR","ADD_PERCENT_OF_MAX","AIR","-0.25","0.95","空気耐性低下中1ターン"
"CE0839","CONTINUE","5","ATTR","ADD_PERCENT_OF_MAX","AIR","-0.25","0.95","空気耐性低下中5ターン"
"CE0840","CONTINUE","10","ATTR","ADD_PERCENT_OF_MAX","AIR","-0.25","0.95","空気耐性低下中10ターン"
"CE0841","ONECE","1","ATTR","ADD_PERCENT_OF_MAX","AIR","-0.5","0.95","空気耐性低下強1ターン"
"CE0842","CONTINUE","5","ATTR","ADD_PERCENT_OF_MAX","AIR","-0.5","0.95","空気耐性低下強5ターン"
"CE0843","CONTINUE","10","ATTR","ADD_PERCENT_OF_MAX","AIR","-0.5","0.95","空気耐性低下強10ターン"
"CE0844","ONECE","1","ATTR","ADD_PERCENT_OF_MAX","EARTH","0.1","0.95","地耐性上昇弱1ターン"
"CE0845","CONTINUE","5","ATTR","ADD_PERCENT_OF_MAX","EARTH","0.1","0.95","地耐性上昇弱5ターン"
"CE0846","CONTINUE","10","ATTR","ADD_PERCENT_OF_MAX","EARTH","0.1","0.95","地耐性上昇弱10ターン"
"CE0847","ONECE","1","ATTR","ADD_PERCENT_OF_MAX","EARTH","0.25","0.95","地耐性上昇中1ターン"
"CE0848","CONTINUE","5","ATTR","ADD_PERCENT_OF_MAX","EARTH","0.25","0.95","地耐性上昇中5ターン"
"CE0849","CONTINUE","10","ATTR","ADD_PERCENT_OF_MAX","EARTH","0.25","0.95","地耐性上昇中10ターン"
"CE0850","ONECE","1","ATTR","ADD_PERCENT_OF_MAX","EARTH","0.5","0.95","地耐性上昇強1ターン"
"CE0851","CONTINUE","5","ATTR","ADD_PERCENT_OF_MAX","EARTH","0.5","0.95","地耐性上昇強5ターン"
"CE0852","CONTINUE","10","ATTR","ADD_PERCENT_OF_MAX","EARTH","0.5","0.95","地耐性上昇強10ターン"
"CE0853","ONECE","1","ATTR","ADD_PERCENT_OF_MAX","EARTH","-0.1","0.95","地耐性低下弱1ターン"
"CE0854","CONTINUE","5","ATTR","ADD_PERCENT_OF_MAX","EARTH","-0.1","0.95","地耐性低下弱5ターン"
"CE0855","CONTINUE","10","ATTR","ADD_PERCENT_OF_MAX","EARTH","-0.1","0.95","地耐性低下弱10ターン"
"CE0856","ONECE","1","ATTR","ADD_PERCENT_OF_MAX","EARTH","-0.25","0.95","地耐性低下中1ターン"
"CE0857","CONTINUE","5","ATTR","ADD_PERCENT_OF_MAX","EARTH","-0.25","0.95","地耐性低下中5ターン"
"CE0858","CONTINUE","10","ATTR","ADD_PERCENT_OF_MAX","EARTH","-0.25","0.95","地耐性低下中10ターン"
"CE0859","ONECE","1","ATTR","ADD_PERCENT_OF_MAX","EARTH","-0.5","0.95","地耐性低下強1ターン"
"CE0860","CONTINUE","5","ATTR","ADD_PERCENT_OF_MAX","EARTH","-0.5","0.95","地耐性低下強5ターン"
"CE0861","CONTINUE","10","ATTR","ADD_PERCENT_OF_MAX","EARTH","-0.5","0.95","地耐性低下強10ターン"
"CE0862","ONECE","1","ATTR","ADD_PERCENT_OF_MAX","LIGHT","0.1","0.95","光耐性上昇弱1ターン"
"CE0863","CONTINUE","5","ATTR","ADD_PERCENT_OF_MAX","LIGHT","0.1","0.95","光耐性上昇弱5ターン"
"CE0864","CONTINUE","10","ATTR","ADD_PERCENT_OF_MAX","LIGHT","0.1","0.95","光耐性上昇弱10ターン"
"CE0865","ONECE","1","ATTR","ADD_PERCENT_OF_MAX","LIGHT","0.25","0.95","光耐性上昇中1ターン"
"CE0866","CONTINUE","5","ATTR","ADD_PERCENT_OF_MAX","LIGHT","0.25","0.95","光耐性上昇中5ターン"
"CE0867","CONTINUE","10","ATTR","ADD_PERCENT_OF_MAX","LIGHT","0.25","0.95","光耐性上昇中10ターン"
"CE0868","ONECE","1","ATTR","ADD_PERCENT_OF_MAX","LIGHT","0.5","0.95","光耐性上昇強1ターン"
"CE0869","CONTINUE","5","ATTR","ADD_PERCENT_OF_MAX","LIGHT","0.5","0.95","光耐性上昇強5ターン"
"CE0870","CONTINUE","10","ATTR","ADD_PERCENT_OF_MAX","LIGHT","0.5","0.95","光耐性上昇強10ターン"
"CE0871","ONECE","1","ATTR","ADD_PERCENT_OF_MAX","LIGHT","-0.1","0.95","光耐性低下弱1ターン"
"CE0872","CONTINUE","5","ATTR","ADD_PERCENT_OF_MAX","LIGHT","-0.1","0.95","光耐性低下弱5ターン"
"CE0873","CONTINUE","10","ATTR","ADD_PERCENT_OF_MAX","LIGHT","-0.1","0.95","光耐性低下弱10ターン"
"CE0874","ONECE","1","ATTR","ADD_PERCENT_OF_MAX","LIGHT","-0.25","0.95","光耐性低下中1ターン"
"CE0875","CONTINUE","5","ATTR","ADD_PERCENT_OF_MAX","LIGHT","-0.25","0.95","光耐性低下中5ターン"
"CE0876","CONTINUE","10","ATTR","ADD_PERCENT_OF_MAX","LIGHT","-0.25","0.95","光耐性低下中10ターン"
"CE0877","ONECE","1","ATTR","ADD_PERCENT_OF_MAX","LIGHT","-0.5","0.95","光耐性低下強1ターン"
"CE0878","CONTINUE","5","ATTR","ADD_PERCENT_OF_MAX","LIGHT","-0.5","0.95","光耐性低下強5ターン"
"CE0879","CONTINUE","10","ATTR","ADD_PERCENT_OF_MAX","LIGHT","-0.5","0.95","光耐性低下強10ターン"
"CE0880","ONECE","1","ATTR","ADD_PERCENT_OF_MAX","DARK","0.1","0.95","闇耐性上昇弱1ターン"
"CE0881","CONTINUE","5","ATTR","ADD_PERCENT_OF_MAX","DARK","0.1","0.95","闇耐性上昇弱5ターン"
"CE0882","CONTINUE","10","ATTR","ADD_PERCENT_OF_MAX","DARK","0.1","0.95","闇耐性上昇弱10ターン"
"CE0883","ONECE","1","ATTR","ADD_PERCENT_OF_MAX","DARK","0.25","0.95","闇耐性上昇中1ターン"
"CE0884","CONTINUE","5","ATTR","ADD_PERCENT_OF_MAX","DARK","0.25","0.95","闇耐性上昇中5ターン"
"CE0885","CONTINUE","10","ATTR","ADD_PERCENT_OF_MAX","DARK","0.25","0.95","闇耐性上昇中10ターン"
"CE0886","ONECE","1","ATTR","ADD_PERCENT_OF_MAX","DARK","0.5","0.95","闇耐性上昇強1ターン"
"CE0887","CONTINUE","5","ATTR","ADD_PERCENT_OF_MAX","DARK","0.5","0.95","闇耐性上昇強5ターン"
"CE0888","CONTINUE","10","ATTR","ADD_PERCENT_OF_MAX","DARK","0.5","0.95","闇耐性上昇強10ターン"
"CE0889","ONECE","1","ATTR","ADD_PERCENT_OF_MAX","DARK","-0.1","0.95","闇耐性低下弱1ターン"
"CE0890","CONTINUE","5","ATTR","ADD_PERCENT_OF_MAX","DARK","-0.1","0.95","闇耐性低下弱5ターン"
"CE0891","CONTINUE","10","ATTR","ADD_PERCENT_OF_MAX","DARK","-0.1","0.95","闇耐性低下弱10ターン"
"CE0892","ONECE","1","ATTR","ADD_PERCENT_OF_MAX","DARK","-0.25","0.95","闇耐性低下中1ターン"
"CE0893","CONTINUE","5","ATTR","ADD_PERCENT_OF_MAX","DARK","-0.25","0.95","闇耐性低下中5ターン"
"CE0894","CONTINUE","10","ATTR","ADD_PERCENT_OF_MAX","DARK","-0.25","0.95","闇耐性低下中10ターン"
"CE0895","ONECE","1","ATTR","ADD_PERCENT_OF_MAX","DARK","-0.5","0.95","闇耐性低下強1ターン"
"CE0896","CONTINUE","5","ATTR","ADD_PERCENT_OF_MAX","DARK","-0.5","0.95","闇耐性低下強5ターン"
"CE0897","ONECE","1","ATTR","ADD_PERCENT_OF_MAX","MYSTERY","0.1","0.95","神秘耐性上昇弱1ターン"
"CE0898","CONTINUE","5","ATTR","ADD_PERCENT_OF_MAX","MYSTERY","0.1","0.95","神秘耐性上昇弱5ターン"
"CE0899","CONTINUE","10","ATTR","ADD_PERCENT_OF_MAX","MYSTERY","0.1","0.95","神秘耐性上昇弱10ターン"
"CE0900","ONECE","1","ATTR","ADD_PERCENT_OF_MAX","MYSTERY","0.25","0.95","神秘耐性上昇中1ターン"
"CE0901","CONTINUE","5","ATTR","ADD_PERCENT_OF_MAX","MYSTERY","0.25","0.95","神秘耐性上昇中5ターン"
"CE0902","CONTINUE","10","ATTR","ADD_PERCENT_OF_MAX","MYSTERY","0.25","0.95","神秘耐性上昇中10ターン"
"CE0903","ONECE","1","ATTR","ADD_PERCENT_OF_MAX","MYSTERY","0.5","0.95","神秘耐性上昇強1ターン"
"CE0904","CONTINUE","5","ATTR","ADD_PERCENT_OF_MAX","MYSTERY","0.5","0.95","神秘耐性上昇強5ターン"
"CE0905","CONTINUE","10","ATTR","ADD_PERCENT_OF_MAX","MYSTERY","0.5","0.95","神秘耐性上昇強10ターン"
"CE0906","ONECE","1","ATTR","ADD_PERCENT_OF_MAX","MYSTERY","-0.1","0.95","神秘耐性低下弱1ターン"
"CE0907","CONTINUE","5","ATTR","ADD_PERCENT_OF_MAX","MYSTERY","-0.1","0.95","神秘耐性低下弱5ターン"
"CE0908","CONTINUE","10","ATTR","ADD_PERCENT_OF_MAX","MYSTERY","-0.1","0.95","神秘耐性低下弱10ターン"
"CE0909","ONECE","1","ATTR","ADD_PERCENT_OF_MAX","MYSTERY","-0.25","0.95","神秘耐性低下中1ターン"
"CE0910","CONTINUE","5","ATTR","ADD_PERCENT_OF_MAX","MYSTERY","-0.25","0.95","神秘耐性低下中5ターン"
"CE0911","CONTINUE","10","ATTR","ADD_PERCENT_OF_MAX","MYSTERY","-0.25","0.95","神秘耐性低下中10ターン"
"CE0912","ONECE","1","ATTR","ADD_PERCENT_OF_MAX","MYSTERY","-0.5","0.95","神秘耐性低下強1ターン"
"CE0913","CONTINUE","5","ATTR","ADD_PERCENT_OF_MAX","MYSTERY","-0.5","0.95","神秘耐性低下強5ターン"
"CE0914","CONTINUE","10","ATTR","ADD_PERCENT_OF_MAX","MYSTERY","-0.5","0.95","神秘耐性低下強10ターン"
"CE0915","ONECE","1","ATTR","ADD_PERCENT_OF_MAX","ALCHEMY","0.1","0.95","錬金耐性上昇弱1ターン"
"CE0916","CONTINUE","5","ATTR","ADD_PERCENT_OF_MAX","ALCHEMY","0.1","0.95","錬金耐性上昇弱5ターン"
"CE0917","CONTINUE","10","ATTR","ADD_PERCENT_OF_MAX","ALCHEMY","0.1","0.95","錬金耐性上昇弱10ターン"
"CE0918","ONECE","1","ATTR","ADD_PERCENT_OF_MAX","ALCHEMY","0.25","0.95","錬金耐性上昇中1ターン"
"CE0919","CONTINUE","5","ATTR","ADD_PERCENT_OF_MAX","ALCHEMY","0.25","0.95","錬金耐性上昇中5ターン"
"CE0920","CONTINUE","10","ATTR","ADD_PERCENT_OF_MAX","ALCHEMY","0.25","0.95","錬金耐性上昇中10ターン"
"CE0921","ONECE","1","ATTR","ADD_PERCENT_OF_MAX","ALCHEMY","0.5","0.95","錬金耐性上昇強1ターン"
"CE0922","CONTINUE","5","ATTR","ADD_PERCENT_OF_MAX","ALCHEMY","0.5","0.95","錬金耐性上昇強5ターン"
"CE0923","CONTINUE","10","ATTR","ADD_PERCENT_OF_MAX","ALCHEMY","0.5","0.95","錬金耐性上昇強10ターン"
"CE0924","ONECE","1","ATTR","ADD_PERCENT_OF_MAX","ALCHEMY","-0.1","0.95","錬金耐性低下弱1ターン"
"CE0925","CONTINUE","5","ATTR","ADD_PERCENT_OF_MAX","ALCHEMY","-0.1","0.95","錬金耐性低下弱5ターン"
"CE0926","CONTINUE","10","ATTR","ADD_PERCENT_OF_MAX","ALCHEMY","-0.1","0.95","錬金耐性低下弱10ターン"
"CE0927","ONECE","1","ATTR","ADD_PERCENT_OF_MAX","ALCHEMY","-0.25","0.95","錬金耐性低下中1ターン"
"CE0928","CONTINUE","5","ATTR","ADD_PERCENT_OF_MAX","ALCHEMY","-0.25","0.95","錬金耐性低下中5ターン"
"CE0929","CONTINUE","10","ATTR","ADD_PERCENT_OF_MAX","ALCHEMY","-0.25","0.95","錬金耐性低下中10ターン"
"CE0930","ONECE","1","ATTR","ADD_PERCENT_OF_MAX","ALCHEMY","-0.5","0.95","錬金耐性低下強1ターン"
"CE0931","CONTINUE","5","ATTR","ADD_PERCENT_OF_MAX","ALCHEMY","-0.5","0.95","錬金耐性低下強5ターン"
"CE0932","CONTINUE","10","ATTR","ADD_PERCENT_OF_MAX","ALCHEMY","-0.5","0.95","錬金耐性低下強10ターン"
"CE0933","ONECE","1","ATTR","ADD_PERCENT_OF_MAX","ALCHEMY","0.1","0.95","精神耐性上昇弱1ターン"
"CE0934","CONTINUE","5","ATTR","ADD_PERCENT_OF_MAX","SPIRIT","0.1","0.95","精神耐性上昇弱5ターン"
"CE0935","CONTINUE","10","ATTR","ADD_PERCENT_OF_MAX","SPIRIT","0.1","0.95","精神耐性上昇弱10ターン"
"CE0936","ONECE","1","ATTR","ADD_PERCENT_OF_MAX","SPIRIT","0.25","0.95","精神耐性上昇中1ターン"
"CE0937","CONTINUE","5","ATTR","ADD_PERCENT_OF_MAX","SPIRIT","0.25","0.95","精神耐性上昇中5ターン"
"CE0938","CONTINUE","10","ATTR","ADD_PERCENT_OF_MAX","SPIRIT","0.25","0.95","精神耐性上昇中10ターン"
"CE0939","ONECE","1","ATTR","ADD_PERCENT_OF_MAX","SPIRIT","0.5","0.95","精神耐性上昇強1ターン"
"CE0940","CONTINUE","5","ATTR","ADD_PERCENT_OF_MAX","SPIRIT","0.5","0.95","精神耐性上昇強5ターン"
"CE0941","CONTINUE","10","ATTR","ADD_PERCENT_OF_MAX","SPIRIT","0.5","0.95","精神耐性上昇強10ターン"
"CE0942","ONECE","1","ATTR","ADD_PERCENT_OF_MAX","SPIRIT","-0.1","0.95","精神耐性低下弱1ターン"
"CE0943","CONTINUE","5","ATTR","ADD_PERCENT_OF_MAX","SPIRIT","-0.1","0.95","精神耐性低下弱5ターン"
"CE0944","CONTINUE","10","ATTR","ADD_PERCENT_OF_MAX","SPIRIT","-0.1","0.95","精神耐性低下弱10ターン"
"CE0945","ONECE","1","ATTR","ADD_PERCENT_OF_MAX","SPIRIT","-0.25","0.95","精神耐性低下中1ターン"
"CE0946","CONTINUE","5","ATTR","ADD_PERCENT_OF_MAX","SPIRIT","-0.25","0.95","精神耐性低下中5ターン"
"CE0947","CONTINUE","10","ATTR","ADD_PERCENT_OF_MAX","SPIRIT","-0.25","0.95","精神耐性低下中10ターン"
"CE0948","ONECE","1","ATTR","ADD_PERCENT_OF_MAX","SPIRIT","-0.5","0.95","精神耐性低下強1ターン"
"CE0949","CONTINUE","5","ATTR","ADD_PERCENT_OF_MAX","SPIRIT","-0.5","0.95","精神耐性低下強5ターン"
"CE0950","CONTINUE","10","ATTR","ADD_PERCENT_OF_MAX","SPIRIT","-0.5","0.95","精神耐性低下強10ターン"
"CE0951","ONECE","1","ATTR","ADD_PERCENT_OF_MAX","SPACE_TIME","0.1","0.95","時空耐性上昇弱1ターン"
"CE0952","CONTINUE","5","ATTR","ADD_PERCENT_OF_MAX","SPACE_TIME","0.1","0.95","時空耐性上昇弱5ターン"
"CE0953","CONTINUE","10","ATTR","ADD_PERCENT_OF_MAX","SPACE_TIME","0.1","0.95","時空耐性上昇弱10ターン"
"CE0954","ONECE","1","ATTR","ADD_PERCENT_OF_MAX","SPACE_TIME","0.25","0.95","時空耐性上昇中1ターン"
"CE0955","CONTINUE","5","ATTR","ADD_PERCENT_OF_MAX","SPACE_TIME","0.25","0.95","時空耐性上昇中5ターン"
"CE0956","CONTINUE","10","ATTR","ADD_PERCENT_OF_MAX","SPACE_TIME","0.25","0.95","時空耐性上昇中10ターン"
"CE0957","ONECE","1","ATTR","ADD_PERCENT_OF_MAX","SPACE_TIME","0.5","0.95","時空耐性上昇強1ターン"
"CE0958","CONTINUE","5","ATTR","ADD_PERCENT_OF_MAX","SPACE_TIME","0.5","0.95","時空耐性上昇強5ターン"
"CE0959","CONTINUE","10","ATTR","ADD_PERCENT_OF_MAX","SPACE_TIME","0.5","0.95","時空耐性上昇強10ターン"
"CE0960","ONECE","1","ATTR","ADD_PERCENT_OF_MAX","SPACE_TIME","-0.1","0.95","時空耐性低下弱1ターン"
"CE0961","CONTINUE","5","ATTR","ADD_PERCENT_OF_MAX","SPACE_TIME","-0.1","0.95","時空耐性低下弱5ターン"
"CE0962","CONTINUE","10","ATTR","ADD_PERCENT_OF_MAX","SPACE_TIME","-0.1","0.95","時空耐性低下弱10ターン"
"CE0963","ONECE","1","ATTR","ADD_PERCENT_OF_MAX","SPACE_TIME","-0.25","0.95","時空耐性低下中1ターン"
"CE0964","CONTINUE","5","ATTR","ADD_PERCENT_OF_MAX","SPACE_TIME","-0.25","0.95","時空耐性低下中5ターン"
"CE0965","CONTINUE","10","ATTR","ADD_PERCENT_OF_MAX","SPACE_TIME","-0.25","0.95","時空耐性低下中10ターン"
"CE0966","ONECE","1","ATTR","ADD_PERCENT_OF_MAX","SPACE_TIME","-0.5","0.95","時空耐性低下強1ターン"
"CE0967","CONTINUE","5","ATTR","ADD_PERCENT_OF_MAX","SPACE_TIME","-0.5","0.95","時空耐性低下強5ターン"
"CE0968","CONTINUE","10","ATTR","ADD_PERCENT_OF_MAX","SPACE_TIME","-0.5","0.95","時空耐性低下強10ターン"
"CE0969","ONECE","1","CONFU","","","0.0","1.0","混乱1ターン"
"CE0970","CONTINUE","5","CONFU","","","0.0","1.0","混乱5ターン"
"CE0971","CONTINUE","10","CONFU","","","0.0","1.0","混乱10ターン"
"CE0972","CONTINUE","10","ADD_CONDITION","","C_FLAME","0.0","0.1","炎上付与低"
"CE0973","CONTINUE","10","ADD_CONDITION","","C_FLAME","0.0","0.25","炎上付与中"
"CE0974","CONTINUE","10","ADD_CONDITION","","C_FLAME","0.0","0.5","炎上付与高"
"CE0975","CONTINUE","10","ADD_CONDITION","","C_POISON","0.0","0.1","毒付与低"
"CE0976","CONTINUE","10","ADD_CONDITION","","C_POISON","0.0","0.25","毒付与中"
"CE0977","CONTINUE","10","ADD_CONDITION","","C_POISON","0.0","0.5","毒付与高"
"CE0978","CONTINUE","10","ADD_CONDITION","","C_SEAL","0.0","0.1","封印付与低"
"CE0979","CONTINUE","10","ADD_CONDITION","","C_SEAL","0.0","0.25","封印付与中"
"CE0980","CONTINUE","10","ADD_CONDITION","","C_SEAL","0.0","0.5","封印付与高"
"CE0981","CONTINUE","10","ADD_CONDITION","","C_CUT","0.0","0.1","切断付与低"
"CE0982","CONTINUE","10","ADD_CONDITION","","C_CUT","0.0","0.25","切断付与中"
"CE0983","CONTINUE","10","ADD_CONDITION","","C_CUT","0.0","0.5","切断付与高"
"CE0984","CONTINUE","10","ADD_CONDITION","","C_FROZEN","0.0","0.1","凍結付与低"
"CE0985","CONTINUE","10","ADD_CONDITION","","C_FROZEN","0.0","0.25","凍結付与中"
"CE0986","CONTINUE","10","ADD_CONDITION","","C_FROZEN","0.0","0.5","凍結付与高"
"CE0987","CONTINUE","10","ADD_CONDITION","","C_PARALYS","0.0","0.1","麻痺付与低"
"CE0988","CONTINUE","10","ADD_CONDITION","","C_PARALYS","0.0","0.25","麻痺付与中"
"CE0989","CONTINUE","10","ADD_CONDITION","","C_PARALYS","0.0","0.5","麻痺付与高"
"CE0990","CONTINUE","10","ADD_CONDITION","","C_SLEEP","0.0","0.1","昏睡付与低"
"CE0991","CONTINUE","10","ADD_CONDITION","","C_SLEEP","0.0","0.25","昏睡付与中"
"CE0992","CONTINUE","10","ADD_CONDITION","","C_SLEEP","0.0","0.5","昏睡付与高"
"CE0993","CONTINUE","10","ADD_CONDITION","","C_GOLDY","0.0","0.1","黄金付与低"
"CE0994","CONTINUE","10","ADD_CONDITION","","C_GOLDY","0.0","0.25","黄金付与中"
"CE0995","CONTINUE","10","ADD_CONDITION","","C_GOLDY","0.0","0.5","黄金付与高"
"CE0996","CONTINUE","10","ADD_CONDITION","","C_CONFUSION","0.0","0.1","混乱付与低"
"CE0997","CONTINUE","10","ADD_CONDITION","","C_CONFUSION","0.0","0.25","混乱付与中"
"CE0998","CONTINUE","10","ADD_CONDITION","","C_CONFUSION","0.0","0.5","混乱付与高"
"CE0999","CONTINUE","10","ADD_CONDITION","","C_MADNESS","0.0","0.1","狂乱付与低"
"CE1000","CONTINUE","10","ADD_CONDITION","","C_MADNESS","0.0","0.25","狂乱付与中"
"CE1001","CONTINUE","10","ADD_CONDITION","","C_MADNESS","0.0","0.5","狂乱付与高"
"CE1002","CONTINUE","10","ADD_CONDITION","","C_TRUE_MADNESS","0.0","0.1","発狂付与低"
"CE1003","CONTINUE","10","ADD_CONDITION","","C_TRUE_MADNESS","0.0","0.25","発狂付与中"
"CE1004","CONTINUE","10","ADD_CONDITION","","C_TRUE_MADNESS","0.0","0.5","発狂付与高"
"CE1005","CONTINUE","10","ADD_CONDITION","","C_DEAD","0.0","0.1","即死付与低"
"CE1006","CONTINUE","10","ADD_CONDITION","","C_DEAD","0.0","0.25","即死付与中"
"CE1007","CONTINUE","10","ADD_CONDITION","","C_DEAD","0.0","0.5","即死付与高"
"CE1008","CONTINUE","10","ADD_CONDITION","","C_SWOON","0.0","0.1","気絶付与低"
"CE1009","CONTINUE","10","ADD_CONDITION","","C_SWOON","0.0","0.25","気絶付与中"
"CE1010","CONTINUE","10","ADD_CONDITION","","C_SWOON","0.0","0.5","気絶付与高"
"CE1011","CONTINUE","10","ADD_CONDITION","","C_WOOD","0.0","0.1","木化付与低"
"CE1012","CONTINUE","10","ADD_CONDITION","","C_WOOD","0.0","0.25","木化付与中"
"CE1013","CONTINUE","10","ADD_CONDITION","","C_WOOD","0.0","0.5","木化付与高"
"CE1014","CONTINUE","10","ADD_CONDITION","","C_WET","0.0","0.1","湿潤付与低"
"CE1015","CONTINUE","10","ADD_CONDITION","","C_WET","0.0","0.25","湿潤付与中"
"CE1016","CONTINUE","10","ADD_CONDITION","","C_WET","0.0","0.5","湿潤付与高"
