"PAGEID","MAGICCOMPOSITETYPE","VISIBLENAME","TARGETNAME","VAL"
"PG0001","SET_ATTR","属性の術式","CHOP","0.0"
"PG0002","SET_ATTR","属性の術式","STAB","0.0"
"PG0003","SET_ATTR","属性の術式","IMPACT","0.0"
"PG0004","SET_ATTR","属性の術式","FLAME","0.0"
"PG0005","SET_ATTR","属性の術式","ICE","0.0"
"PG0006","SET_ATTR","属性の術式","WATER","0.0"
"PG0007","SET_ATTR","属性の術式","THNDER","0.0"
"PG0008","SET_ATTR","属性の術式","AIR","0.0"
"PG0009","SET_ATTR","属性の術式","EARTH","0.0"
"PG0010","SET_ATTR","属性の術式","LIGHT","0.0"
"PG0011","SET_ATTR","属性の術式","DARK","0.0"
"PG0012","SET_ATTR","属性の術式","MYSTERY","0.0"
"PG0013","SET_ATTR","属性の術式","EVIL","0.0"
"PG0014","SET_ATTR","属性の術式","NONE","0.0"
"PG0015","HEAL_ATTRIN","属性値回復の術式","CHOP","0.0"
"PG0016","HEAL_ATTRIN","属性値回復の術式","STAB","0.0"
"PG0017","HEAL_ATTRIN","属性値回復の術式","IMPACT","0.0"
"PG0018","HEAL_ATTRIN","属性値回復の術式","FLAME","0.0"
"PG0019","HEAL_ATTRIN","属性値回復の術式","ICE","0.0"
"PG0020","HEAL_ATTRIN","属性値回復の術式","WATER","0.0"
"PG0021","HEAL_ATTRIN","属性値回復の術式","THNDER","0.0"
"PG0022","HEAL_ATTRIN","属性値回復の術式","AIR","0.0"
"PG0023","HEAL_ATTRIN","属性値回復の術式","EARTH","0.0"
"PG0024","HEAL_ATTRIN","属性値回復の術式","LIGHT","0.0"
"PG0025","HEAL_ATTRIN","属性値回復の術式","DARK","0.0"
"PG0026","HEAL_ATTRIN","属性値回復の術式","MYSTERY","0.0"
"PG0028","HEAL_ATTRIN","属性値回復の術式","NONE","0.0"
"PG0029","HEAL_ATTRIN","属性値回復の術式","POISON","0.0"
"PG0030","HEAL_ATTRIN","属性値回復の術式","FLAME","0.0"
"PG0031","HEAL_ATTRIN","属性値回復の術式","FROZEN","0.0"
"PG0032","HEAL_ATTRIN","属性値回復の術式","SEAL","0.0"
"PG0033","HEAL_ATTRIN","属性値回復の術式","SLEEP","0.0"
"PG0034","HEAL_ATTRIN","属性値回復の術式","PARALYS","0.0"
"PG0035","HEAL_ATTRIN","属性値回復の術式","CONFUSION","0.0"
"PG0036","HEAL_ATTRIN","属性値回復の術式","MADNESS","0.0"
"PG0037","HEAL_ATTRIN","属性値回復の術式","TRUE_MADNESS","0.0"
"PG0038","HEAL_ATTRIN","属性値回復の術式","GOLDY","0.0"
"PG0039","HEAL_ATTRIN","属性値回復の術式","CUT","0.0"
"PG0040","HEAL_ATTRIN","属性値回復の術式","DESTROY","0.0"
"PG0041","HEAL_ATTRIN","属性値回復の術式","DEAD","0.0"
"PG0042","HEAL_STATUS","完全回復の術式","LV","0.0"
"PG0043","HEAL_STATUS","完全回復の術式","HP","0.0"
"PG0044","HEAL_STATUS","完全回復の術式","MP","0.0"
"PG0045","HEAL_STATUS","完全回復の術式","STR","0.0"
"PG0046","HEAL_STATUS","完全回復の術式","SPD","0.0"
"PG0047","HEAL_STATUS","完全回復の術式","DEX","0.0"
"PG0048","HEAL_STATUS","完全回復の術式","POW","0.0"
"PG0049","HEAL_STATUS","完全回復の術式","SAN","0.0"
"PG0050","HEAL_STATUS","完全回復の術式","MOV","0.0"
"PG0051","HEAL_STATUS","完全回復の術式","EXP","0.0"
"PG0052","HEAL_STATUS","完全回復の術式","ATK","0.0"
"PG0053","HEAL_STATUS","完全回復の術式","DEF","0.0"
"PG0054","HEAL_STATUS","完全回復の術式","AVO","0.0"
"PG0055","HEAL_STATUS","完全回復の術式","CUT_P","0.0"
"PG0056","HEAL_STATUS","完全回復の術式","CUT_V","0.0"
"PG0057","HEAL_STATUS","完全回復の術式","CRT_P","0.0"
"PG0058","HEAL_STATUS","完全回復の術式","CRT_V","0.0"
"PG0059","HEAL_STATUS","完全回復の術式","M_ATK","0.0"
"PG0060","HEAL_STATUS","完全回復の術式","M_DEF","0.0"
"PG0061","HEAL_STATUS","完全回復の術式","M_AVO","0.0"
"PG0062","HEAL_STATUS","完全回復の術式","M_CUT_P","0.0"
"PG0063","HEAL_STATUS","完全回復の術式","M_CUT_V","0.0"
"PG0064","HEAL_STATUS","完全回復の術式","M_CRT_P","0.0"
"PG0065","HEAL_STATUS","完全回復の術式","M_CRT_V","0.0"
"PG0066","ADD_CONDITION","状態異常追加の術式","DEFENCE","0.0"
"PG0067","ADD_CONDITION","状態異常追加の術式","AVOIDANCE","0.0"
"PG0068","ADD_CONDITION","状態異常追加の術式","ESCAPED","0.0"
"PG0069","ADD_CONDITION","状態異常追加の術式","REGENE","0.0"
"PG0070","ADD_CONDITION","状態異常追加の術式","MOIST","0.0"
"PG0071","ADD_CONDITION","状態異常追加の術式","POISON","0.0"
"PG0072","ADD_CONDITION","状態異常追加の術式","FLAME","0.0"
"PG0073","ADD_CONDITION","状態異常追加の術式","FROZEN","0.0"
"PG0074","ADD_CONDITION","状態異常追加の術式","TREE","0.0"
"PG0075","ADD_CONDITION","状態異常追加の術式","SEAL","0.0"
"PG0076","ADD_CONDITION","状態異常追加の術式","SLEEP","0.0"
"PG0077","ADD_CONDITION","状態異常追加の術式","SPELLING","0.0"
"PG0078","ADD_CONDITION","状態異常追加の術式","PARALYS","0.0"
"PG0079","ADD_CONDITION","状態異常追加の術式","CONFUSION","0.0"
"PG0080","ADD_CONDITION","状態異常追加の術式","MADNESS","0.0"
"PG0081","ADD_CONDITION","状態異常追加の術式","TRUE_MADNESS","0.0"
"PG0082","ADD_CONDITION","状態異常追加の術式","GOLDY","0.0"
"PG0083","ADD_CONDITION","状態異常追加の術式","CUT","0.0"
"PG0084","ADD_CONDITION","状態異常追加の術式","DESTROY","0.0"
"PG0085","ADD_CONDITION","状態異常追加の術式","DEAD","0.0"
"PG0086","REMOVE_CONDITION","状態異常解除の術式","DEFENCE","0.0"
"PG0087","REMOVE_CONDITION","状態異常解除の術式","AVOIDANCE","0.0"
"PG0088","REMOVE_CONDITION","状態異常解除の術式","ESCAPED","0.0"
"PG0089","REMOVE_CONDITION","状態異常解除の術式","REGENE","0.0"
"PG0090","REMOVE_CONDITION","状態異常解除の術式","MOIST","0.0"
"PG0091","REMOVE_CONDITION","状態異常解除の術式","POISON","0.0"
"PG0092","REMOVE_CONDITION","状態異常解除の術式","FLAME","0.0"
"PG0093","REMOVE_CONDITION","状態異常解除の術式","FROZEN","0.0"
"PG0094","REMOVE_CONDITION","状態異常解除の術式","TREE","0.0"
"PG0095","REMOVE_CONDITION","状態異常解除の術式","SEAL","0.0"
"PG0096","REMOVE_CONDITION","状態異常解除の術式","SLEEP","0.0"
"PG0097","REMOVE_CONDITION","状態異常解除の術式","SPELLING","0.0"
"PG0098","REMOVE_CONDITION","状態異常解除の術式","PARALYS","0.0"
"PG0099","REMOVE_CONDITION","状態異常解除の術式","CONFUSION","0.0"
"PG0100","REMOVE_CONDITION","状態異常解除の術式","MADNESS","0.0"
"PG0101","REMOVE_CONDITION","状態異常解除の術式","TRUE_MADNESS","0.0"
"PG0102","REMOVE_CONDITION","状態異常解除の術式","GOLDY","0.0"
"PG0103","REMOVE_CONDITION","状態異常解除の術式","CUT","0.0"
"PG0104","REMOVE_CONDITION","状態異常解除の術式","DESTROY","0.0"
"PG0105","TO_ALL","全体化の術式","","0.0"
"PG0106","TO_ONE","単体化の術式","","0.0"
"PG0107","TO_TEAM","グループ化の術式","","0.0"
"PG0108","TO_FIELD","フィールド対象の術式","","0.0"
"PG0109","ENEMY","敵対象の術式","","0.0"
"PG0110","FRIEND","味方対象の術式","","0.0"
"PG0111","ADD_ATTRIN","属性値変更の術式","CHOP","1.0"
"PG0112","ADD_ATTRIN","属性値変更の術式","STAB","1.0"
"PG0113","ADD_ATTRIN","属性値変更の術式","IMPACT","1.0"
"PG0114","ADD_ATTRIN","属性値変更の術式","FLAME","1.0"
"PG0115","ADD_ATTRIN","属性値変更の術式","ICE","1.0"
"PG0116","ADD_ATTRIN","属性値変更の術式","WATER","1.0"
"PG0117","ADD_ATTRIN","属性値変更の術式","THNDER","1.0"
"PG0118","ADD_ATTRIN","属性値変更の術式","AIR","1.0"
"PG0119","ADD_ATTRIN","属性値変更の術式","EARTH","1.0"
"PG0120","ADD_ATTRIN","属性値変更の術式","LIGHT","1.0"
"PG0121","ADD_ATTRIN","属性値変更の術式","DARK","1.0"
"PG0122","ADD_ATTRIN","属性値変更の術式","MYSTERY","1.0"
"PG0124","ADD_ATTRIN","属性値変更の術式","NONE","1.0"
"PG0125","ADD_ATTRIN","属性値変更の術式","POISON","1.0"
"PG0126","ADD_ATTRIN","属性値変更の術式","FLAME","1.0"
"PG0127","ADD_ATTRIN","属性値変更の術式","FROZEN","1.0"
"PG0128","ADD_ATTRIN","属性値変更の術式","SEAL","1.0"
"PG0129","ADD_ATTRIN","属性値変更の術式","SLEEP","1.0"
"PG0130","ADD_ATTRIN","属性値変更の術式","PARALYS","1.0"
"PG0131","ADD_ATTRIN","属性値変更の術式","CONFUSION","1.0"
"PG0132","ADD_ATTRIN","属性値変更の術式","MADNESS","1.0"
"PG0133","ADD_ATTRIN","属性値変更の術式","TRUE_MADNESS","1.0"
"PG0134","ADD_ATTRIN","属性値変更の術式","GOLDY","1.0"
"PG0135","ADD_ATTRIN","属性値変更の術式","CUT","1.0"
"PG0136","ADD_ATTRIN","属性値変更の術式","DESTROY","1.0"
"PG0137","ADD_ATTRIN","属性値変更の術式","DEAD","1.0"
"PG0138","DAMAGE_STATUS_DIRECT","直接作用の術式","LV","64.0"
"PG0139","DAMAGE_STATUS_DIRECT","直接作用の術式","HP","64.0"
"PG0140","DAMAGE_STATUS_DIRECT","直接作用の術式","MP","64.0"
"PG0141","DAMAGE_STATUS_DIRECT","直接作用の術式","STR","64.0"
"PG0142","DAMAGE_STATUS_DIRECT","直接作用の術式","SPD","64.0"
"PG0143","DAMAGE_STATUS_DIRECT","直接作用の術式","DEX","64.0"
"PG0144","DAMAGE_STATUS_DIRECT","直接作用の術式","POW","64.0"
"PG0145","DAMAGE_STATUS_DIRECT","直接作用の術式","SAN","64.0"
"PG0146","DAMAGE_STATUS_DIRECT","直接作用の術式","MOV","64.0"
"PG0147","DAMAGE_STATUS_DIRECT","直接作用の術式","EXP","64.0"
"PG0148","DAMAGE_STATUS_DIRECT","直接作用の術式","ATK","64.0"
"PG0149","DAMAGE_STATUS_DIRECT","直接作用の術式","DEF","64.0"
"PG0150","DAMAGE_STATUS_DIRECT","直接作用の術式","AVO","1.0"
"PG0151","DAMAGE_STATUS_DIRECT","直接作用の術式","CUT_P","1.0"
"PG0152","DAMAGE_STATUS_DIRECT","直接作用の術式","CUT_V","1.0"
"PG0153","DAMAGE_STATUS_DIRECT","直接作用の術式","CRT_P","1.0"
"PG0154","DAMAGE_STATUS_DIRECT","直接作用の術式","CRT_V","1.0"
"PG0155","DAMAGE_STATUS_DIRECT","直接作用の術式","M_ATK","64.0"
"PG0156","DAMAGE_STATUS_DIRECT","直接作用の術式","M_DEF","64.0"
"PG0157","DAMAGE_STATUS_DIRECT","直接作用の術式","M_AVO","1.0"
"PG0158","DAMAGE_STATUS_DIRECT","直接作用の術式","M_CUT_P","1.0"
"PG0159","DAMAGE_STATUS_DIRECT","直接作用の術式","M_CUT_V","1.0"
"PG0160","DAMAGE_STATUS_DIRECT","直接作用の術式","M_CRT_P","1.0"
"PG0161","DAMAGE_STATUS_DIRECT","直接作用の術式","M_CRT_V","1.0"
"PG0162","DAMAGE_STATUS_CALC","作用の術式","LV","64.0"
"PG0163","DAMAGE_STATUS_CALC","作用の術式","HP","64.0"
"PG0164","DAMAGE_STATUS_CALC","作用の術式","MP","64.0"
"PG0165","DAMAGE_STATUS_CALC","作用の術式","STR","64.0"
"PG0166","DAMAGE_STATUS_CALC","作用の術式","SPD","64.0"
"PG0167","DAMAGE_STATUS_CALC","作用の術式","DEX","64.0"
"PG0168","DAMAGE_STATUS_CALC","作用の術式","POW","64.0"
"PG0169","DAMAGE_STATUS_CALC","作用の術式","SAN","64.0"
"PG0170","DAMAGE_STATUS_CALC","作用の術式","MOV","64.0"
"PG0171","DAMAGE_STATUS_CALC","作用の術式","EXP","64.0"
"PG0172","DAMAGE_STATUS_CALC","作用の術式","ATK","64.0"
"PG0173","DAMAGE_STATUS_CALC","作用の術式","DEF","64.0"
"PG0174","DAMAGE_STATUS_CALC","作用の術式","AVO","1.0"
"PG0175","DAMAGE_STATUS_CALC","作用の術式","CUT_P","1.0"
"PG0176","DAMAGE_STATUS_CALC","作用の術式","CUT_V","1.0"
"PG0177","DAMAGE_STATUS_CALC","作用の術式","CRT_P","1.0"
"PG0178","DAMAGE_STATUS_CALC","作用の術式","CRT_V","1.0"
"PG0179","DAMAGE_STATUS_CALC","作用の術式","M_ATK","64.0"
"PG0180","DAMAGE_STATUS_CALC","作用の術式","M_DEF","64.0"
"PG0181","DAMAGE_STATUS_CALC","作用の術式","M_AVO","1.0"
"PG0182","DAMAGE_STATUS_CALC","作用の術式","M_CUT_P","1.0"
"PG0183","DAMAGE_STATUS_CALC","作用の術式","M_CUT_V","1.0"
"PG0184","DAMAGE_STATUS_CALC","作用の術式","M_CRT_P","1.0"
"PG0185","DAMAGE_STATUS_CALC","作用の術式","M_CRT_V","1.0"
"PG0186","ADD_CONDITION_TIME","状態異常時間変更の術式","DEFENCE","32.0"
"PG0187","ADD_CONDITION_TIME","状態異常時間変更の術式","AVOIDANCE","32.0"
"PG0188","ADD_CONDITION_TIME","状態異常時間変更の術式","ESCAPED","32.0"
"PG0189","ADD_CONDITION_TIME","状態異常時間変更の術式","REGENE","32.0"
"PG0190","ADD_CONDITION_TIME","状態異常時間変更の術式","MOIST","32.0"
"PG0191","ADD_CONDITION_TIME","状態異常時間変更の術式","POISON","32.0"
"PG0192","ADD_CONDITION_TIME","状態異常時間変更の術式","FLAME","32.0"
"PG0193","ADD_CONDITION_TIME","状態異常時間変更の術式","FROZEN","32.0"
"PG0194","ADD_CONDITION_TIME","状態異常時間変更の術式","TREE","32.0"
"PG0195","ADD_CONDITION_TIME","状態異常時間変更の術式","SEAL","32.0"
"PG0196","ADD_CONDITION_TIME","状態異常時間変更の術式","SLEEP","32.0"
"PG0197","ADD_CONDITION_TIME","状態異常時間変更の術式","SPELLING","32.0"
"PG0198","ADD_CONDITION_TIME","状態異常時間変更の術式","PARALYS","32.0"
"PG0199","ADD_CONDITION_TIME","状態異常時間変更の術式","CONFUSION","32.0"
"PG0200","ADD_CONDITION_TIME","状態異常時間変更の術式","MADNESS","32.0"
"PG0201","ADD_CONDITION_TIME","状態異常時間変更の術式","TRUE_MADNESS","32.0"
"PG0202","ADD_CONDITION_TIME","状態異常時間変更の術式","GOLDY","32.0"
"PG0203","ADD_CONDITION_TIME","状態異常時間変更の術式","CUT","32.0"
"PG0204","ADD_CONDITION_TIME","状態異常時間変更の術式","DESTROY","32.0"
"PG0205","ADD_CONDITION_TIME","状態異常時間変更の術式","DEAD","32.0"
"PG0206","ADD_AREA","作用範囲変更の術式","-64","0.0"
"PG0207","ADD_SPELL_TIME","詠唱時間変更の術式","32","0.0"
"PG0208","ADD_ATTRIN","属性値変更の術式","CHOP","0.5"
"PG0209","ADD_ATTRIN","属性値変更の術式","STAB","0.5"
"PG0210","ADD_ATTRIN","属性値変更の術式","IMPACT","0.5"
"PG0211","ADD_ATTRIN","属性値変更の術式","FLAME","0.5"
"PG0212","ADD_ATTRIN","属性値変更の術式","ICE","0.5"
"PG0213","ADD_ATTRIN","属性値変更の術式","WATER","0.5"
"PG0214","ADD_ATTRIN","属性値変更の術式","THNDER","0.5"
"PG0215","ADD_ATTRIN","属性値変更の術式","AIR","0.5"
"PG0216","ADD_ATTRIN","属性値変更の術式","EARTH","0.5"
"PG0217","ADD_ATTRIN","属性値変更の術式","LIGHT","0.5"
"PG0218","ADD_ATTRIN","属性値変更の術式","DARK","0.5"
"PG0219","ADD_ATTRIN","属性値変更の術式","MYSTERY","0.5"
"PG0221","ADD_ATTRIN","属性値変更の術式","NONE","0.5"
"PG0222","ADD_ATTRIN","属性値変更の術式","POISON","0.5"
"PG0223","ADD_ATTRIN","属性値変更の術式","FLAME","0.5"
"PG0224","ADD_ATTRIN","属性値変更の術式","FROZEN","0.5"
"PG0225","ADD_ATTRIN","属性値変更の術式","SEAL","0.5"
"PG0226","ADD_ATTRIN","属性値変更の術式","SLEEP","0.5"
"PG0227","ADD_ATTRIN","属性値変更の術式","PARALYS","0.5"
"PG0228","ADD_ATTRIN","属性値変更の術式","CONFUSION","0.5"
"PG0229","ADD_ATTRIN","属性値変更の術式","MADNESS","0.5"
"PG0230","ADD_ATTRIN","属性値変更の術式","TRUE_MADNESS","0.5"
"PG0231","ADD_ATTRIN","属性値変更の術式","GOLDY","0.5"
"PG0232","ADD_ATTRIN","属性値変更の術式","CUT","0.5"
"PG0233","ADD_ATTRIN","属性値変更の術式","DESTROY","0.5"
"PG0234","ADD_ATTRIN","属性値変更の術式","DEAD","0.5"
"PG0235","DAMAGE_STATUS_DIRECT","直接作用の術式","LV","32.0"
"PG0236","DAMAGE_STATUS_DIRECT","直接作用の術式","HP","32.0"
"PG0237","DAMAGE_STATUS_DIRECT","直接作用の術式","MP","32.0"
"PG0238","DAMAGE_STATUS_DIRECT","直接作用の術式","STR","32.0"
"PG0239","DAMAGE_STATUS_DIRECT","直接作用の術式","SPD","32.0"
"PG0240","DAMAGE_STATUS_DIRECT","直接作用の術式","DEX","32.0"
"PG0241","DAMAGE_STATUS_DIRECT","直接作用の術式","POW","32.0"
"PG0242","DAMAGE_STATUS_DIRECT","直接作用の術式","SAN","32.0"
"PG0243","DAMAGE_STATUS_DIRECT","直接作用の術式","MOV","32.0"
"PG0244","DAMAGE_STATUS_DIRECT","直接作用の術式","EXP","32.0"
"PG0245","DAMAGE_STATUS_DIRECT","直接作用の術式","ATK","32.0"
"PG0246","DAMAGE_STATUS_DIRECT","直接作用の術式","DEF","32.0"
"PG0247","DAMAGE_STATUS_DIRECT","直接作用の術式","AVO","0.5"
"PG0248","DAMAGE_STATUS_DIRECT","直接作用の術式","CUT_P","0.5"
"PG0249","DAMAGE_STATUS_DIRECT","直接作用の術式","CUT_V","0.5"
"PG0250","DAMAGE_STATUS_DIRECT","直接作用の術式","CRT_P","0.5"
"PG0251","DAMAGE_STATUS_DIRECT","直接作用の術式","CRT_V","0.5"
"PG0252","DAMAGE_STATUS_DIRECT","直接作用の術式","M_ATK","32.0"
"PG0253","DAMAGE_STATUS_DIRECT","直接作用の術式","M_DEF","32.0"
"PG0254","DAMAGE_STATUS_DIRECT","直接作用の術式","M_AVO","0.5"
"PG0255","DAMAGE_STATUS_DIRECT","直接作用の術式","M_CUT_P","0.5"
"PG0256","DAMAGE_STATUS_DIRECT","直接作用の術式","M_CUT_V","0.5"
"PG0257","DAMAGE_STATUS_DIRECT","直接作用の術式","M_CRT_P","0.5"
"PG0258","DAMAGE_STATUS_DIRECT","直接作用の術式","M_CRT_V","0.5"
"PG0259","DAMAGE_STATUS_CALC","作用の術式","LV","32.0"
"PG0260","DAMAGE_STATUS_CALC","作用の術式","HP","32.0"
"PG0261","DAMAGE_STATUS_CALC","作用の術式","MP","32.0"
"PG0262","DAMAGE_STATUS_CALC","作用の術式","STR","32.0"
"PG0263","DAMAGE_STATUS_CALC","作用の術式","SPD","32.0"
"PG0264","DAMAGE_STATUS_CALC","作用の術式","DEX","32.0"
"PG0265","DAMAGE_STATUS_CALC","作用の術式","POW","32.0"
"PG0266","DAMAGE_STATUS_CALC","作用の術式","SAN","32.0"
"PG0267","DAMAGE_STATUS_CALC","作用の術式","MOV","32.0"
"PG0268","DAMAGE_STATUS_CALC","作用の術式","EXP","32.0"
"PG0269","DAMAGE_STATUS_CALC","作用の術式","ATK","32.0"
"PG0270","DAMAGE_STATUS_CALC","作用の術式","DEF","32.0"
"PG0271","DAMAGE_STATUS_CALC","作用の術式","AVO","0.5"
"PG0272","DAMAGE_STATUS_CALC","作用の術式","CUT_P","0.5"
"PG0273","DAMAGE_STATUS_CALC","作用の術式","CUT_V","0.5"
"PG0274","DAMAGE_STATUS_CALC","作用の術式","CRT_P","0.5"
"PG0275","DAMAGE_STATUS_CALC","作用の術式","CRT_V","0.5"
"PG0276","DAMAGE_STATUS_CALC","作用の術式","M_ATK","32.0"
"PG0277","DAMAGE_STATUS_CALC","作用の術式","M_DEF","32.0"
"PG0278","DAMAGE_STATUS_CALC","作用の術式","M_AVO","0.5"
"PG0279","DAMAGE_STATUS_CALC","作用の術式","M_CUT_P","0.5"
"PG0280","DAMAGE_STATUS_CALC","作用の術式","M_CUT_V","0.5"
"PG0281","DAMAGE_STATUS_CALC","作用の術式","M_CRT_P","0.5"
"PG0282","DAMAGE_STATUS_CALC","作用の術式","M_CRT_V","0.5"
"PG0283","ADD_CONDITION_TIME","状態異常時間変更の術式","DEFENCE","16.0"
"PG0284","ADD_CONDITION_TIME","状態異常時間変更の術式","AVOIDANCE","16.0"
"PG0285","ADD_CONDITION_TIME","状態異常時間変更の術式","ESCAPED","16.0"
"PG0286","ADD_CONDITION_TIME","状態異常時間変更の術式","REGENE","16.0"
"PG0287","ADD_CONDITION_TIME","状態異常時間変更の術式","MOIST","16.0"
"PG0288","ADD_CONDITION_TIME","状態異常時間変更の術式","POISON","16.0"
"PG0289","ADD_CONDITION_TIME","状態異常時間変更の術式","FLAME","16.0"
"PG0290","ADD_CONDITION_TIME","状態異常時間変更の術式","FROZEN","16.0"
"PG0291","ADD_CONDITION_TIME","状態異常時間変更の術式","TREE","16.0"
"PG0292","ADD_CONDITION_TIME","状態異常時間変更の術式","SEAL","16.0"
"PG0293","ADD_CONDITION_TIME","状態異常時間変更の術式","SLEEP","16.0"
"PG0294","ADD_CONDITION_TIME","状態異常時間変更の術式","SPELLING","16.0"
"PG0295","ADD_CONDITION_TIME","状態異常時間変更の術式","PARALYS","16.0"
"PG0296","ADD_CONDITION_TIME","状態異常時間変更の術式","CONFUSION","16.0"
"PG0297","ADD_CONDITION_TIME","状態異常時間変更の術式","MADNESS","16.0"
"PG0298","ADD_CONDITION_TIME","状態異常時間変更の術式","TRUE_MADNESS","16.0"
"PG0299","ADD_CONDITION_TIME","状態異常時間変更の術式","GOLDY","16.0"
"PG0300","ADD_CONDITION_TIME","状態異常時間変更の術式","CUT","16.0"
"PG0301","ADD_CONDITION_TIME","状態異常時間変更の術式","DESTROY","16.0"
"PG0302","ADD_CONDITION_TIME","状態異常時間変更の術式","DEAD","16.0"
"PG0303","ADD_AREA","作用範囲変更の術式","-32","0.0"
"PG0304","ADD_SPELL_TIME","詠唱時間変更の術式","16","0.0"
"PG0305","ADD_ATTRIN","属性値変更の術式","CHOP","0.25"
"PG0306","ADD_ATTRIN","属性値変更の術式","STAB","0.25"
"PG0307","ADD_ATTRIN","属性値変更の術式","IMPACT","0.25"
"PG0308","ADD_ATTRIN","属性値変更の術式","FLAME","0.25"
"PG0309","ADD_ATTRIN","属性値変更の術式","ICE","0.25"
"PG0310","ADD_ATTRIN","属性値変更の術式","WATER","0.25"
"PG0311","ADD_ATTRIN","属性値変更の術式","THNDER","0.25"
"PG0312","ADD_ATTRIN","属性値変更の術式","AIR","0.25"
"PG0313","ADD_ATTRIN","属性値変更の術式","EARTH","0.25"
"PG0314","ADD_ATTRIN","属性値変更の術式","LIGHT","0.25"
"PG0315","ADD_ATTRIN","属性値変更の術式","DARK","0.25"
"PG0316","ADD_ATTRIN","属性値変更の術式","MYSTERY","0.25"
"PG0318","ADD_ATTRIN","属性値変更の術式","NONE","0.25"
"PG0319","ADD_ATTRIN","属性値変更の術式","POISON","0.25"
"PG0320","ADD_ATTRIN","属性値変更の術式","FLAME","0.25"
"PG0321","ADD_ATTRIN","属性値変更の術式","FROZEN","0.25"
"PG0322","ADD_ATTRIN","属性値変更の術式","SEAL","0.25"
"PG0323","ADD_ATTRIN","属性値変更の術式","SLEEP","0.25"
"PG0324","ADD_ATTRIN","属性値変更の術式","PARALYS","0.25"
"PG0325","ADD_ATTRIN","属性値変更の術式","CONFUSION","0.25"
"PG0326","ADD_ATTRIN","属性値変更の術式","MADNESS","0.25"
"PG0327","ADD_ATTRIN","属性値変更の術式","TRUE_MADNESS","0.25"
"PG0328","ADD_ATTRIN","属性値変更の術式","GOLDY","0.25"
"PG0329","ADD_ATTRIN","属性値変更の術式","CUT","0.25"
"PG0330","ADD_ATTRIN","属性値変更の術式","DESTROY","0.25"
"PG0331","ADD_ATTRIN","属性値変更の術式","DEAD","0.25"
"PG0332","DAMAGE_STATUS_DIRECT","直接作用の術式","LV","16.0"
"PG0333","DAMAGE_STATUS_DIRECT","直接作用の術式","HP","16.0"
"PG0334","DAMAGE_STATUS_DIRECT","直接作用の術式","MP","16.0"
"PG0335","DAMAGE_STATUS_DIRECT","直接作用の術式","STR","16.0"
"PG0336","DAMAGE_STATUS_DIRECT","直接作用の術式","SPD","16.0"
"PG0337","DAMAGE_STATUS_DIRECT","直接作用の術式","DEX","16.0"
"PG0338","DAMAGE_STATUS_DIRECT","直接作用の術式","POW","16.0"
"PG0339","DAMAGE_STATUS_DIRECT","直接作用の術式","SAN","16.0"
"PG0340","DAMAGE_STATUS_DIRECT","直接作用の術式","MOV","16.0"
"PG0341","DAMAGE_STATUS_DIRECT","直接作用の術式","EXP","16.0"
"PG0342","DAMAGE_STATUS_DIRECT","直接作用の術式","ATK","16.0"
"PG0343","DAMAGE_STATUS_DIRECT","直接作用の術式","DEF","16.0"
"PG0344","DAMAGE_STATUS_DIRECT","直接作用の術式","AVO","0.25"
"PG0345","DAMAGE_STATUS_DIRECT","直接作用の術式","CUT_P","0.25"
"PG0346","DAMAGE_STATUS_DIRECT","直接作用の術式","CUT_V","0.25"
"PG0347","DAMAGE_STATUS_DIRECT","直接作用の術式","CRT_P","0.25"
"PG0348","DAMAGE_STATUS_DIRECT","直接作用の術式","CRT_V","0.25"
"PG0349","DAMAGE_STATUS_DIRECT","直接作用の術式","M_ATK","16.0"
"PG0350","DAMAGE_STATUS_DIRECT","直接作用の術式","M_DEF","16.0"
"PG0351","DAMAGE_STATUS_DIRECT","直接作用の術式","M_AVO","0.25"
"PG0352","DAMAGE_STATUS_DIRECT","直接作用の術式","M_CUT_P","0.25"
"PG0353","DAMAGE_STATUS_DIRECT","直接作用の術式","M_CUT_V","0.25"
"PG0354","DAMAGE_STATUS_DIRECT","直接作用の術式","M_CRT_P","0.25"
"PG0355","DAMAGE_STATUS_DIRECT","直接作用の術式","M_CRT_V","0.25"
"PG0356","DAMAGE_STATUS_CALC","作用の術式","LV","16.0"
"PG0357","DAMAGE_STATUS_CALC","作用の術式","HP","16.0"
"PG0358","DAMAGE_STATUS_CALC","作用の術式","MP","16.0"
"PG0359","DAMAGE_STATUS_CALC","作用の術式","STR","16.0"
"PG0360","DAMAGE_STATUS_CALC","作用の術式","SPD","16.0"
"PG0361","DAMAGE_STATUS_CALC","作用の術式","DEX","16.0"
"PG0362","DAMAGE_STATUS_CALC","作用の術式","POW","16.0"
"PG0363","DAMAGE_STATUS_CALC","作用の術式","SAN","16.0"
"PG0364","DAMAGE_STATUS_CALC","作用の術式","MOV","16.0"
"PG0365","DAMAGE_STATUS_CALC","作用の術式","EXP","16.0"
"PG0366","DAMAGE_STATUS_CALC","作用の術式","ATK","16.0"
"PG0367","DAMAGE_STATUS_CALC","作用の術式","DEF","16.0"
"PG0368","DAMAGE_STATUS_CALC","作用の術式","AVO","0.25"
"PG0369","DAMAGE_STATUS_CALC","作用の術式","CUT_P","0.25"
"PG0370","DAMAGE_STATUS_CALC","作用の術式","CUT_V","0.25"
"PG0371","DAMAGE_STATUS_CALC","作用の術式","CRT_P","0.25"
"PG0372","DAMAGE_STATUS_CALC","作用の術式","CRT_V","0.25"
"PG0373","DAMAGE_STATUS_CALC","作用の術式","M_ATK","16.0"
"PG0374","DAMAGE_STATUS_CALC","作用の術式","M_DEF","16.0"
"PG0375","DAMAGE_STATUS_CALC","作用の術式","M_AVO","0.25"
"PG0376","DAMAGE_STATUS_CALC","作用の術式","M_CUT_P","0.25"
"PG0377","DAMAGE_STATUS_CALC","作用の術式","M_CUT_V","0.25"
"PG0378","DAMAGE_STATUS_CALC","作用の術式","M_CRT_P","0.25"
"PG0379","DAMAGE_STATUS_CALC","作用の術式","M_CRT_V","0.25"
"PG0380","ADD_CONDITION_TIME","状態異常時間変更の術式","DEFENCE","8.0"
"PG0381","ADD_CONDITION_TIME","状態異常時間変更の術式","AVOIDANCE","8.0"
"PG0382","ADD_CONDITION_TIME","状態異常時間変更の術式","ESCAPED","8.0"
"PG0383","ADD_CONDITION_TIME","状態異常時間変更の術式","REGENE","8.0"
"PG0384","ADD_CONDITION_TIME","状態異常時間変更の術式","MOIST","8.0"
"PG0385","ADD_CONDITION_TIME","状態異常時間変更の術式","POISON","8.0"
"PG0386","ADD_CONDITION_TIME","状態異常時間変更の術式","FLAME","8.0"
"PG0387","ADD_CONDITION_TIME","状態異常時間変更の術式","FROZEN","8.0"
"PG0388","ADD_CONDITION_TIME","状態異常時間変更の術式","TREE","8.0"
"PG0389","ADD_CONDITION_TIME","状態異常時間変更の術式","SEAL","8.0"
"PG0390","ADD_CONDITION_TIME","状態異常時間変更の術式","SLEEP","8.0"
"PG0391","ADD_CONDITION_TIME","状態異常時間変更の術式","SPELLING","8.0"
"PG0392","ADD_CONDITION_TIME","状態異常時間変更の術式","PARALYS","8.0"
"PG0393","ADD_CONDITION_TIME","状態異常時間変更の術式","CONFUSION","8.0"
"PG0394","ADD_CONDITION_TIME","状態異常時間変更の術式","MADNESS","8.0"
"PG0395","ADD_CONDITION_TIME","状態異常時間変更の術式","TRUE_MADNESS","8.0"
"PG0396","ADD_CONDITION_TIME","状態異常時間変更の術式","GOLDY","8.0"
"PG0397","ADD_CONDITION_TIME","状態異常時間変更の術式","CUT","8.0"
"PG0398","ADD_CONDITION_TIME","状態異常時間変更の術式","DESTROY","8.0"
"PG0399","ADD_CONDITION_TIME","状態異常時間変更の術式","DEAD","8.0"
"PG0400","ADD_AREA","作用範囲変更の術式","-16","0.0"
"PG0401","ADD_SPELL_TIME","詠唱時間変更の術式","8","0.0"
"PG0402","ADD_ATTRIN","属性値変更の術式","CHOP","0.125"
"PG0403","ADD_ATTRIN","属性値変更の術式","STAB","0.125"
"PG0404","ADD_ATTRIN","属性値変更の術式","IMPACT","0.125"
"PG0405","ADD_ATTRIN","属性値変更の術式","FLAME","0.125"
"PG0406","ADD_ATTRIN","属性値変更の術式","ICE","0.125"
"PG0407","ADD_ATTRIN","属性値変更の術式","WATER","0.125"
"PG0408","ADD_ATTRIN","属性値変更の術式","THNDER","0.125"
"PG0409","ADD_ATTRIN","属性値変更の術式","AIR","0.125"
"PG0410","ADD_ATTRIN","属性値変更の術式","EARTH","0.125"
"PG0411","ADD_ATTRIN","属性値変更の術式","LIGHT","0.125"
"PG0412","ADD_ATTRIN","属性値変更の術式","DARK","0.125"
"PG0413","ADD_ATTRIN","属性値変更の術式","MYSTERY","0.125"
"PG0415","ADD_ATTRIN","属性値変更の術式","NONE","0.125"
"PG0416","ADD_ATTRIN","属性値変更の術式","POISON","0.125"
"PG0417","ADD_ATTRIN","属性値変更の術式","FLAME","0.125"
"PG0418","ADD_ATTRIN","属性値変更の術式","FROZEN","0.125"
"PG0419","ADD_ATTRIN","属性値変更の術式","SEAL","0.125"
"PG0420","ADD_ATTRIN","属性値変更の術式","SLEEP","0.125"
"PG0421","ADD_ATTRIN","属性値変更の術式","PARALYS","0.125"
"PG0422","ADD_ATTRIN","属性値変更の術式","CONFUSION","0.125"
"PG0423","ADD_ATTRIN","属性値変更の術式","MADNESS","0.125"
"PG0424","ADD_ATTRIN","属性値変更の術式","TRUE_MADNESS","0.125"
"PG0425","ADD_ATTRIN","属性値変更の術式","GOLDY","0.125"
"PG0426","ADD_ATTRIN","属性値変更の術式","CUT","0.125"
"PG0427","ADD_ATTRIN","属性値変更の術式","DESTROY","0.125"
"PG0428","ADD_ATTRIN","属性値変更の術式","DEAD","0.125"
"PG0429","DAMAGE_STATUS_DIRECT","直接作用の術式","LV","8.0"
"PG0430","DAMAGE_STATUS_DIRECT","直接作用の術式","HP","8.0"
"PG0431","DAMAGE_STATUS_DIRECT","直接作用の術式","MP","8.0"
"PG0432","DAMAGE_STATUS_DIRECT","直接作用の術式","STR","8.0"
"PG0433","DAMAGE_STATUS_DIRECT","直接作用の術式","SPD","8.0"
"PG0434","DAMAGE_STATUS_DIRECT","直接作用の術式","DEX","8.0"
"PG0435","DAMAGE_STATUS_DIRECT","直接作用の術式","POW","8.0"
"PG0436","DAMAGE_STATUS_DIRECT","直接作用の術式","SAN","8.0"
"PG0437","DAMAGE_STATUS_DIRECT","直接作用の術式","MOV","8.0"
"PG0438","DAMAGE_STATUS_DIRECT","直接作用の術式","EXP","8.0"
"PG0439","DAMAGE_STATUS_DIRECT","直接作用の術式","ATK","8.0"
"PG0440","DAMAGE_STATUS_DIRECT","直接作用の術式","DEF","8.0"
"PG0441","DAMAGE_STATUS_DIRECT","直接作用の術式","AVO","0.125"
"PG0442","DAMAGE_STATUS_DIRECT","直接作用の術式","CUT_P","0.125"
"PG0443","DAMAGE_STATUS_DIRECT","直接作用の術式","CUT_V","0.125"
"PG0444","DAMAGE_STATUS_DIRECT","直接作用の術式","CRT_P","0.125"
"PG0445","DAMAGE_STATUS_DIRECT","直接作用の術式","CRT_V","0.125"
"PG0446","DAMAGE_STATUS_DIRECT","直接作用の術式","M_ATK","8.0"
"PG0447","DAMAGE_STATUS_DIRECT","直接作用の術式","M_DEF","8.0"
"PG0448","DAMAGE_STATUS_DIRECT","直接作用の術式","M_AVO","0.125"
"PG0449","DAMAGE_STATUS_DIRECT","直接作用の術式","M_CUT_P","0.125"
"PG0450","DAMAGE_STATUS_DIRECT","直接作用の術式","M_CUT_V","0.125"
"PG0451","DAMAGE_STATUS_DIRECT","直接作用の術式","M_CRT_P","0.125"
"PG0452","DAMAGE_STATUS_DIRECT","直接作用の術式","M_CRT_V","0.125"
"PG0453","DAMAGE_STATUS_CALC","作用の術式","LV","8.0"
"PG0454","DAMAGE_STATUS_CALC","作用の術式","HP","8.0"
"PG0455","DAMAGE_STATUS_CALC","作用の術式","MP","8.0"
"PG0456","DAMAGE_STATUS_CALC","作用の術式","STR","8.0"
"PG0457","DAMAGE_STATUS_CALC","作用の術式","SPD","8.0"
"PG0458","DAMAGE_STATUS_CALC","作用の術式","DEX","8.0"
"PG0459","DAMAGE_STATUS_CALC","作用の術式","POW","8.0"
"PG0460","DAMAGE_STATUS_CALC","作用の術式","SAN","8.0"
"PG0461","DAMAGE_STATUS_CALC","作用の術式","MOV","8.0"
"PG0462","DAMAGE_STATUS_CALC","作用の術式","EXP","8.0"
"PG0463","DAMAGE_STATUS_CALC","作用の術式","ATK","8.0"
"PG0464","DAMAGE_STATUS_CALC","作用の術式","DEF","8.0"
"PG0465","DAMAGE_STATUS_CALC","作用の術式","AVO","0.125"
"PG0466","DAMAGE_STATUS_CALC","作用の術式","CUT_P","0.125"
"PG0467","DAMAGE_STATUS_CALC","作用の術式","CUT_V","0.125"
"PG0468","DAMAGE_STATUS_CALC","作用の術式","CRT_P","0.125"
"PG0469","DAMAGE_STATUS_CALC","作用の術式","CRT_V","0.125"
"PG0470","DAMAGE_STATUS_CALC","作用の術式","M_ATK","8.0"
"PG0471","DAMAGE_STATUS_CALC","作用の術式","M_DEF","8.0"
"PG0472","DAMAGE_STATUS_CALC","作用の術式","M_AVO","0.125"
"PG0473","DAMAGE_STATUS_CALC","作用の術式","M_CUT_P","0.125"
"PG0474","DAMAGE_STATUS_CALC","作用の術式","M_CUT_V","0.125"
"PG0475","DAMAGE_STATUS_CALC","作用の術式","M_CRT_P","0.125"
"PG0476","DAMAGE_STATUS_CALC","作用の術式","M_CRT_V","0.125"
"PG0477","ADD_CONDITION_TIME","状態異常時間変更の術式","DEFENCE","4.0"
"PG0478","ADD_CONDITION_TIME","状態異常時間変更の術式","AVOIDANCE","4.0"
"PG0479","ADD_CONDITION_TIME","状態異常時間変更の術式","ESCAPED","4.0"
"PG0480","ADD_CONDITION_TIME","状態異常時間変更の術式","REGENE","4.0"
"PG0481","ADD_CONDITION_TIME","状態異常時間変更の術式","MOIST","4.0"
"PG0482","ADD_CONDITION_TIME","状態異常時間変更の術式","POISON","4.0"
"PG0483","ADD_CONDITION_TIME","状態異常時間変更の術式","FLAME","4.0"
"PG0484","ADD_CONDITION_TIME","状態異常時間変更の術式","FROZEN","4.0"
"PG0485","ADD_CONDITION_TIME","状態異常時間変更の術式","TREE","4.0"
"PG0486","ADD_CONDITION_TIME","状態異常時間変更の術式","SEAL","4.0"
"PG0487","ADD_CONDITION_TIME","状態異常時間変更の術式","SLEEP","4.0"
"PG0488","ADD_CONDITION_TIME","状態異常時間変更の術式","SPELLING","4.0"
"PG0489","ADD_CONDITION_TIME","状態異常時間変更の術式","PARALYS","4.0"
"PG0490","ADD_CONDITION_TIME","状態異常時間変更の術式","CONFUSION","4.0"
"PG0491","ADD_CONDITION_TIME","状態異常時間変更の術式","MADNESS","4.0"
"PG0492","ADD_CONDITION_TIME","状態異常時間変更の術式","TRUE_MADNESS","4.0"
"PG0493","ADD_CONDITION_TIME","状態異常時間変更の術式","GOLDY","4.0"
"PG0494","ADD_CONDITION_TIME","状態異常時間変更の術式","CUT","4.0"
"PG0495","ADD_CONDITION_TIME","状態異常時間変更の術式","DESTROY","4.0"
"PG0496","ADD_CONDITION_TIME","状態異常時間変更の術式","DEAD","4.0"
"PG0497","ADD_AREA","作用範囲変更の術式","-8","0.0"
"PG0498","ADD_SPELL_TIME","詠唱時間変更の術式","4","0.0"
"PG0499","ADD_ATTRIN","属性値変更の術式","CHOP","0.0625"
"PG0500","ADD_ATTRIN","属性値変更の術式","STAB","0.0625"
"PG0501","ADD_ATTRIN","属性値変更の術式","IMPACT","0.0625"
"PG0502","ADD_ATTRIN","属性値変更の術式","FLAME","0.0625"
"PG0503","ADD_ATTRIN","属性値変更の術式","ICE","0.0625"
"PG0504","ADD_ATTRIN","属性値変更の術式","WATER","0.0625"
"PG0505","ADD_ATTRIN","属性値変更の術式","THNDER","0.0625"
"PG0506","ADD_ATTRIN","属性値変更の術式","AIR","0.0625"
"PG0507","ADD_ATTRIN","属性値変更の術式","EARTH","0.0625"
"PG0508","ADD_ATTRIN","属性値変更の術式","LIGHT","0.0625"
"PG0509","ADD_ATTRIN","属性値変更の術式","DARK","0.0625"
"PG0510","ADD_ATTRIN","属性値変更の術式","MYSTERY","0.0625"
"PG0512","ADD_ATTRIN","属性値変更の術式","NONE","0.0625"
"PG0513","ADD_ATTRIN","属性値変更の術式","POISON","0.0625"
"PG0514","ADD_ATTRIN","属性値変更の術式","FLAME","0.0625"
"PG0515","ADD_ATTRIN","属性値変更の術式","FROZEN","0.0625"
"PG0516","ADD_ATTRIN","属性値変更の術式","SEAL","0.0625"
"PG0517","ADD_ATTRIN","属性値変更の術式","SLEEP","0.0625"
"PG0518","ADD_ATTRIN","属性値変更の術式","PARALYS","0.0625"
"PG0519","ADD_ATTRIN","属性値変更の術式","CONFUSION","0.0625"
"PG0520","ADD_ATTRIN","属性値変更の術式","MADNESS","0.0625"
"PG0521","ADD_ATTRIN","属性値変更の術式","TRUE_MADNESS","0.0625"
"PG0522","ADD_ATTRIN","属性値変更の術式","GOLDY","0.0625"
"PG0523","ADD_ATTRIN","属性値変更の術式","CUT","0.0625"
"PG0524","ADD_ATTRIN","属性値変更の術式","DESTROY","0.0625"
"PG0525","ADD_ATTRIN","属性値変更の術式","DEAD","0.0625"
"PG0526","DAMAGE_STATUS_DIRECT","直接作用の術式","LV","4.0"
"PG0527","DAMAGE_STATUS_DIRECT","直接作用の術式","HP","4.0"
"PG0528","DAMAGE_STATUS_DIRECT","直接作用の術式","MP","4.0"
"PG0529","DAMAGE_STATUS_DIRECT","直接作用の術式","STR","4.0"
"PG0530","DAMAGE_STATUS_DIRECT","直接作用の術式","SPD","4.0"
"PG0531","DAMAGE_STATUS_DIRECT","直接作用の術式","DEX","4.0"
"PG0532","DAMAGE_STATUS_DIRECT","直接作用の術式","POW","4.0"
"PG0533","DAMAGE_STATUS_DIRECT","直接作用の術式","SAN","4.0"
"PG0534","DAMAGE_STATUS_DIRECT","直接作用の術式","MOV","4.0"
"PG0535","DAMAGE_STATUS_DIRECT","直接作用の術式","EXP","4.0"
"PG0536","DAMAGE_STATUS_DIRECT","直接作用の術式","ATK","4.0"
"PG0537","DAMAGE_STATUS_DIRECT","直接作用の術式","DEF","4.0"
"PG0538","DAMAGE_STATUS_DIRECT","直接作用の術式","AVO","0.0625"
"PG0539","DAMAGE_STATUS_DIRECT","直接作用の術式","CUT_P","0.0625"
"PG0540","DAMAGE_STATUS_DIRECT","直接作用の術式","CUT_V","0.0625"
"PG0541","DAMAGE_STATUS_DIRECT","直接作用の術式","CRT_P","0.0625"
"PG0542","DAMAGE_STATUS_DIRECT","直接作用の術式","CRT_V","0.0625"
"PG0543","DAMAGE_STATUS_DIRECT","直接作用の術式","M_ATK","4.0"
"PG0544","DAMAGE_STATUS_DIRECT","直接作用の術式","M_DEF","4.0"
"PG0545","DAMAGE_STATUS_DIRECT","直接作用の術式","M_AVO","0.0625"
"PG0546","DAMAGE_STATUS_DIRECT","直接作用の術式","M_CUT_P","0.0625"
"PG0547","DAMAGE_STATUS_DIRECT","直接作用の術式","M_CUT_V","0.0625"
"PG0548","DAMAGE_STATUS_DIRECT","直接作用の術式","M_CRT_P","0.0625"
"PG0549","DAMAGE_STATUS_DIRECT","直接作用の術式","M_CRT_V","0.0625"
"PG0550","DAMAGE_STATUS_CALC","作用の術式","LV","4.0"
"PG0551","DAMAGE_STATUS_CALC","作用の術式","HP","4.0"
"PG0552","DAMAGE_STATUS_CALC","作用の術式","MP","4.0"
"PG0553","DAMAGE_STATUS_CALC","作用の術式","STR","4.0"
"PG0554","DAMAGE_STATUS_CALC","作用の術式","SPD","4.0"
"PG0555","DAMAGE_STATUS_CALC","作用の術式","DEX","4.0"
"PG0556","DAMAGE_STATUS_CALC","作用の術式","POW","4.0"
"PG0557","DAMAGE_STATUS_CALC","作用の術式","SAN","4.0"
"PG0558","DAMAGE_STATUS_CALC","作用の術式","MOV","4.0"
"PG0559","DAMAGE_STATUS_CALC","作用の術式","EXP","4.0"
"PG0560","DAMAGE_STATUS_CALC","作用の術式","ATK","4.0"
"PG0561","DAMAGE_STATUS_CALC","作用の術式","DEF","4.0"
"PG0562","DAMAGE_STATUS_CALC","作用の術式","AVO","0.0625"
"PG0563","DAMAGE_STATUS_CALC","作用の術式","CUT_P","0.0625"
"PG0564","DAMAGE_STATUS_CALC","作用の術式","CUT_V","0.0625"
"PG0565","DAMAGE_STATUS_CALC","作用の術式","CRT_P","0.0625"
"PG0566","DAMAGE_STATUS_CALC","作用の術式","CRT_V","0.0625"
"PG0567","DAMAGE_STATUS_CALC","作用の術式","M_ATK","4.0"
"PG0568","DAMAGE_STATUS_CALC","作用の術式","M_DEF","4.0"
"PG0569","DAMAGE_STATUS_CALC","作用の術式","M_AVO","0.0625"
"PG0570","DAMAGE_STATUS_CALC","作用の術式","M_CUT_P","0.0625"
"PG0571","DAMAGE_STATUS_CALC","作用の術式","M_CUT_V","0.0625"
"PG0572","DAMAGE_STATUS_CALC","作用の術式","M_CRT_P","0.0625"
"PG0573","DAMAGE_STATUS_CALC","作用の術式","M_CRT_V","0.0625"
"PG0574","ADD_CONDITION_TIME","状態異常時間変更の術式","DEFENCE","2.0"
"PG0575","ADD_CONDITION_TIME","状態異常時間変更の術式","AVOIDANCE","2.0"
"PG0576","ADD_CONDITION_TIME","状態異常時間変更の術式","ESCAPED","2.0"
"PG0577","ADD_CONDITION_TIME","状態異常時間変更の術式","REGENE","2.0"
"PG0578","ADD_CONDITION_TIME","状態異常時間変更の術式","MOIST","2.0"
"PG0579","ADD_CONDITION_TIME","状態異常時間変更の術式","POISON","2.0"
"PG0580","ADD_CONDITION_TIME","状態異常時間変更の術式","FLAME","2.0"
"PG0581","ADD_CONDITION_TIME","状態異常時間変更の術式","FROZEN","2.0"
"PG0582","ADD_CONDITION_TIME","状態異常時間変更の術式","TREE","2.0"
"PG0583","ADD_CONDITION_TIME","状態異常時間変更の術式","SEAL","2.0"
"PG0584","ADD_CONDITION_TIME","状態異常時間変更の術式","SLEEP","2.0"
"PG0585","ADD_CONDITION_TIME","状態異常時間変更の術式","SPELLING","2.0"
"PG0586","ADD_CONDITION_TIME","状態異常時間変更の術式","PARALYS","2.0"
"PG0587","ADD_CONDITION_TIME","状態異常時間変更の術式","CONFUSION","2.0"
"PG0588","ADD_CONDITION_TIME","状態異常時間変更の術式","MADNESS","2.0"
"PG0589","ADD_CONDITION_TIME","状態異常時間変更の術式","TRUE_MADNESS","2.0"
"PG0590","ADD_CONDITION_TIME","状態異常時間変更の術式","GOLDY","2.0"
"PG0591","ADD_CONDITION_TIME","状態異常時間変更の術式","CUT","2.0"
"PG0592","ADD_CONDITION_TIME","状態異常時間変更の術式","DESTROY","2.0"
"PG0593","ADD_CONDITION_TIME","状態異常時間変更の術式","DEAD","2.0"
"PG0594","ADD_AREA","作用範囲変更の術式","-4","0.0"
"PG0595","ADD_SPELL_TIME","詠唱時間変更の術式","2","0.0"
"PG0596","ADD_ATTRIN","属性値変更の術式","CHOP","0.03125"
"PG0597","ADD_ATTRIN","属性値変更の術式","STAB","0.03125"
"PG0598","ADD_ATTRIN","属性値変更の術式","IMPACT","0.03125"
"PG0599","ADD_ATTRIN","属性値変更の術式","FLAME","0.03125"
"PG0600","ADD_ATTRIN","属性値変更の術式","ICE","0.03125"
"PG0601","ADD_ATTRIN","属性値変更の術式","WATER","0.03125"
"PG0602","ADD_ATTRIN","属性値変更の術式","THNDER","0.03125"
"PG0603","ADD_ATTRIN","属性値変更の術式","AIR","0.03125"
"PG0604","ADD_ATTRIN","属性値変更の術式","EARTH","0.03125"
"PG0605","ADD_ATTRIN","属性値変更の術式","LIGHT","0.03125"
"PG0606","ADD_ATTRIN","属性値変更の術式","DARK","0.03125"
"PG0607","ADD_ATTRIN","属性値変更の術式","MYSTERY","0.03125"
"PG0609","ADD_ATTRIN","属性値変更の術式","NONE","0.03125"
"PG0610","ADD_ATTRIN","属性値変更の術式","POISON","0.03125"
"PG0611","ADD_ATTRIN","属性値変更の術式","FLAME","0.03125"
"PG0612","ADD_ATTRIN","属性値変更の術式","FROZEN","0.03125"
"PG0613","ADD_ATTRIN","属性値変更の術式","SEAL","0.03125"
"PG0614","ADD_ATTRIN","属性値変更の術式","SLEEP","0.03125"
"PG0615","ADD_ATTRIN","属性値変更の術式","PARALYS","0.03125"
"PG0616","ADD_ATTRIN","属性値変更の術式","CONFUSION","0.03125"
"PG0617","ADD_ATTRIN","属性値変更の術式","MADNESS","0.03125"
"PG0618","ADD_ATTRIN","属性値変更の術式","TRUE_MADNESS","0.03125"
"PG0619","ADD_ATTRIN","属性値変更の術式","GOLDY","0.03125"
"PG0620","ADD_ATTRIN","属性値変更の術式","CUT","0.03125"
"PG0621","ADD_ATTRIN","属性値変更の術式","DESTROY","0.03125"
"PG0622","ADD_ATTRIN","属性値変更の術式","DEAD","0.03125"
"PG0623","DAMAGE_STATUS_DIRECT","直接作用の術式","LV","2.0"
"PG0624","DAMAGE_STATUS_DIRECT","直接作用の術式","HP","2.0"
"PG0625","DAMAGE_STATUS_DIRECT","直接作用の術式","MP","2.0"
"PG0626","DAMAGE_STATUS_DIRECT","直接作用の術式","STR","2.0"
"PG0627","DAMAGE_STATUS_DIRECT","直接作用の術式","SPD","2.0"
"PG0628","DAMAGE_STATUS_DIRECT","直接作用の術式","DEX","2.0"
"PG0629","DAMAGE_STATUS_DIRECT","直接作用の術式","POW","2.0"
"PG0630","DAMAGE_STATUS_DIRECT","直接作用の術式","SAN","2.0"
"PG0631","DAMAGE_STATUS_DIRECT","直接作用の術式","MOV","2.0"
"PG0632","DAMAGE_STATUS_DIRECT","直接作用の術式","EXP","2.0"
"PG0633","DAMAGE_STATUS_DIRECT","直接作用の術式","ATK","2.0"
"PG0634","DAMAGE_STATUS_DIRECT","直接作用の術式","DEF","2.0"
"PG0635","DAMAGE_STATUS_DIRECT","直接作用の術式","AVO","0.03125"
"PG0636","DAMAGE_STATUS_DIRECT","直接作用の術式","CUT_P","0.03125"
"PG0637","DAMAGE_STATUS_DIRECT","直接作用の術式","CUT_V","0.03125"
"PG0638","DAMAGE_STATUS_DIRECT","直接作用の術式","CRT_P","0.03125"
"PG0639","DAMAGE_STATUS_DIRECT","直接作用の術式","CRT_V","0.03125"
"PG0640","DAMAGE_STATUS_DIRECT","直接作用の術式","M_ATK","2.0"
"PG0641","DAMAGE_STATUS_DIRECT","直接作用の術式","M_DEF","2.0"
"PG0642","DAMAGE_STATUS_DIRECT","直接作用の術式","M_AVO","0.03125"
"PG0643","DAMAGE_STATUS_DIRECT","直接作用の術式","M_CUT_P","0.03125"
"PG0644","DAMAGE_STATUS_DIRECT","直接作用の術式","M_CUT_V","0.03125"
"PG0645","DAMAGE_STATUS_DIRECT","直接作用の術式","M_CRT_P","0.03125"
"PG0646","DAMAGE_STATUS_DIRECT","直接作用の術式","M_CRT_V","0.03125"
"PG0647","DAMAGE_STATUS_CALC","作用の術式","LV","2.0"
"PG0648","DAMAGE_STATUS_CALC","作用の術式","HP","2.0"
"PG0649","DAMAGE_STATUS_CALC","作用の術式","MP","2.0"
"PG0650","DAMAGE_STATUS_CALC","作用の術式","STR","2.0"
"PG0651","DAMAGE_STATUS_CALC","作用の術式","SPD","2.0"
"PG0652","DAMAGE_STATUS_CALC","作用の術式","DEX","2.0"
"PG0653","DAMAGE_STATUS_CALC","作用の術式","POW","2.0"
"PG0654","DAMAGE_STATUS_CALC","作用の術式","SAN","2.0"
"PG0655","DAMAGE_STATUS_CALC","作用の術式","MOV","2.0"
"PG0656","DAMAGE_STATUS_CALC","作用の術式","EXP","2.0"
"PG0657","DAMAGE_STATUS_CALC","作用の術式","ATK","2.0"
"PG0658","DAMAGE_STATUS_CALC","作用の術式","DEF","2.0"
"PG0659","DAMAGE_STATUS_CALC","作用の術式","AVO","0.03125"
"PG0660","DAMAGE_STATUS_CALC","作用の術式","CUT_P","0.03125"
"PG0661","DAMAGE_STATUS_CALC","作用の術式","CUT_V","0.03125"
"PG0662","DAMAGE_STATUS_CALC","作用の術式","CRT_P","0.03125"
"PG0663","DAMAGE_STATUS_CALC","作用の術式","CRT_V","0.03125"
"PG0664","DAMAGE_STATUS_CALC","作用の術式","M_ATK","2.0"
"PG0665","DAMAGE_STATUS_CALC","作用の術式","M_DEF","2.0"
"PG0666","DAMAGE_STATUS_CALC","作用の術式","M_AVO","0.03125"
"PG0667","DAMAGE_STATUS_CALC","作用の術式","M_CUT_P","0.03125"
"PG0668","DAMAGE_STATUS_CALC","作用の術式","M_CUT_V","0.03125"
"PG0669","DAMAGE_STATUS_CALC","作用の術式","M_CRT_P","0.03125"
"PG0670","DAMAGE_STATUS_CALC","作用の術式","M_CRT_V","0.03125"
"PG0671","ADD_CONDITION_TIME","状態異常時間変更の術式","DEFENCE","1.0"
"PG0672","ADD_CONDITION_TIME","状態異常時間変更の術式","AVOIDANCE","1.0"
"PG0673","ADD_CONDITION_TIME","状態異常時間変更の術式","ESCAPED","1.0"
"PG0674","ADD_CONDITION_TIME","状態異常時間変更の術式","REGENE","1.0"
"PG0675","ADD_CONDITION_TIME","状態異常時間変更の術式","MOIST","1.0"
"PG0676","ADD_CONDITION_TIME","状態異常時間変更の術式","POISON","1.0"
"PG0677","ADD_CONDITION_TIME","状態異常時間変更の術式","FLAME","1.0"
"PG0678","ADD_CONDITION_TIME","状態異常時間変更の術式","FROZEN","1.0"
"PG0679","ADD_CONDITION_TIME","状態異常時間変更の術式","TREE","1.0"
"PG0680","ADD_CONDITION_TIME","状態異常時間変更の術式","SEAL","1.0"
"PG0681","ADD_CONDITION_TIME","状態異常時間変更の術式","SLEEP","1.0"
"PG0682","ADD_CONDITION_TIME","状態異常時間変更の術式","SPELLING","1.0"
"PG0683","ADD_CONDITION_TIME","状態異常時間変更の術式","PARALYS","1.0"
"PG0684","ADD_CONDITION_TIME","状態異常時間変更の術式","CONFUSION","1.0"
"PG0685","ADD_CONDITION_TIME","状態異常時間変更の術式","MADNESS","1.0"
"PG0686","ADD_CONDITION_TIME","状態異常時間変更の術式","TRUE_MADNESS","1.0"
"PG0687","ADD_CONDITION_TIME","状態異常時間変更の術式","GOLDY","1.0"
"PG0688","ADD_CONDITION_TIME","状態異常時間変更の術式","CUT","1.0"
"PG0689","ADD_CONDITION_TIME","状態異常時間変更の術式","DESTROY","1.0"
"PG0690","ADD_CONDITION_TIME","状態異常時間変更の術式","DEAD","1.0"
"PG0691","ADD_AREA","作用範囲変更の術式","-2","0.0"
"PG0692","ADD_SPELL_TIME","詠唱時間変更の術式","1","0.0"
"PG0693","ADD_ATTRIN","属性値変更の術式","CHOP","0.015625"
"PG0694","ADD_ATTRIN","属性値変更の術式","STAB","0.015625"
"PG0695","ADD_ATTRIN","属性値変更の術式","IMPACT","0.015625"
"PG0696","ADD_ATTRIN","属性値変更の術式","FLAME","0.015625"
"PG0697","ADD_ATTRIN","属性値変更の術式","ICE","0.015625"
"PG0698","ADD_ATTRIN","属性値変更の術式","WATER","0.015625"
"PG0699","ADD_ATTRIN","属性値変更の術式","THNDER","0.015625"
"PG0700","ADD_ATTRIN","属性値変更の術式","AIR","0.015625"
"PG0701","ADD_ATTRIN","属性値変更の術式","EARTH","0.015625"
"PG0702","ADD_ATTRIN","属性値変更の術式","LIGHT","0.015625"
"PG0703","ADD_ATTRIN","属性値変更の術式","DARK","0.015625"
"PG0704","ADD_ATTRIN","属性値変更の術式","MYSTERY","0.015625"
"PG0706","ADD_ATTRIN","属性値変更の術式","NONE","0.015625"
"PG0707","ADD_ATTRIN","属性値変更の術式","POISON","0.015625"
"PG0708","ADD_ATTRIN","属性値変更の術式","FLAME","0.015625"
"PG0709","ADD_ATTRIN","属性値変更の術式","FROZEN","0.015625"
"PG0710","ADD_ATTRIN","属性値変更の術式","SEAL","0.015625"
"PG0711","ADD_ATTRIN","属性値変更の術式","SLEEP","0.015625"
"PG0712","ADD_ATTRIN","属性値変更の術式","PARALYS","0.015625"
"PG0713","ADD_ATTRIN","属性値変更の術式","CONFUSION","0.015625"
"PG0714","ADD_ATTRIN","属性値変更の術式","MADNESS","0.015625"
"PG0715","ADD_ATTRIN","属性値変更の術式","TRUE_MADNESS","0.015625"
"PG0716","ADD_ATTRIN","属性値変更の術式","GOLDY","0.015625"
"PG0717","ADD_ATTRIN","属性値変更の術式","CUT","0.015625"
"PG0718","ADD_ATTRIN","属性値変更の術式","DESTROY","0.015625"
"PG0719","ADD_ATTRIN","属性値変更の術式","DEAD","0.015625"
"PG0720","DAMAGE_STATUS_DIRECT","直接作用の術式","LV","1.0"
"PG0721","DAMAGE_STATUS_DIRECT","直接作用の術式","HP","1.0"
"PG0722","DAMAGE_STATUS_DIRECT","直接作用の術式","MP","1.0"
"PG0723","DAMAGE_STATUS_DIRECT","直接作用の術式","STR","1.0"
"PG0724","DAMAGE_STATUS_DIRECT","直接作用の術式","SPD","1.0"
"PG0725","DAMAGE_STATUS_DIRECT","直接作用の術式","DEX","1.0"
"PG0726","DAMAGE_STATUS_DIRECT","直接作用の術式","POW","1.0"
"PG0727","DAMAGE_STATUS_DIRECT","直接作用の術式","SAN","1.0"
"PG0728","DAMAGE_STATUS_DIRECT","直接作用の術式","MOV","1.0"
"PG0729","DAMAGE_STATUS_DIRECT","直接作用の術式","EXP","1.0"
"PG0730","DAMAGE_STATUS_DIRECT","直接作用の術式","ATK","1.0"
"PG0731","DAMAGE_STATUS_DIRECT","直接作用の術式","DEF","1.0"
"PG0732","DAMAGE_STATUS_DIRECT","直接作用の術式","AVO","0.015625"
"PG0733","DAMAGE_STATUS_DIRECT","直接作用の術式","CUT_P","0.015625"
"PG0734","DAMAGE_STATUS_DIRECT","直接作用の術式","CUT_V","0.015625"
"PG0735","DAMAGE_STATUS_DIRECT","直接作用の術式","CRT_P","0.015625"
"PG0736","DAMAGE_STATUS_DIRECT","直接作用の術式","CRT_V","0.015625"
"PG0737","DAMAGE_STATUS_DIRECT","直接作用の術式","M_ATK","1.0"
"PG0738","DAMAGE_STATUS_DIRECT","直接作用の術式","M_DEF","1.0"
"PG0739","DAMAGE_STATUS_DIRECT","直接作用の術式","M_AVO","0.015625"
"PG0740","DAMAGE_STATUS_DIRECT","直接作用の術式","M_CUT_P","0.015625"
"PG0741","DAMAGE_STATUS_DIRECT","直接作用の術式","M_CUT_V","0.015625"
"PG0742","DAMAGE_STATUS_DIRECT","直接作用の術式","M_CRT_P","0.015625"
"PG0743","DAMAGE_STATUS_DIRECT","直接作用の術式","M_CRT_V","0.015625"
"PG0744","DAMAGE_STATUS_CALC","作用の術式","LV","1.0"
"PG0745","DAMAGE_STATUS_CALC","作用の術式","HP","1.0"
"PG0746","DAMAGE_STATUS_CALC","作用の術式","MP","1.0"
"PG0747","DAMAGE_STATUS_CALC","作用の術式","STR","1.0"
"PG0748","DAMAGE_STATUS_CALC","作用の術式","SPD","1.0"
"PG0749","DAMAGE_STATUS_CALC","作用の術式","DEX","1.0"
"PG0750","DAMAGE_STATUS_CALC","作用の術式","POW","1.0"
"PG0751","DAMAGE_STATUS_CALC","作用の術式","SAN","1.0"
"PG0752","DAMAGE_STATUS_CALC","作用の術式","MOV","1.0"
"PG0753","DAMAGE_STATUS_CALC","作用の術式","EXP","1.0"
"PG0754","DAMAGE_STATUS_CALC","作用の術式","ATK","1.0"
"PG0755","DAMAGE_STATUS_CALC","作用の術式","DEF","1.0"
"PG0756","DAMAGE_STATUS_CALC","作用の術式","AVO","0.015625"
"PG0757","DAMAGE_STATUS_CALC","作用の術式","CUT_P","0.015625"
"PG0758","DAMAGE_STATUS_CALC","作用の術式","CUT_V","0.015625"
"PG0759","DAMAGE_STATUS_CALC","作用の術式","CRT_P","0.015625"
"PG0760","DAMAGE_STATUS_CALC","作用の術式","CRT_V","0.015625"
"PG0761","DAMAGE_STATUS_CALC","作用の術式","M_ATK","1.0"
"PG0762","DAMAGE_STATUS_CALC","作用の術式","M_DEF","1.0"
"PG0763","DAMAGE_STATUS_CALC","作用の術式","M_AVO","0.015625"
"PG0764","DAMAGE_STATUS_CALC","作用の術式","M_CUT_P","0.015625"
"PG0765","DAMAGE_STATUS_CALC","作用の術式","M_CUT_V","0.015625"
"PG0766","DAMAGE_STATUS_CALC","作用の術式","M_CRT_P","0.015625"
"PG0767","DAMAGE_STATUS_CALC","作用の術式","M_CRT_V","0.015625"
"PG0768","ADD_AREA","作用範囲変更の術式","-1","0.0"
"PG0769","ADD_ATTRIN","属性値変更の術式","CHOP","-1.0"
"PG0770","ADD_ATTRIN","属性値変更の術式","STAB","-1.0"
"PG0771","ADD_ATTRIN","属性値変更の術式","IMPACT","-1.0"
"PG0772","ADD_ATTRIN","属性値変更の術式","FLAME","-1.0"
"PG0773","ADD_ATTRIN","属性値変更の術式","ICE","-1.0"
"PG0774","ADD_ATTRIN","属性値変更の術式","WATER","-1.0"
"PG0775","ADD_ATTRIN","属性値変更の術式","THNDER","-1.0"
"PG0776","ADD_ATTRIN","属性値変更の術式","AIR","-1.0"
"PG0777","ADD_ATTRIN","属性値変更の術式","EARTH","-1.0"
"PG0778","ADD_ATTRIN","属性値変更の術式","LIGHT","-1.0"
"PG0779","ADD_ATTRIN","属性値変更の術式","DARK","-1.0"
"PG0780","ADD_ATTRIN","属性値変更の術式","MYSTERY","-1.0"
"PG0782","ADD_ATTRIN","属性値変更の術式","NONE","-1.0"
"PG0783","ADD_ATTRIN","属性値変更の術式","POISON","-1.0"
"PG0784","ADD_ATTRIN","属性値変更の術式","FLAME","-1.0"
"PG0785","ADD_ATTRIN","属性値変更の術式","FROZEN","-1.0"
"PG0786","ADD_ATTRIN","属性値変更の術式","SEAL","-1.0"
"PG0787","ADD_ATTRIN","属性値変更の術式","SLEEP","-1.0"
"PG0788","ADD_ATTRIN","属性値変更の術式","PARALYS","-1.0"
"PG0789","ADD_ATTRIN","属性値変更の術式","CONFUSION","-1.0"
"PG0790","ADD_ATTRIN","属性値変更の術式","MADNESS","-1.0"
"PG0791","ADD_ATTRIN","属性値変更の術式","TRUE_MADNESS","-1.0"
"PG0792","ADD_ATTRIN","属性値変更の術式","GOLDY","-1.0"
"PG0793","ADD_ATTRIN","属性値変更の術式","CUT","-1.0"
"PG0794","ADD_ATTRIN","属性値変更の術式","DESTROY","-1.0"
"PG0795","ADD_ATTRIN","属性値変更の術式","DEAD","-1.0"
"PG0796","DAMAGE_STATUS_DIRECT","直接作用の術式","LV","-64.0"
"PG0797","DAMAGE_STATUS_DIRECT","直接作用の術式","HP","-64.0"
"PG0798","DAMAGE_STATUS_DIRECT","直接作用の術式","MP","-64.0"
"PG0799","DAMAGE_STATUS_DIRECT","直接作用の術式","STR","-64.0"
"PG0800","DAMAGE_STATUS_DIRECT","直接作用の術式","SPD","-64.0"
"PG0801","DAMAGE_STATUS_DIRECT","直接作用の術式","DEX","-64.0"
"PG0802","DAMAGE_STATUS_DIRECT","直接作用の術式","POW","-64.0"
"PG0803","DAMAGE_STATUS_DIRECT","直接作用の術式","SAN","-64.0"
"PG0804","DAMAGE_STATUS_DIRECT","直接作用の術式","MOV","-64.0"
"PG0805","DAMAGE_STATUS_DIRECT","直接作用の術式","EXP","-64.0"
"PG0806","DAMAGE_STATUS_DIRECT","直接作用の術式","ATK","-64.0"
"PG0807","DAMAGE_STATUS_DIRECT","直接作用の術式","DEF","-64.0"
"PG0808","DAMAGE_STATUS_DIRECT","直接作用の術式","AVO","-1.0"
"PG0809","DAMAGE_STATUS_DIRECT","直接作用の術式","CUT_P","-1.0"
"PG0810","DAMAGE_STATUS_DIRECT","直接作用の術式","CUT_V","-1.0"
"PG0811","DAMAGE_STATUS_DIRECT","直接作用の術式","CRT_P","-1.0"
"PG0812","DAMAGE_STATUS_DIRECT","直接作用の術式","CRT_V","-1.0"
"PG0813","DAMAGE_STATUS_DIRECT","直接作用の術式","M_ATK","-64.0"
"PG0814","DAMAGE_STATUS_DIRECT","直接作用の術式","M_DEF","-64.0"
"PG0815","DAMAGE_STATUS_DIRECT","直接作用の術式","M_AVO","-1.0"
"PG0816","DAMAGE_STATUS_DIRECT","直接作用の術式","M_CUT_P","-1.0"
"PG0817","DAMAGE_STATUS_DIRECT","直接作用の術式","M_CUT_V","-1.0"
"PG0818","DAMAGE_STATUS_DIRECT","直接作用の術式","M_CRT_P","-1.0"
"PG0819","DAMAGE_STATUS_DIRECT","直接作用の術式","M_CRT_V","-1.0"
"PG0820","DAMAGE_STATUS_CALC","作用の術式","LV","-64.0"
"PG0821","DAMAGE_STATUS_CALC","作用の術式","HP","-64.0"
"PG0822","DAMAGE_STATUS_CALC","作用の術式","MP","-64.0"
"PG0823","DAMAGE_STATUS_CALC","作用の術式","STR","-64.0"
"PG0824","DAMAGE_STATUS_CALC","作用の術式","SPD","-64.0"
"PG0825","DAMAGE_STATUS_CALC","作用の術式","DEX","-64.0"
"PG0826","DAMAGE_STATUS_CALC","作用の術式","POW","-64.0"
"PG0827","DAMAGE_STATUS_CALC","作用の術式","SAN","-64.0"
"PG0828","DAMAGE_STATUS_CALC","作用の術式","MOV","-64.0"
"PG0829","DAMAGE_STATUS_CALC","作用の術式","EXP","-64.0"
"PG0830","DAMAGE_STATUS_CALC","作用の術式","ATK","-64.0"
"PG0831","DAMAGE_STATUS_CALC","作用の術式","DEF","-64.0"
"PG0832","DAMAGE_STATUS_CALC","作用の術式","AVO","-1.0"
"PG0833","DAMAGE_STATUS_CALC","作用の術式","CUT_P","-1.0"
"PG0834","DAMAGE_STATUS_CALC","作用の術式","CUT_V","-1.0"
"PG0835","DAMAGE_STATUS_CALC","作用の術式","CRT_P","-1.0"
"PG0836","DAMAGE_STATUS_CALC","作用の術式","CRT_V","-1.0"
"PG0837","DAMAGE_STATUS_CALC","作用の術式","M_ATK","-64.0"
"PG0838","DAMAGE_STATUS_CALC","作用の術式","M_DEF","-64.0"
"PG0839","DAMAGE_STATUS_CALC","作用の術式","M_AVO","-1.0"
"PG0840","DAMAGE_STATUS_CALC","作用の術式","M_CUT_P","-1.0"
"PG0841","DAMAGE_STATUS_CALC","作用の術式","M_CUT_V","-1.0"
"PG0842","DAMAGE_STATUS_CALC","作用の術式","M_CRT_P","-1.0"
"PG0843","DAMAGE_STATUS_CALC","作用の術式","M_CRT_V","-1.0"
"PG0844","ADD_CONDITION_TIME","状態異常時間変更の術式","DEFENCE","-32.0"
"PG0845","ADD_CONDITION_TIME","状態異常時間変更の術式","AVOIDANCE","-32.0"
"PG0846","ADD_CONDITION_TIME","状態異常時間変更の術式","ESCAPED","-32.0"
"PG0847","ADD_CONDITION_TIME","状態異常時間変更の術式","REGENE","-32.0"
"PG0848","ADD_CONDITION_TIME","状態異常時間変更の術式","MOIST","-32.0"
"PG0849","ADD_CONDITION_TIME","状態異常時間変更の術式","POISON","-32.0"
"PG0850","ADD_CONDITION_TIME","状態異常時間変更の術式","FLAME","-32.0"
"PG0851","ADD_CONDITION_TIME","状態異常時間変更の術式","FROZEN","-32.0"
"PG0852","ADD_CONDITION_TIME","状態異常時間変更の術式","TREE","-32.0"
"PG0853","ADD_CONDITION_TIME","状態異常時間変更の術式","SEAL","-32.0"
"PG0854","ADD_CONDITION_TIME","状態異常時間変更の術式","SLEEP","-32.0"
"PG0855","ADD_CONDITION_TIME","状態異常時間変更の術式","SPELLING","-32.0"
"PG0856","ADD_CONDITION_TIME","状態異常時間変更の術式","PARALYS","-32.0"
"PG0857","ADD_CONDITION_TIME","状態異常時間変更の術式","CONFUSION","-32.0"
"PG0858","ADD_CONDITION_TIME","状態異常時間変更の術式","MADNESS","-32.0"
"PG0859","ADD_CONDITION_TIME","状態異常時間変更の術式","TRUE_MADNESS","-32.0"
"PG0860","ADD_CONDITION_TIME","状態異常時間変更の術式","GOLDY","-32.0"
"PG0861","ADD_CONDITION_TIME","状態異常時間変更の術式","CUT","-32.0"
"PG0862","ADD_CONDITION_TIME","状態異常時間変更の術式","DESTROY","-32.0"
"PG0863","ADD_CONDITION_TIME","状態異常時間変更の術式","DEAD","-32.0"
"PG0864","ADD_AREA","作用範囲変更の術式","64","0.0"
"PG0865","ADD_SPELL_TIME","詠唱時間変更の術式","-32","0.0"
"PG0866","CAST_COST","代償の術式","LV","-64.0"
"PG0867","CAST_COST","代償の術式","HP","-64.0"
"PG0868","CAST_COST","代償の術式","MP","-64.0"
"PG0869","CAST_COST","代償の術式","STR","-64.0"
"PG0870","CAST_COST","代償の術式","SPD","-64.0"
"PG0871","CAST_COST","代償の術式","DEX","-64.0"
"PG0872","CAST_COST","代償の術式","POW","-64.0"
"PG0873","CAST_COST","代償の術式","SAN","-64.0"
"PG0874","CAST_COST","代償の術式","MOV","-64.0"
"PG0875","CAST_COST","代償の術式","EXP","-64.0"
"PG0876","CAST_COST","代償の術式","ATK","-64.0"
"PG0877","CAST_COST","代償の術式","DEF","-64.0"
"PG0878","CAST_COST","代償の術式","M_ATK","-64.0"
"PG0879","CAST_COST","代償の術式","M_DEF","-64.0"
"PG0880","ADD_ATTRIN","属性値変更の術式","CHOP","-0.5"
"PG0881","ADD_ATTRIN","属性値変更の術式","STAB","-0.5"
"PG0882","ADD_ATTRIN","属性値変更の術式","IMPACT","-0.5"
"PG0883","ADD_ATTRIN","属性値変更の術式","FLAME","-0.5"
"PG0884","ADD_ATTRIN","属性値変更の術式","ICE","-0.5"
"PG0885","ADD_ATTRIN","属性値変更の術式","WATER","-0.5"
"PG0886","ADD_ATTRIN","属性値変更の術式","THNDER","-0.5"
"PG0887","ADD_ATTRIN","属性値変更の術式","AIR","-0.5"
"PG0888","ADD_ATTRIN","属性値変更の術式","EARTH","-0.5"
"PG0889","ADD_ATTRIN","属性値変更の術式","LIGHT","-0.5"
"PG0890","ADD_ATTRIN","属性値変更の術式","DARK","-0.5"
"PG0891","ADD_ATTRIN","属性値変更の術式","MYSTERY","-0.5"
"PG0893","ADD_ATTRIN","属性値変更の術式","NONE","-0.5"
"PG0894","ADD_ATTRIN","属性値変更の術式","POISON","-0.5"
"PG0895","ADD_ATTRIN","属性値変更の術式","FLAME","-0.5"
"PG0896","ADD_ATTRIN","属性値変更の術式","FROZEN","-0.5"
"PG0897","ADD_ATTRIN","属性値変更の術式","SEAL","-0.5"
"PG0898","ADD_ATTRIN","属性値変更の術式","SLEEP","-0.5"
"PG0899","ADD_ATTRIN","属性値変更の術式","PARALYS","-0.5"
"PG0900","ADD_ATTRIN","属性値変更の術式","CONFUSION","-0.5"
"PG0901","ADD_ATTRIN","属性値変更の術式","MADNESS","-0.5"
"PG0902","ADD_ATTRIN","属性値変更の術式","TRUE_MADNESS","-0.5"
"PG0903","ADD_ATTRIN","属性値変更の術式","GOLDY","-0.5"
"PG0904","ADD_ATTRIN","属性値変更の術式","CUT","-0.5"
"PG0905","ADD_ATTRIN","属性値変更の術式","DESTROY","-0.5"
"PG0906","ADD_ATTRIN","属性値変更の術式","DEAD","-0.5"
"PG0907","DAMAGE_STATUS_DIRECT","直接作用の術式","LV","-32.0"
"PG0908","DAMAGE_STATUS_DIRECT","直接作用の術式","HP","-32.0"
"PG0909","DAMAGE_STATUS_DIRECT","直接作用の術式","MP","-32.0"
"PG0910","DAMAGE_STATUS_DIRECT","直接作用の術式","STR","-32.0"
"PG0911","DAMAGE_STATUS_DIRECT","直接作用の術式","SPD","-32.0"
"PG0912","DAMAGE_STATUS_DIRECT","直接作用の術式","DEX","-32.0"
"PG0913","DAMAGE_STATUS_DIRECT","直接作用の術式","POW","-32.0"
"PG0914","DAMAGE_STATUS_DIRECT","直接作用の術式","SAN","-32.0"
"PG0915","DAMAGE_STATUS_DIRECT","直接作用の術式","MOV","-32.0"
"PG0916","DAMAGE_STATUS_DIRECT","直接作用の術式","EXP","-32.0"
"PG0917","DAMAGE_STATUS_DIRECT","直接作用の術式","ATK","-32.0"
"PG0918","DAMAGE_STATUS_DIRECT","直接作用の術式","DEF","-32.0"
"PG0919","DAMAGE_STATUS_DIRECT","直接作用の術式","AVO","-0.5"
"PG0920","DAMAGE_STATUS_DIRECT","直接作用の術式","CUT_P","-0.5"
"PG0921","DAMAGE_STATUS_DIRECT","直接作用の術式","CUT_V","-0.5"
"PG0922","DAMAGE_STATUS_DIRECT","直接作用の術式","CRT_P","-0.5"
"PG0923","DAMAGE_STATUS_DIRECT","直接作用の術式","CRT_V","-0.5"
"PG0924","DAMAGE_STATUS_DIRECT","直接作用の術式","M_ATK","-32.0"
"PG0925","DAMAGE_STATUS_DIRECT","直接作用の術式","M_DEF","-32.0"
"PG0926","DAMAGE_STATUS_DIRECT","直接作用の術式","M_AVO","-0.5"
"PG0927","DAMAGE_STATUS_DIRECT","直接作用の術式","M_CUT_P","-0.5"
"PG0928","DAMAGE_STATUS_DIRECT","直接作用の術式","M_CUT_V","-0.5"
"PG0929","DAMAGE_STATUS_DIRECT","直接作用の術式","M_CRT_P","-0.5"
"PG0930","DAMAGE_STATUS_DIRECT","直接作用の術式","M_CRT_V","-0.5"
"PG0931","DAMAGE_STATUS_CALC","作用の術式","LV","-32.0"
"PG0932","DAMAGE_STATUS_CALC","作用の術式","HP","-32.0"
"PG0933","DAMAGE_STATUS_CALC","作用の術式","MP","-32.0"
"PG0934","DAMAGE_STATUS_CALC","作用の術式","STR","-32.0"
"PG0935","DAMAGE_STATUS_CALC","作用の術式","SPD","-32.0"
"PG0936","DAMAGE_STATUS_CALC","作用の術式","DEX","-32.0"
"PG0937","DAMAGE_STATUS_CALC","作用の術式","POW","-32.0"
"PG0938","DAMAGE_STATUS_CALC","作用の術式","SAN","-32.0"
"PG0939","DAMAGE_STATUS_CALC","作用の術式","MOV","-32.0"
"PG0940","DAMAGE_STATUS_CALC","作用の術式","EXP","-32.0"
"PG0941","DAMAGE_STATUS_CALC","作用の術式","ATK","-32.0"
"PG0942","DAMAGE_STATUS_CALC","作用の術式","DEF","-32.0"
"PG0943","DAMAGE_STATUS_CALC","作用の術式","AVO","-0.5"
"PG0944","DAMAGE_STATUS_CALC","作用の術式","CUT_P","-0.5"
"PG0945","DAMAGE_STATUS_CALC","作用の術式","CUT_V","-0.5"
"PG0946","DAMAGE_STATUS_CALC","作用の術式","CRT_P","-0.5"
"PG0947","DAMAGE_STATUS_CALC","作用の術式","CRT_V","-0.5"
"PG0948","DAMAGE_STATUS_CALC","作用の術式","M_ATK","-32.0"
"PG0949","DAMAGE_STATUS_CALC","作用の術式","M_DEF","-32.0"
"PG0950","DAMAGE_STATUS_CALC","作用の術式","M_AVO","-0.5"
"PG0951","DAMAGE_STATUS_CALC","作用の術式","M_CUT_P","-0.5"
"PG0952","DAMAGE_STATUS_CALC","作用の術式","M_CUT_V","-0.5"
"PG0953","DAMAGE_STATUS_CALC","作用の術式","M_CRT_P","-0.5"
"PG0954","DAMAGE_STATUS_CALC","作用の術式","M_CRT_V","-0.5"
"PG0955","ADD_CONDITION_TIME","状態異常時間変更の術式","DEFENCE","-16.0"
"PG0956","ADD_CONDITION_TIME","状態異常時間変更の術式","AVOIDANCE","-16.0"
"PG0957","ADD_CONDITION_TIME","状態異常時間変更の術式","ESCAPED","-16.0"
"PG0958","ADD_CONDITION_TIME","状態異常時間変更の術式","REGENE","-16.0"
"PG0959","ADD_CONDITION_TIME","状態異常時間変更の術式","MOIST","-16.0"
"PG0960","ADD_CONDITION_TIME","状態異常時間変更の術式","POISON","-16.0"
"PG0961","ADD_CONDITION_TIME","状態異常時間変更の術式","FLAME","-16.0"
"PG0962","ADD_CONDITION_TIME","状態異常時間変更の術式","FROZEN","-16.0"
"PG0963","ADD_CONDITION_TIME","状態異常時間変更の術式","TREE","-16.0"
"PG0964","ADD_CONDITION_TIME","状態異常時間変更の術式","SEAL","-16.0"
"PG0965","ADD_CONDITION_TIME","状態異常時間変更の術式","SLEEP","-16.0"
"PG0966","ADD_CONDITION_TIME","状態異常時間変更の術式","SPELLING","-16.0"
"PG0967","ADD_CONDITION_TIME","状態異常時間変更の術式","PARALYS","-16.0"
"PG0968","ADD_CONDITION_TIME","状態異常時間変更の術式","CONFUSION","-16.0"
"PG0969","ADD_CONDITION_TIME","状態異常時間変更の術式","MADNESS","-16.0"
"PG0970","ADD_CONDITION_TIME","状態異常時間変更の術式","TRUE_MADNESS","-16.0"
"PG0971","ADD_CONDITION_TIME","状態異常時間変更の術式","GOLDY","-16.0"
"PG0972","ADD_CONDITION_TIME","状態異常時間変更の術式","CUT","-16.0"
"PG0973","ADD_CONDITION_TIME","状態異常時間変更の術式","DESTROY","-16.0"
"PG0974","ADD_CONDITION_TIME","状態異常時間変更の術式","DEAD","-16.0"
"PG0975","ADD_AREA","作用範囲変更の術式","32","0.0"
"PG0976","ADD_SPELL_TIME","詠唱時間変更の術式","-16","0.0"
"PG0977","CAST_COST","代償の術式","LV","-32.0"
"PG0978","CAST_COST","代償の術式","HP","-32.0"
"PG0979","CAST_COST","代償の術式","MP","-32.0"
"PG0980","CAST_COST","代償の術式","STR","-32.0"
"PG0981","CAST_COST","代償の術式","SPD","-32.0"
"PG0982","CAST_COST","代償の術式","DEX","-32.0"
"PG0983","CAST_COST","代償の術式","POW","-32.0"
"PG0984","CAST_COST","代償の術式","SAN","-32.0"
"PG0985","CAST_COST","代償の術式","MOV","-32.0"
"PG0986","CAST_COST","代償の術式","EXP","-32.0"
"PG0987","CAST_COST","代償の術式","ATK","-32.0"
"PG0988","CAST_COST","代償の術式","DEF","-32.0"
"PG0989","CAST_COST","代償の術式","M_ATK","-32.0"
"PG0990","CAST_COST","代償の術式","M_DEF","-32.0"
"PG0991","ADD_ATTRIN","属性値変更の術式","CHOP","-0.25"
"PG0992","ADD_ATTRIN","属性値変更の術式","STAB","-0.25"
"PG0993","ADD_ATTRIN","属性値変更の術式","IMPACT","-0.25"
"PG0994","ADD_ATTRIN","属性値変更の術式","FLAME","-0.25"
"PG0995","ADD_ATTRIN","属性値変更の術式","ICE","-0.25"
"PG0996","ADD_ATTRIN","属性値変更の術式","WATER","-0.25"
"PG0997","ADD_ATTRIN","属性値変更の術式","THNDER","-0.25"
"PG0998","ADD_ATTRIN","属性値変更の術式","AIR","-0.25"
"PG0999","ADD_ATTRIN","属性値変更の術式","EARTH","-0.25"
"PG1000","ADD_ATTRIN","属性値変更の術式","LIGHT","-0.25"
"PG1001","ADD_ATTRIN","属性値変更の術式","DARK","-0.25"
"PG1002","ADD_ATTRIN","属性値変更の術式","MYSTERY","-0.25"
"PG1004","ADD_ATTRIN","属性値変更の術式","NONE","-0.25"
"PG1005","ADD_ATTRIN","属性値変更の術式","POISON","-0.25"
"PG1006","ADD_ATTRIN","属性値変更の術式","FLAME","-0.25"
"PG1007","ADD_ATTRIN","属性値変更の術式","FROZEN","-0.25"
"PG1008","ADD_ATTRIN","属性値変更の術式","SEAL","-0.25"
"PG1009","ADD_ATTRIN","属性値変更の術式","SLEEP","-0.25"
"PG1010","ADD_ATTRIN","属性値変更の術式","PARALYS","-0.25"
"PG1011","ADD_ATTRIN","属性値変更の術式","CONFUSION","-0.25"
"PG1012","ADD_ATTRIN","属性値変更の術式","MADNESS","-0.25"
"PG1013","ADD_ATTRIN","属性値変更の術式","TRUE_MADNESS","-0.25"
"PG1014","ADD_ATTRIN","属性値変更の術式","GOLDY","-0.25"
"PG1015","ADD_ATTRIN","属性値変更の術式","CUT","-0.25"
"PG1016","ADD_ATTRIN","属性値変更の術式","DESTROY","-0.25"
"PG1017","ADD_ATTRIN","属性値変更の術式","DEAD","-0.25"
"PG1018","DAMAGE_STATUS_DIRECT","直接作用の術式","LV","-16.0"
"PG1019","DAMAGE_STATUS_DIRECT","直接作用の術式","HP","-16.0"
"PG1020","DAMAGE_STATUS_DIRECT","直接作用の術式","MP","-16.0"
"PG1021","DAMAGE_STATUS_DIRECT","直接作用の術式","STR","-16.0"
"PG1022","DAMAGE_STATUS_DIRECT","直接作用の術式","SPD","-16.0"
"PG1023","DAMAGE_STATUS_DIRECT","直接作用の術式","DEX","-16.0"
"PG1024","DAMAGE_STATUS_DIRECT","直接作用の術式","POW","-16.0"
"PG1025","DAMAGE_STATUS_DIRECT","直接作用の術式","SAN","-16.0"
"PG1026","DAMAGE_STATUS_DIRECT","直接作用の術式","MOV","-16.0"
"PG1027","DAMAGE_STATUS_DIRECT","直接作用の術式","EXP","-16.0"
"PG1028","DAMAGE_STATUS_DIRECT","直接作用の術式","ATK","-16.0"
"PG1029","DAMAGE_STATUS_DIRECT","直接作用の術式","DEF","-16.0"
"PG1030","DAMAGE_STATUS_DIRECT","直接作用の術式","AVO","-0.25"
"PG1031","DAMAGE_STATUS_DIRECT","直接作用の術式","CUT_P","-0.25"
"PG1032","DAMAGE_STATUS_DIRECT","直接作用の術式","CUT_V","-0.25"
"PG1033","DAMAGE_STATUS_DIRECT","直接作用の術式","CRT_P","-0.25"
"PG1034","DAMAGE_STATUS_DIRECT","直接作用の術式","CRT_V","-0.25"
"PG1035","DAMAGE_STATUS_DIRECT","直接作用の術式","M_ATK","-16.0"
"PG1036","DAMAGE_STATUS_DIRECT","直接作用の術式","M_DEF","-16.0"
"PG1037","DAMAGE_STATUS_DIRECT","直接作用の術式","M_AVO","-0.25"
"PG1038","DAMAGE_STATUS_DIRECT","直接作用の術式","M_CUT_P","-0.25"
"PG1039","DAMAGE_STATUS_DIRECT","直接作用の術式","M_CUT_V","-0.25"
"PG1040","DAMAGE_STATUS_DIRECT","直接作用の術式","M_CRT_P","-0.25"
"PG1041","DAMAGE_STATUS_DIRECT","直接作用の術式","M_CRT_V","-0.25"
"PG1042","DAMAGE_STATUS_CALC","作用の術式","LV","-16.0"
"PG1043","DAMAGE_STATUS_CALC","作用の術式","HP","-16.0"
"PG1044","DAMAGE_STATUS_CALC","作用の術式","MP","-16.0"
"PG1045","DAMAGE_STATUS_CALC","作用の術式","STR","-16.0"
"PG1046","DAMAGE_STATUS_CALC","作用の術式","SPD","-16.0"
"PG1047","DAMAGE_STATUS_CALC","作用の術式","DEX","-16.0"
"PG1048","DAMAGE_STATUS_CALC","作用の術式","POW","-16.0"
"PG1049","DAMAGE_STATUS_CALC","作用の術式","SAN","-16.0"
"PG1050","DAMAGE_STATUS_CALC","作用の術式","MOV","-16.0"
"PG1051","DAMAGE_STATUS_CALC","作用の術式","EXP","-16.0"
"PG1052","DAMAGE_STATUS_CALC","作用の術式","ATK","-16.0"
"PG1053","DAMAGE_STATUS_CALC","作用の術式","DEF","-16.0"
"PG1054","DAMAGE_STATUS_CALC","作用の術式","AVO","-0.25"
"PG1055","DAMAGE_STATUS_CALC","作用の術式","CUT_P","-0.25"
"PG1056","DAMAGE_STATUS_CALC","作用の術式","CUT_V","-0.25"
"PG1057","DAMAGE_STATUS_CALC","作用の術式","CRT_P","-0.25"
"PG1058","DAMAGE_STATUS_CALC","作用の術式","CRT_V","-0.25"
"PG1059","DAMAGE_STATUS_CALC","作用の術式","M_ATK","-16.0"
"PG1060","DAMAGE_STATUS_CALC","作用の術式","M_DEF","-16.0"
"PG1061","DAMAGE_STATUS_CALC","作用の術式","M_AVO","-0.25"
"PG1062","DAMAGE_STATUS_CALC","作用の術式","M_CUT_P","-0.25"
"PG1063","DAMAGE_STATUS_CALC","作用の術式","M_CUT_V","-0.25"
"PG1064","DAMAGE_STATUS_CALC","作用の術式","M_CRT_P","-0.25"
"PG1065","DAMAGE_STATUS_CALC","作用の術式","M_CRT_V","-0.25"
"PG1066","ADD_CONDITION_TIME","状態異常時間変更の術式","DEFENCE","-8.0"
"PG1067","ADD_CONDITION_TIME","状態異常時間変更の術式","AVOIDANCE","-8.0"
"PG1068","ADD_CONDITION_TIME","状態異常時間変更の術式","ESCAPED","-8.0"
"PG1069","ADD_CONDITION_TIME","状態異常時間変更の術式","REGENE","-8.0"
"PG1070","ADD_CONDITION_TIME","状態異常時間変更の術式","MOIST","-8.0"
"PG1071","ADD_CONDITION_TIME","状態異常時間変更の術式","POISON","-8.0"
"PG1072","ADD_CONDITION_TIME","状態異常時間変更の術式","FLAME","-8.0"
"PG1073","ADD_CONDITION_TIME","状態異常時間変更の術式","FROZEN","-8.0"
"PG1074","ADD_CONDITION_TIME","状態異常時間変更の術式","TREE","-8.0"
"PG1075","ADD_CONDITION_TIME","状態異常時間変更の術式","SEAL","-8.0"
"PG1076","ADD_CONDITION_TIME","状態異常時間変更の術式","SLEEP","-8.0"
"PG1077","ADD_CONDITION_TIME","状態異常時間変更の術式","SPELLING","-8.0"
"PG1078","ADD_CONDITION_TIME","状態異常時間変更の術式","PARALYS","-8.0"
"PG1079","ADD_CONDITION_TIME","状態異常時間変更の術式","CONFUSION","-8.0"
"PG1080","ADD_CONDITION_TIME","状態異常時間変更の術式","MADNESS","-8.0"
"PG1081","ADD_CONDITION_TIME","状態異常時間変更の術式","TRUE_MADNESS","-8.0"
"PG1082","ADD_CONDITION_TIME","状態異常時間変更の術式","GOLDY","-8.0"
"PG1083","ADD_CONDITION_TIME","状態異常時間変更の術式","CUT","-8.0"
"PG1084","ADD_CONDITION_TIME","状態異常時間変更の術式","DESTROY","-8.0"
"PG1085","ADD_CONDITION_TIME","状態異常時間変更の術式","DEAD","-8.0"
"PG1086","ADD_AREA","作用範囲変更の術式","16","0.0"
"PG1087","ADD_SPELL_TIME","詠唱時間変更の術式","-8","0.0"
"PG1088","CAST_COST","代償の術式","LV","-16.0"
"PG1089","CAST_COST","代償の術式","HP","-16.0"
"PG1090","CAST_COST","代償の術式","MP","-16.0"
"PG1091","CAST_COST","代償の術式","STR","-16.0"
"PG1092","CAST_COST","代償の術式","SPD","-16.0"
"PG1093","CAST_COST","代償の術式","DEX","-16.0"
"PG1094","CAST_COST","代償の術式","POW","-16.0"
"PG1095","CAST_COST","代償の術式","SAN","-16.0"
"PG1096","CAST_COST","代償の術式","MOV","-16.0"
"PG1097","CAST_COST","代償の術式","EXP","-16.0"
"PG1098","CAST_COST","代償の術式","ATK","-16.0"
"PG1099","CAST_COST","代償の術式","DEF","-16.0"
"PG1100","CAST_COST","代償の術式","M_ATK","-16.0"
"PG1101","CAST_COST","代償の術式","M_DEF","-16.0"
"PG1102","ADD_ATTRIN","属性値変更の術式","CHOP","-0.125"
"PG1103","ADD_ATTRIN","属性値変更の術式","STAB","-0.125"
"PG1104","ADD_ATTRIN","属性値変更の術式","IMPACT","-0.125"
"PG1105","ADD_ATTRIN","属性値変更の術式","FLAME","-0.125"
"PG1106","ADD_ATTRIN","属性値変更の術式","ICE","-0.125"
"PG1107","ADD_ATTRIN","属性値変更の術式","WATER","-0.125"
"PG1108","ADD_ATTRIN","属性値変更の術式","THNDER","-0.125"
"PG1109","ADD_ATTRIN","属性値変更の術式","AIR","-0.125"
"PG1110","ADD_ATTRIN","属性値変更の術式","EARTH","-0.125"
"PG1111","ADD_ATTRIN","属性値変更の術式","LIGHT","-0.125"
"PG1112","ADD_ATTRIN","属性値変更の術式","DARK","-0.125"
"PG1113","ADD_ATTRIN","属性値変更の術式","MYSTERY","-0.125"
"PG1115","ADD_ATTRIN","属性値変更の術式","NONE","-0.125"
"PG1116","ADD_ATTRIN","属性値変更の術式","POISON","-0.125"
"PG1117","ADD_ATTRIN","属性値変更の術式","FLAME","-0.125"
"PG1118","ADD_ATTRIN","属性値変更の術式","FROZEN","-0.125"
"PG1119","ADD_ATTRIN","属性値変更の術式","SEAL","-0.125"
"PG1120","ADD_ATTRIN","属性値変更の術式","SLEEP","-0.125"
"PG1121","ADD_ATTRIN","属性値変更の術式","PARALYS","-0.125"
"PG1122","ADD_ATTRIN","属性値変更の術式","CONFUSION","-0.125"
"PG1123","ADD_ATTRIN","属性値変更の術式","MADNESS","-0.125"
"PG1124","ADD_ATTRIN","属性値変更の術式","TRUE_MADNESS","-0.125"
"PG1125","ADD_ATTRIN","属性値変更の術式","GOLDY","-0.125"
"PG1126","ADD_ATTRIN","属性値変更の術式","CUT","-0.125"
"PG1127","ADD_ATTRIN","属性値変更の術式","DESTROY","-0.125"
"PG1128","ADD_ATTRIN","属性値変更の術式","DEAD","-0.125"
"PG1129","DAMAGE_STATUS_DIRECT","直接作用の術式","LV","-8.0"
"PG1130","DAMAGE_STATUS_DIRECT","直接作用の術式","HP","-8.0"
"PG1131","DAMAGE_STATUS_DIRECT","直接作用の術式","MP","-8.0"
"PG1132","DAMAGE_STATUS_DIRECT","直接作用の術式","STR","-8.0"
"PG1133","DAMAGE_STATUS_DIRECT","直接作用の術式","SPD","-8.0"
"PG1134","DAMAGE_STATUS_DIRECT","直接作用の術式","DEX","-8.0"
"PG1135","DAMAGE_STATUS_DIRECT","直接作用の術式","POW","-8.0"
"PG1136","DAMAGE_STATUS_DIRECT","直接作用の術式","SAN","-8.0"
"PG1137","DAMAGE_STATUS_DIRECT","直接作用の術式","MOV","-8.0"
"PG1138","DAMAGE_STATUS_DIRECT","直接作用の術式","EXP","-8.0"
"PG1139","DAMAGE_STATUS_DIRECT","直接作用の術式","ATK","-8.0"
"PG1140","DAMAGE_STATUS_DIRECT","直接作用の術式","DEF","-8.0"
"PG1141","DAMAGE_STATUS_DIRECT","直接作用の術式","AVO","-0.125"
"PG1142","DAMAGE_STATUS_DIRECT","直接作用の術式","CUT_P","-0.125"
"PG1143","DAMAGE_STATUS_DIRECT","直接作用の術式","CUT_V","-0.125"
"PG1144","DAMAGE_STATUS_DIRECT","直接作用の術式","CRT_P","-0.125"
"PG1145","DAMAGE_STATUS_DIRECT","直接作用の術式","CRT_V","-0.125"
"PG1146","DAMAGE_STATUS_DIRECT","直接作用の術式","M_ATK","-8.0"
"PG1147","DAMAGE_STATUS_DIRECT","直接作用の術式","M_DEF","-8.0"
"PG1148","DAMAGE_STATUS_DIRECT","直接作用の術式","M_AVO","-0.125"
"PG1149","DAMAGE_STATUS_DIRECT","直接作用の術式","M_CUT_P","-0.125"
"PG1150","DAMAGE_STATUS_DIRECT","直接作用の術式","M_CUT_V","-0.125"
"PG1151","DAMAGE_STATUS_DIRECT","直接作用の術式","M_CRT_P","-0.125"
"PG1152","DAMAGE_STATUS_DIRECT","直接作用の術式","M_CRT_V","-0.125"
"PG1153","DAMAGE_STATUS_CALC","作用の術式","LV","-8.0"
"PG1154","DAMAGE_STATUS_CALC","作用の術式","HP","-8.0"
"PG1155","DAMAGE_STATUS_CALC","作用の術式","MP","-8.0"
"PG1156","DAMAGE_STATUS_CALC","作用の術式","STR","-8.0"
"PG1157","DAMAGE_STATUS_CALC","作用の術式","SPD","-8.0"
"PG1158","DAMAGE_STATUS_CALC","作用の術式","DEX","-8.0"
"PG1159","DAMAGE_STATUS_CALC","作用の術式","POW","-8.0"
"PG1160","DAMAGE_STATUS_CALC","作用の術式","SAN","-8.0"
"PG1161","DAMAGE_STATUS_CALC","作用の術式","MOV","-8.0"
"PG1162","DAMAGE_STATUS_CALC","作用の術式","EXP","-8.0"
"PG1163","DAMAGE_STATUS_CALC","作用の術式","ATK","-8.0"
"PG1164","DAMAGE_STATUS_CALC","作用の術式","DEF","-8.0"
"PG1165","DAMAGE_STATUS_CALC","作用の術式","AVO","-0.125"
"PG1166","DAMAGE_STATUS_CALC","作用の術式","CUT_P","-0.125"
"PG1167","DAMAGE_STATUS_CALC","作用の術式","CUT_V","-0.125"
"PG1168","DAMAGE_STATUS_CALC","作用の術式","CRT_P","-0.125"
"PG1169","DAMAGE_STATUS_CALC","作用の術式","CRT_V","-0.125"
"PG1170","DAMAGE_STATUS_CALC","作用の術式","M_ATK","-8.0"
"PG1171","DAMAGE_STATUS_CALC","作用の術式","M_DEF","-8.0"
"PG1172","DAMAGE_STATUS_CALC","作用の術式","M_AVO","-0.125"
"PG1173","DAMAGE_STATUS_CALC","作用の術式","M_CUT_P","-0.125"
"PG1174","DAMAGE_STATUS_CALC","作用の術式","M_CUT_V","-0.125"
"PG1175","DAMAGE_STATUS_CALC","作用の術式","M_CRT_P","-0.125"
"PG1176","DAMAGE_STATUS_CALC","作用の術式","M_CRT_V","-0.125"
"PG1177","ADD_CONDITION_TIME","状態異常時間変更の術式","DEFENCE","-4.0"
"PG1178","ADD_CONDITION_TIME","状態異常時間変更の術式","AVOIDANCE","-4.0"
"PG1179","ADD_CONDITION_TIME","状態異常時間変更の術式","ESCAPED","-4.0"
"PG1180","ADD_CONDITION_TIME","状態異常時間変更の術式","REGENE","-4.0"
"PG1181","ADD_CONDITION_TIME","状態異常時間変更の術式","MOIST","-4.0"
"PG1182","ADD_CONDITION_TIME","状態異常時間変更の術式","POISON","-4.0"
"PG1183","ADD_CONDITION_TIME","状態異常時間変更の術式","FLAME","-4.0"
"PG1184","ADD_CONDITION_TIME","状態異常時間変更の術式","FROZEN","-4.0"
"PG1185","ADD_CONDITION_TIME","状態異常時間変更の術式","TREE","-4.0"
"PG1186","ADD_CONDITION_TIME","状態異常時間変更の術式","SEAL","-4.0"
"PG1187","ADD_CONDITION_TIME","状態異常時間変更の術式","SLEEP","-4.0"
"PG1188","ADD_CONDITION_TIME","状態異常時間変更の術式","SPELLING","-4.0"
"PG1189","ADD_CONDITION_TIME","状態異常時間変更の術式","PARALYS","-4.0"
"PG1190","ADD_CONDITION_TIME","状態異常時間変更の術式","CONFUSION","-4.0"
"PG1191","ADD_CONDITION_TIME","状態異常時間変更の術式","MADNESS","-4.0"
"PG1192","ADD_CONDITION_TIME","状態異常時間変更の術式","TRUE_MADNESS","-4.0"
"PG1193","ADD_CONDITION_TIME","状態異常時間変更の術式","GOLDY","-4.0"
"PG1194","ADD_CONDITION_TIME","状態異常時間変更の術式","CUT","-4.0"
"PG1195","ADD_CONDITION_TIME","状態異常時間変更の術式","DESTROY","-4.0"
"PG1196","ADD_CONDITION_TIME","状態異常時間変更の術式","DEAD","-4.0"
"PG1197","ADD_AREA","作用範囲変更の術式","8","0.0"
"PG1198","ADD_SPELL_TIME","詠唱時間変更の術式","-4","0.0"
"PG1199","CAST_COST","代償の術式","LV","-8.0"
"PG1200","CAST_COST","代償の術式","HP","-8.0"
"PG1201","CAST_COST","代償の術式","MP","-8.0"
"PG1202","CAST_COST","代償の術式","STR","-8.0"
"PG1203","CAST_COST","代償の術式","SPD","-8.0"
"PG1204","CAST_COST","代償の術式","DEX","-8.0"
"PG1205","CAST_COST","代償の術式","POW","-8.0"
"PG1206","CAST_COST","代償の術式","SAN","-8.0"
"PG1207","CAST_COST","代償の術式","MOV","-8.0"
"PG1208","CAST_COST","代償の術式","EXP","-8.0"
"PG1209","CAST_COST","代償の術式","ATK","-8.0"
"PG1210","CAST_COST","代償の術式","DEF","-8.0"
"PG1211","CAST_COST","代償の術式","M_ATK","-8.0"
"PG1212","CAST_COST","代償の術式","M_DEF","-8.0"
"PG1213","ADD_ATTRIN","属性値変更の術式","CHOP","-0.0625"
"PG1214","ADD_ATTRIN","属性値変更の術式","STAB","-0.0625"
"PG1215","ADD_ATTRIN","属性値変更の術式","IMPACT","-0.0625"
"PG1216","ADD_ATTRIN","属性値変更の術式","FLAME","-0.0625"
"PG1217","ADD_ATTRIN","属性値変更の術式","ICE","-0.0625"
"PG1218","ADD_ATTRIN","属性値変更の術式","WATER","-0.0625"
"PG1219","ADD_ATTRIN","属性値変更の術式","THNDER","-0.0625"
"PG1220","ADD_ATTRIN","属性値変更の術式","AIR","-0.0625"
"PG1221","ADD_ATTRIN","属性値変更の術式","EARTH","-0.0625"
"PG1222","ADD_ATTRIN","属性値変更の術式","LIGHT","-0.0625"
"PG1223","ADD_ATTRIN","属性値変更の術式","DARK","-0.0625"
"PG1224","ADD_ATTRIN","属性値変更の術式","MYSTERY","-0.0625"
"PG1226","ADD_ATTRIN","属性値変更の術式","NONE","-0.0625"
"PG1227","ADD_ATTRIN","属性値変更の術式","POISON","-0.0625"
"PG1228","ADD_ATTRIN","属性値変更の術式","FLAME","-0.0625"
"PG1229","ADD_ATTRIN","属性値変更の術式","FROZEN","-0.0625"
"PG1230","ADD_ATTRIN","属性値変更の術式","SEAL","-0.0625"
"PG1231","ADD_ATTRIN","属性値変更の術式","SLEEP","-0.0625"
"PG1232","ADD_ATTRIN","属性値変更の術式","PARALYS","-0.0625"
"PG1233","ADD_ATTRIN","属性値変更の術式","CONFUSION","-0.0625"
"PG1234","ADD_ATTRIN","属性値変更の術式","MADNESS","-0.0625"
"PG1235","ADD_ATTRIN","属性値変更の術式","TRUE_MADNESS","-0.0625"
"PG1236","ADD_ATTRIN","属性値変更の術式","GOLDY","-0.0625"
"PG1237","ADD_ATTRIN","属性値変更の術式","CUT","-0.0625"
"PG1238","ADD_ATTRIN","属性値変更の術式","DESTROY","-0.0625"
"PG1239","ADD_ATTRIN","属性値変更の術式","DEAD","-0.0625"
"PG1240","DAMAGE_STATUS_DIRECT","直接作用の術式","LV","-4.0"
"PG1241","DAMAGE_STATUS_DIRECT","直接作用の術式","HP","-4.0"
"PG1242","DAMAGE_STATUS_DIRECT","直接作用の術式","MP","-4.0"
"PG1243","DAMAGE_STATUS_DIRECT","直接作用の術式","STR","-4.0"
"PG1244","DAMAGE_STATUS_DIRECT","直接作用の術式","SPD","-4.0"
"PG1245","DAMAGE_STATUS_DIRECT","直接作用の術式","DEX","-4.0"
"PG1246","DAMAGE_STATUS_DIRECT","直接作用の術式","POW","-4.0"
"PG1247","DAMAGE_STATUS_DIRECT","直接作用の術式","SAN","-4.0"
"PG1248","DAMAGE_STATUS_DIRECT","直接作用の術式","MOV","-4.0"
"PG1249","DAMAGE_STATUS_DIRECT","直接作用の術式","EXP","-4.0"
"PG1250","DAMAGE_STATUS_DIRECT","直接作用の術式","ATK","-4.0"
"PG1251","DAMAGE_STATUS_DIRECT","直接作用の術式","DEF","-4.0"
"PG1252","DAMAGE_STATUS_DIRECT","直接作用の術式","AVO","-0.0625"
"PG1253","DAMAGE_STATUS_DIRECT","直接作用の術式","CUT_P","-0.0625"
"PG1254","DAMAGE_STATUS_DIRECT","直接作用の術式","CUT_V","-0.0625"
"PG1255","DAMAGE_STATUS_DIRECT","直接作用の術式","CRT_P","-0.0625"
"PG1256","DAMAGE_STATUS_DIRECT","直接作用の術式","CRT_V","-0.0625"
"PG1257","DAMAGE_STATUS_DIRECT","直接作用の術式","M_ATK","-4.0"
"PG1258","DAMAGE_STATUS_DIRECT","直接作用の術式","M_DEF","-4.0"
"PG1259","DAMAGE_STATUS_DIRECT","直接作用の術式","M_AVO","-0.0625"
"PG1260","DAMAGE_STATUS_DIRECT","直接作用の術式","M_CUT_P","-0.0625"
"PG1261","DAMAGE_STATUS_DIRECT","直接作用の術式","M_CUT_V","-0.0625"
"PG1262","DAMAGE_STATUS_DIRECT","直接作用の術式","M_CRT_P","-0.0625"
"PG1263","DAMAGE_STATUS_DIRECT","直接作用の術式","M_CRT_V","-0.0625"
"PG1264","DAMAGE_STATUS_CALC","作用の術式","LV","-4.0"
"PG1265","DAMAGE_STATUS_CALC","作用の術式","HP","-4.0"
"PG1266","DAMAGE_STATUS_CALC","作用の術式","MP","-4.0"
"PG1267","DAMAGE_STATUS_CALC","作用の術式","STR","-4.0"
"PG1268","DAMAGE_STATUS_CALC","作用の術式","SPD","-4.0"
"PG1269","DAMAGE_STATUS_CALC","作用の術式","DEX","-4.0"
"PG1270","DAMAGE_STATUS_CALC","作用の術式","POW","-4.0"
"PG1271","DAMAGE_STATUS_CALC","作用の術式","SAN","-4.0"
"PG1272","DAMAGE_STATUS_CALC","作用の術式","MOV","-4.0"
"PG1273","DAMAGE_STATUS_CALC","作用の術式","EXP","-4.0"
"PG1274","DAMAGE_STATUS_CALC","作用の術式","ATK","-4.0"
"PG1275","DAMAGE_STATUS_CALC","作用の術式","DEF","-4.0"
"PG1276","DAMAGE_STATUS_CALC","作用の術式","AVO","-0.0625"
"PG1277","DAMAGE_STATUS_CALC","作用の術式","CUT_P","-0.0625"
"PG1278","DAMAGE_STATUS_CALC","作用の術式","CUT_V","-0.0625"
"PG1279","DAMAGE_STATUS_CALC","作用の術式","CRT_P","-0.0625"
"PG1280","DAMAGE_STATUS_CALC","作用の術式","CRT_V","-0.0625"
"PG1281","DAMAGE_STATUS_CALC","作用の術式","M_ATK","-4.0"
"PG1282","DAMAGE_STATUS_CALC","作用の術式","M_DEF","-4.0"
"PG1283","DAMAGE_STATUS_CALC","作用の術式","M_AVO","-0.0625"
"PG1284","DAMAGE_STATUS_CALC","作用の術式","M_CUT_P","-0.0625"
"PG1285","DAMAGE_STATUS_CALC","作用の術式","M_CUT_V","-0.0625"
"PG1286","DAMAGE_STATUS_CALC","作用の術式","M_CRT_P","-0.0625"
"PG1287","DAMAGE_STATUS_CALC","作用の術式","M_CRT_V","-0.0625"
"PG1288","ADD_CONDITION_TIME","状態異常時間変更の術式","DEFENCE","-2.0"
"PG1289","ADD_CONDITION_TIME","状態異常時間変更の術式","AVOIDANCE","-2.0"
"PG1290","ADD_CONDITION_TIME","状態異常時間変更の術式","ESCAPED","-2.0"
"PG1291","ADD_CONDITION_TIME","状態異常時間変更の術式","REGENE","-2.0"
"PG1292","ADD_CONDITION_TIME","状態異常時間変更の術式","MOIST","-2.0"
"PG1293","ADD_CONDITION_TIME","状態異常時間変更の術式","POISON","-2.0"
"PG1294","ADD_CONDITION_TIME","状態異常時間変更の術式","FLAME","-2.0"
"PG1295","ADD_CONDITION_TIME","状態異常時間変更の術式","FROZEN","-2.0"
"PG1296","ADD_CONDITION_TIME","状態異常時間変更の術式","TREE","-2.0"
"PG1297","ADD_CONDITION_TIME","状態異常時間変更の術式","SEAL","-2.0"
"PG1298","ADD_CONDITION_TIME","状態異常時間変更の術式","SLEEP","-2.0"
"PG1299","ADD_CONDITION_TIME","状態異常時間変更の術式","SPELLING","-2.0"
"PG1300","ADD_CONDITION_TIME","状態異常時間変更の術式","PARALYS","-2.0"
"PG1301","ADD_CONDITION_TIME","状態異常時間変更の術式","CONFUSION","-2.0"
"PG1302","ADD_CONDITION_TIME","状態異常時間変更の術式","MADNESS","-2.0"
"PG1303","ADD_CONDITION_TIME","状態異常時間変更の術式","TRUE_MADNESS","-2.0"
"PG1304","ADD_CONDITION_TIME","状態異常時間変更の術式","GOLDY","-2.0"
"PG1305","ADD_CONDITION_TIME","状態異常時間変更の術式","CUT","-2.0"
"PG1306","ADD_CONDITION_TIME","状態異常時間変更の術式","DESTROY","-2.0"
"PG1307","ADD_CONDITION_TIME","状態異常時間変更の術式","DEAD","-2.0"
"PG1308","ADD_AREA","作用範囲変更の術式","4","0.0"
"PG1309","ADD_SPELL_TIME","詠唱時間変更の術式","-2","0.0"
"PG1310","CAST_COST","代償の術式","LV","-4.0"
"PG1311","CAST_COST","代償の術式","HP","-4.0"
"PG1312","CAST_COST","代償の術式","MP","-4.0"
"PG1313","CAST_COST","代償の術式","STR","-4.0"
"PG1314","CAST_COST","代償の術式","SPD","-4.0"
"PG1315","CAST_COST","代償の術式","DEX","-4.0"
"PG1316","CAST_COST","代償の術式","POW","-4.0"
"PG1317","CAST_COST","代償の術式","SAN","-4.0"
"PG1318","CAST_COST","代償の術式","MOV","-4.0"
"PG1319","CAST_COST","代償の術式","EXP","-4.0"
"PG1320","CAST_COST","代償の術式","ATK","-4.0"
"PG1321","CAST_COST","代償の術式","DEF","-4.0"
"PG1322","CAST_COST","代償の術式","M_ATK","-4.0"
"PG1323","CAST_COST","代償の術式","M_DEF","-4.0"
"PG1324","ADD_ATTRIN","属性値変更の術式","CHOP","-0.03125"
"PG1325","ADD_ATTRIN","属性値変更の術式","STAB","-0.03125"
"PG1326","ADD_ATTRIN","属性値変更の術式","IMPACT","-0.03125"
"PG1327","ADD_ATTRIN","属性値変更の術式","FLAME","-0.03125"
"PG1328","ADD_ATTRIN","属性値変更の術式","ICE","-0.03125"
"PG1329","ADD_ATTRIN","属性値変更の術式","WATER","-0.03125"
"PG1330","ADD_ATTRIN","属性値変更の術式","THNDER","-0.03125"
"PG1331","ADD_ATTRIN","属性値変更の術式","AIR","-0.03125"
"PG1332","ADD_ATTRIN","属性値変更の術式","EARTH","-0.03125"
"PG1333","ADD_ATTRIN","属性値変更の術式","LIGHT","-0.03125"
"PG1334","ADD_ATTRIN","属性値変更の術式","DARK","-0.03125"
"PG1335","ADD_ATTRIN","属性値変更の術式","MYSTERY","-0.03125"
"PG1337","ADD_ATTRIN","属性値変更の術式","NONE","-0.03125"
"PG1338","ADD_ATTRIN","属性値変更の術式","POISON","-0.03125"
"PG1339","ADD_ATTRIN","属性値変更の術式","FLAME","-0.03125"
"PG1340","ADD_ATTRIN","属性値変更の術式","FROZEN","-0.03125"
"PG1341","ADD_ATTRIN","属性値変更の術式","SEAL","-0.03125"
"PG1342","ADD_ATTRIN","属性値変更の術式","SLEEP","-0.03125"
"PG1343","ADD_ATTRIN","属性値変更の術式","PARALYS","-0.03125"
"PG1344","ADD_ATTRIN","属性値変更の術式","CONFUSION","-0.03125"
"PG1345","ADD_ATTRIN","属性値変更の術式","MADNESS","-0.03125"
"PG1346","ADD_ATTRIN","属性値変更の術式","TRUE_MADNESS","-0.03125"
"PG1347","ADD_ATTRIN","属性値変更の術式","GOLDY","-0.03125"
"PG1348","ADD_ATTRIN","属性値変更の術式","CUT","-0.03125"
"PG1349","ADD_ATTRIN","属性値変更の術式","DESTROY","-0.03125"
"PG1350","ADD_ATTRIN","属性値変更の術式","DEAD","-0.03125"
"PG1351","DAMAGE_STATUS_DIRECT","直接作用の術式","LV","-2.0"
"PG1352","DAMAGE_STATUS_DIRECT","直接作用の術式","HP","-2.0"
"PG1353","DAMAGE_STATUS_DIRECT","直接作用の術式","MP","-2.0"
"PG1354","DAMAGE_STATUS_DIRECT","直接作用の術式","STR","-2.0"
"PG1355","DAMAGE_STATUS_DIRECT","直接作用の術式","SPD","-2.0"
"PG1356","DAMAGE_STATUS_DIRECT","直接作用の術式","DEX","-2.0"
"PG1357","DAMAGE_STATUS_DIRECT","直接作用の術式","POW","-2.0"
"PG1358","DAMAGE_STATUS_DIRECT","直接作用の術式","SAN","-2.0"
"PG1359","DAMAGE_STATUS_DIRECT","直接作用の術式","MOV","-2.0"
"PG1360","DAMAGE_STATUS_DIRECT","直接作用の術式","EXP","-2.0"
"PG1361","DAMAGE_STATUS_DIRECT","直接作用の術式","ATK","-2.0"
"PG1362","DAMAGE_STATUS_DIRECT","直接作用の術式","DEF","-2.0"
"PG1363","DAMAGE_STATUS_DIRECT","直接作用の術式","AVO","-0.03125"
"PG1364","DAMAGE_STATUS_DIRECT","直接作用の術式","CUT_P","-0.03125"
"PG1365","DAMAGE_STATUS_DIRECT","直接作用の術式","CUT_V","-0.03125"
"PG1366","DAMAGE_STATUS_DIRECT","直接作用の術式","CRT_P","-0.03125"
"PG1367","DAMAGE_STATUS_DIRECT","直接作用の術式","CRT_V","-0.03125"
"PG1368","DAMAGE_STATUS_DIRECT","直接作用の術式","M_ATK","-2.0"
"PG1369","DAMAGE_STATUS_DIRECT","直接作用の術式","M_DEF","-2.0"
"PG1370","DAMAGE_STATUS_DIRECT","直接作用の術式","M_AVO","-0.03125"
"PG1371","DAMAGE_STATUS_DIRECT","直接作用の術式","M_CUT_P","-0.03125"
"PG1372","DAMAGE_STATUS_DIRECT","直接作用の術式","M_CUT_V","-0.03125"
"PG1373","DAMAGE_STATUS_DIRECT","直接作用の術式","M_CRT_P","-0.03125"
"PG1374","DAMAGE_STATUS_DIRECT","直接作用の術式","M_CRT_V","-0.03125"
"PG1375","DAMAGE_STATUS_CALC","作用の術式","LV","-2.0"
"PG1376","DAMAGE_STATUS_CALC","作用の術式","HP","-2.0"
"PG1377","DAMAGE_STATUS_CALC","作用の術式","MP","-2.0"
"PG1378","DAMAGE_STATUS_CALC","作用の術式","STR","-2.0"
"PG1379","DAMAGE_STATUS_CALC","作用の術式","SPD","-2.0"
"PG1380","DAMAGE_STATUS_CALC","作用の術式","DEX","-2.0"
"PG1381","DAMAGE_STATUS_CALC","作用の術式","POW","-2.0"
"PG1382","DAMAGE_STATUS_CALC","作用の術式","SAN","-2.0"
"PG1383","DAMAGE_STATUS_CALC","作用の術式","MOV","-2.0"
"PG1384","DAMAGE_STATUS_CALC","作用の術式","EXP","-2.0"
"PG1385","DAMAGE_STATUS_CALC","作用の術式","ATK","-2.0"
"PG1386","DAMAGE_STATUS_CALC","作用の術式","DEF","-2.0"
"PG1387","DAMAGE_STATUS_CALC","作用の術式","AVO","-0.03125"
"PG1388","DAMAGE_STATUS_CALC","作用の術式","CUT_P","-0.03125"
"PG1389","DAMAGE_STATUS_CALC","作用の術式","CUT_V","-0.03125"
"PG1390","DAMAGE_STATUS_CALC","作用の術式","CRT_P","-0.03125"
"PG1391","DAMAGE_STATUS_CALC","作用の術式","CRT_V","-0.03125"
"PG1392","DAMAGE_STATUS_CALC","作用の術式","M_ATK","-2.0"
"PG1393","DAMAGE_STATUS_CALC","作用の術式","M_DEF","-2.0"
"PG1394","DAMAGE_STATUS_CALC","作用の術式","M_AVO","-0.03125"
"PG1395","DAMAGE_STATUS_CALC","作用の術式","M_CUT_P","-0.03125"
"PG1396","DAMAGE_STATUS_CALC","作用の術式","M_CUT_V","-0.03125"
"PG1397","DAMAGE_STATUS_CALC","作用の術式","M_CRT_P","-0.03125"
"PG1398","DAMAGE_STATUS_CALC","作用の術式","M_CRT_V","-0.03125"
"PG1399","ADD_CONDITION_TIME","状態異常時間変更の術式","DEFENCE","-1.0"
"PG1400","ADD_CONDITION_TIME","状態異常時間変更の術式","AVOIDANCE","-1.0"
"PG1401","ADD_CONDITION_TIME","状態異常時間変更の術式","ESCAPED","-1.0"
"PG1402","ADD_CONDITION_TIME","状態異常時間変更の術式","REGENE","-1.0"
"PG1403","ADD_CONDITION_TIME","状態異常時間変更の術式","MOIST","-1.0"
"PG1404","ADD_CONDITION_TIME","状態異常時間変更の術式","POISON","-1.0"
"PG1405","ADD_CONDITION_TIME","状態異常時間変更の術式","FLAME","-1.0"
"PG1406","ADD_CONDITION_TIME","状態異常時間変更の術式","FROZEN","-1.0"
"PG1407","ADD_CONDITION_TIME","状態異常時間変更の術式","TREE","-1.0"
"PG1408","ADD_CONDITION_TIME","状態異常時間変更の術式","SEAL","-1.0"
"PG1409","ADD_CONDITION_TIME","状態異常時間変更の術式","SLEEP","-1.0"
"PG1410","ADD_CONDITION_TIME","状態異常時間変更の術式","SPELLING","-1.0"
"PG1411","ADD_CONDITION_TIME","状態異常時間変更の術式","PARALYS","-1.0"
"PG1412","ADD_CONDITION_TIME","状態異常時間変更の術式","CONFUSION","-1.0"
"PG1413","ADD_CONDITION_TIME","状態異常時間変更の術式","MADNESS","-1.0"
"PG1414","ADD_CONDITION_TIME","状態異常時間変更の術式","TRUE_MADNESS","-1.0"
"PG1415","ADD_CONDITION_TIME","状態異常時間変更の術式","GOLDY","-1.0"
"PG1416","ADD_CONDITION_TIME","状態異常時間変更の術式","CUT","-1.0"
"PG1417","ADD_CONDITION_TIME","状態異常時間変更の術式","DESTROY","-1.0"
"PG1418","ADD_CONDITION_TIME","状態異常時間変更の術式","DEAD","-1.0"
"PG1419","ADD_AREA","作用範囲変更の術式","2","0.0"
"PG1420","ADD_SPELL_TIME","詠唱時間変更の術式","-1","0.0"
"PG1421","CAST_COST","代償の術式","LV","-2.0"
"PG1422","CAST_COST","代償の術式","HP","-2.0"
"PG1423","CAST_COST","代償の術式","MP","-2.0"
"PG1424","CAST_COST","代償の術式","STR","-2.0"
"PG1425","CAST_COST","代償の術式","SPD","-2.0"
"PG1426","CAST_COST","代償の術式","DEX","-2.0"
"PG1427","CAST_COST","代償の術式","POW","-2.0"
"PG1428","CAST_COST","代償の術式","SAN","-2.0"
"PG1429","CAST_COST","代償の術式","MOV","-2.0"
"PG1430","CAST_COST","代償の術式","EXP","-2.0"
"PG1431","CAST_COST","代償の術式","ATK","-2.0"
"PG1432","CAST_COST","代償の術式","DEF","-2.0"
"PG1433","CAST_COST","代償の術式","M_ATK","-2.0"
"PG1434","CAST_COST","代償の術式","M_DEF","-2.0"
"PG1435","ADD_ATTRIN","属性値変更の術式","CHOP","-0.015625"
"PG1436","ADD_ATTRIN","属性値変更の術式","STAB","-0.015625"
"PG1437","ADD_ATTRIN","属性値変更の術式","IMPACT","-0.015625"
"PG1438","ADD_ATTRIN","属性値変更の術式","FLAME","-0.015625"
"PG1439","ADD_ATTRIN","属性値変更の術式","ICE","-0.015625"
"PG1440","ADD_ATTRIN","属性値変更の術式","WATER","-0.015625"
"PG1441","ADD_ATTRIN","属性値変更の術式","THNDER","-0.015625"
"PG1442","ADD_ATTRIN","属性値変更の術式","AIR","-0.015625"
"PG1443","ADD_ATTRIN","属性値変更の術式","EARTH","-0.015625"
"PG1444","ADD_ATTRIN","属性値変更の術式","LIGHT","-0.015625"
"PG1445","ADD_ATTRIN","属性値変更の術式","DARK","-0.015625"
"PG1446","ADD_ATTRIN","属性値変更の術式","MYSTERY","-0.015625"
"PG1448","ADD_ATTRIN","属性値変更の術式","NONE","-0.015625"
"PG1449","ADD_ATTRIN","属性値変更の術式","POISON","-0.015625"
"PG1450","ADD_ATTRIN","属性値変更の術式","FLAME","-0.015625"
"PG1451","ADD_ATTRIN","属性値変更の術式","FROZEN","-0.015625"
"PG1452","ADD_ATTRIN","属性値変更の術式","SEAL","-0.015625"
"PG1453","ADD_ATTRIN","属性値変更の術式","SLEEP","-0.015625"
"PG1454","ADD_ATTRIN","属性値変更の術式","PARALYS","-0.015625"
"PG1455","ADD_ATTRIN","属性値変更の術式","CONFUSION","-0.015625"
"PG1456","ADD_ATTRIN","属性値変更の術式","MADNESS","-0.015625"
"PG1457","ADD_ATTRIN","属性値変更の術式","TRUE_MADNESS","-0.015625"
"PG1458","ADD_ATTRIN","属性値変更の術式","GOLDY","-0.015625"
"PG1459","ADD_ATTRIN","属性値変更の術式","CUT","-0.015625"
"PG1460","ADD_ATTRIN","属性値変更の術式","DESTROY","-0.015625"
"PG1461","ADD_ATTRIN","属性値変更の術式","DEAD","-0.015625"
"PG1462","DAMAGE_STATUS_DIRECT","直接作用の術式","LV","-1.0"
"PG1463","DAMAGE_STATUS_DIRECT","直接作用の術式","HP","-1.0"
"PG1464","DAMAGE_STATUS_DIRECT","直接作用の術式","MP","-1.0"
"PG1465","DAMAGE_STATUS_DIRECT","直接作用の術式","STR","-1.0"
"PG1466","DAMAGE_STATUS_DIRECT","直接作用の術式","SPD","-1.0"
"PG1467","DAMAGE_STATUS_DIRECT","直接作用の術式","DEX","-1.0"
"PG1468","DAMAGE_STATUS_DIRECT","直接作用の術式","POW","-1.0"
"PG1469","DAMAGE_STATUS_DIRECT","直接作用の術式","SAN","-1.0"
"PG1470","DAMAGE_STATUS_DIRECT","直接作用の術式","MOV","-1.0"
"PG1471","DAMAGE_STATUS_DIRECT","直接作用の術式","EXP","-1.0"
"PG1472","DAMAGE_STATUS_DIRECT","直接作用の術式","ATK","-1.0"
"PG1473","DAMAGE_STATUS_DIRECT","直接作用の術式","DEF","-1.0"
"PG1474","DAMAGE_STATUS_DIRECT","直接作用の術式","AVO","-0.015625"
"PG1475","DAMAGE_STATUS_DIRECT","直接作用の術式","CUT_P","-0.015625"
"PG1476","DAMAGE_STATUS_DIRECT","直接作用の術式","CUT_V","-0.015625"
"PG1477","DAMAGE_STATUS_DIRECT","直接作用の術式","CRT_P","-0.015625"
"PG1478","DAMAGE_STATUS_DIRECT","直接作用の術式","CRT_V","-0.015625"
"PG1479","DAMAGE_STATUS_DIRECT","直接作用の術式","M_ATK","-1.0"
"PG1480","DAMAGE_STATUS_DIRECT","直接作用の術式","M_DEF","-1.0"
"PG1481","DAMAGE_STATUS_DIRECT","直接作用の術式","M_AVO","-0.015625"
"PG1482","DAMAGE_STATUS_DIRECT","直接作用の術式","M_CUT_P","-0.015625"
"PG1483","DAMAGE_STATUS_DIRECT","直接作用の術式","M_CUT_V","-0.015625"
"PG1484","DAMAGE_STATUS_DIRECT","直接作用の術式","M_CRT_P","-0.015625"
"PG1485","DAMAGE_STATUS_DIRECT","直接作用の術式","M_CRT_V","-0.015625"
"PG1486","DAMAGE_STATUS_CALC","作用の術式","LV","-1.0"
"PG1487","DAMAGE_STATUS_CALC","作用の術式","HP","-1.0"
"PG1488","DAMAGE_STATUS_CALC","作用の術式","MP","-1.0"
"PG1489","DAMAGE_STATUS_CALC","作用の術式","STR","-1.0"
"PG1490","DAMAGE_STATUS_CALC","作用の術式","SPD","-1.0"
"PG1491","DAMAGE_STATUS_CALC","作用の術式","DEX","-1.0"
"PG1492","DAMAGE_STATUS_CALC","作用の術式","POW","-1.0"
"PG1493","DAMAGE_STATUS_CALC","作用の術式","SAN","-1.0"
"PG1494","DAMAGE_STATUS_CALC","作用の術式","MOV","-1.0"
"PG1495","DAMAGE_STATUS_CALC","作用の術式","EXP","-1.0"
"PG1496","DAMAGE_STATUS_CALC","作用の術式","ATK","-1.0"
"PG1497","DAMAGE_STATUS_CALC","作用の術式","DEF","-1.0"
"PG1498","DAMAGE_STATUS_CALC","作用の術式","AVO","-0.015625"
"PG1499","DAMAGE_STATUS_CALC","作用の術式","CUT_P","-0.015625"
"PG1500","DAMAGE_STATUS_CALC","作用の術式","CUT_V","-0.015625"
"PG1501","DAMAGE_STATUS_CALC","作用の術式","CRT_P","-0.015625"
"PG1502","DAMAGE_STATUS_CALC","作用の術式","CRT_V","-0.015625"
"PG1503","DAMAGE_STATUS_CALC","作用の術式","M_ATK","-1.0"
"PG1504","DAMAGE_STATUS_CALC","作用の術式","M_DEF","-1.0"
"PG1505","DAMAGE_STATUS_CALC","作用の術式","M_AVO","-0.015625"
"PG1506","DAMAGE_STATUS_CALC","作用の術式","M_CUT_P","-0.015625"
"PG1507","DAMAGE_STATUS_CALC","作用の術式","M_CUT_V","-0.015625"
"PG1508","DAMAGE_STATUS_CALC","作用の術式","M_CRT_P","-0.015625"
"PG1509","DAMAGE_STATUS_CALC","作用の術式","M_CRT_V","-0.015625"
"PG1510","ADD_AREA","作用範囲変更の術式","1","0.0"
"PG1511","CAST_COST","代償の術式","LV","-1.0"
"PG1512","CAST_COST","代償の術式","HP","-1.0"
"PG1513","CAST_COST","代償の術式","MP","-1.0"
"PG1514","CAST_COST","代償の術式","STR","-1.0"
"PG1515","CAST_COST","代償の術式","SPD","-1.0"
"PG1516","CAST_COST","代償の術式","DEX","-1.0"
"PG1517","CAST_COST","代償の術式","POW","-1.0"
"PG1518","CAST_COST","代償の術式","SAN","-1.0"
"PG1519","CAST_COST","代償の術式","MOV","-1.0"
"PG1520","CAST_COST","代償の術式","EXP","-1.0"
"PG1521","CAST_COST","代償の術式","ATK","-1.0"
"PG1522","CAST_COST","代償の術式","DEF","-1.0"
"PG1523","CAST_COST","代償の術式","M_ATK","-1.0"
"PG1524","CAST_COST","代償の術式","M_DEF","-1.0"
"PG1525","P","確率の術式","1","0.0"
"PG1526","P","確率の術式","0.5","0.0"
"PG1527","P","確率の術式","0.25","0.0"
"PG1528","P","確率の術式","0.125","0.0"
"PG1529","P","確率の術式","0.0625","0.0"
"PG1530","P","確率の術式","0.03125","0.0"
"PG1531","P","確率の術式","0.015625","0.0"
"PG1532","ADD_ATTRIN","属性値変更の術式","ALCHEMY","1.0"
"PG1533","ADD_ATTRIN","属性値変更の術式","SPACE_TIME","1.0"
"PG1534","ADD_ATTRIN","属性値変更の術式","ALCHEMY","0.5"
"PG1535","ADD_ATTRIN","属性値変更の術式","SPACE_TIME","0.5"
"PG1536","ADD_ATTRIN","属性値変更の術式","ALCHEMY","0.25"
"PG1537","ADD_ATTRIN","属性値変更の術式","SPACE_TIME","0.25"
"PG1538","ADD_ATTRIN","属性値変更の術式","ALCHEMY","0.125"
"PG1539","ADD_ATTRIN","属性値変更の術式","SPACE_TIME","0.125"
"PG1540","ADD_ATTRIN","属性値変更の術式","ALCHEMY","0.0625"
"PG1541","ADD_ATTRIN","属性値変更の術式","SPACE_TIME","0.0625"
"PG1542","ADD_ATTRIN","属性値変更の術式","ALCHEMY","0.03125"
"PG1543","ADD_ATTRIN","属性値変更の術式","SPACE_TIME","0.03125"
"PG1544","ADD_ATTRIN","属性値変更の術式","ALCHEMY","0.015625"
"PG1545","ADD_ATTRIN","属性値変更の術式","SPACE_TIME","0.015625"
"PG1546","ADD_ATTRIN","属性値変更の術式","ALCHEMY","-1.0"
"PG1547","ADD_ATTRIN","属性値変更の術式","SPACE_TIME","-1.0"
"PG1548","ADD_ATTRIN","属性値変更の術式","ALCHEMY","-0.5"
"PG1549","ADD_ATTRIN","属性値変更の術式","SPACE_TIME","-0.5"
"PG1550","ADD_ATTRIN","属性値変更の術式","ALCHEMY","-0.25"
"PG1551","ADD_ATTRIN","属性値変更の術式","SPACE_TIME","-0.25"
"PG1552","ADD_ATTRIN","属性値変更の術式","ALCHEMY","-0.125"
"PG1553","ADD_ATTRIN","属性値変更の術式","SPACE_TIME","-0.125"
"PG1554","ADD_ATTRIN","属性値変更の術式","ALCHEMY","-0.0625"
"PG1555","ADD_ATTRIN","属性値変更の術式","SPACE_TIME","-0.0625"
"PG1556","ADD_ATTRIN","属性値変更の術式","ALCHEMY","-0.03125"
"PG1557","ADD_ATTRIN","属性値変更の術式","SPACE_TIME","-0.03125"
"PG1558","ADD_ATTRIN","属性値変更の術式","ALCHEMY","-0.015625"
"PG1559","ADD_ATTRIN","属性値変更の術式","SPACE_TIME","-0.015625"
"PG1560","HEAL_ATTRIN","属性値回復の術式","ALCHEMY","0.0"
"PG1561","HEAL_ATTRIN","属性値回復の術式","SPACE_TIME","0.0"
"PG1562","SET_ATTR","属性の術式","ALCHEMY","0.0"
